checkpoint,checkpoint_kind,checkpoint_epoch,image_id,true_class,true_label,hard_competitor,hard_competitor_label,clean_loss,clean_true_prob,clean_competitor_prob,clean_margin,clean_prediction,correct_clean,clean_grad_norm,null_cosine,null_partner_image_id,null_partner_same_class
init,init,-1,3891,67,66,46,45,5.3293362,0.0048472867,0.018442538,-0.013595251,46,False,51.102097,,-1,False
init,init,-1,5405,93,92,8,7,5.1508222,0.0057946388,0.029260879,-0.023466241,8,False,47.882935,-0.010250758,3891,False
init,init,-1,920,17,16,129,128,4.9145832,0.0073387772,0.019088544,-0.011749767,129,False,53.14519,-0.011167811,5405,False
init,init,-1,5043,87,86,86,85,5.2474413,0.0052609635,0.024980288,-0.019719325,86,False,41.36594,-0.059690431,920,False
init,init,-1,11743,200,199,4,3,6.0833826,0.002280449,0.028298527,-0.026018078,4,False,43.434458,0.016497653,5043,False
init,init,-1,3563,62,61,96,95,4.3069057,0.013475179,0.030096956,-0.016621777,96,False,48.379071,0.027892697,11743,False
init,init,-1,956,18,17,129,128,5.763206,0.0031410253,0.034322821,-0.031181795,129,False,56.98135,-0.047547308,3563,False
init,init,-1,11179,190,189,129,128,5.5132542,0.004032963,0.027209336,-0.023176373,129,False,54.008683,0.019861203,956,False
init,init,-1,4184,72,71,90,89,5.3834085,0.0045921439,0.031670053,-0.027077909,90,False,66.212546,-0.029072623,11179,False
init,init,-1,881,16,15,4,3,5.4521208,0.0042872033,0.018567296,-0.014280092,4,False,39.916883,-0.016654112,4184,False
init,init,-1,2199,39,38,129,128,5.0256996,0.006566992,0.033056118,-0.026489126,129,False,43.636703,-0.010132859,881,False
init,init,-1,4531,78,77,129,128,6.6057472,0.0013525723,0.026309306,-0.024956733,129,False,49.114749,-0.023888936,2199,False
init,init,-1,782,15,14,129,128,5.9487257,0.0026091633,0.021578405,-0.018969242,129,False,39.85669,0.031552957,4531,False
init,init,-1,3068,53,52,8,7,5.3219042,0.0048834444,0.033176355,-0.028292911,8,False,53.963995,0.0067494137,782,False
init,init,-1,1464,27,26,129,128,6.1092343,0.0022222518,0.039057195,-0.036834943,129,False,70.450274,-0.01610799,3068,False
init,init,-1,11718,199,198,129,128,6.5585804,0.0014178973,0.047483351,-0.046065454,129,False,60.953016,0.0051791416,1464,False
init,init,-1,736,14,13,4,3,5.6113739,0.0036560418,0.079039358,-0.075383316,4,False,64.572699,-0.024287884,11718,False
init,init,-1,10670,182,181,168,167,5.3139286,0.0049225516,0.02699556,-0.022073009,168,False,43.943068,-0.051288899,736,False
init,init,-1,7916,135,134,8,7,6.0124598,0.0024480599,0.034637392,-0.032189332,8,False,51.100958,0.021080212,10670,False
init,init,-1,8376,143,142,8,7,6.9328356,0.00097523187,0.025802363,-0.024827131,8,False,71.393619,-0.022008249,7916,False
init,init,-1,4061,70,69,114,113,5.1326265,0.0059010414,0.031875111,-0.02597407,114,False,53.972044,-0.0047919859,8376,False
init,init,-1,6612,113,112,4,3,5.6903148,0.0033785293,0.029706012,-0.026327483,4,False,52.005001,-0.013850053,4061,False
init,init,-1,6151,106,105,46,45,6.5250211,0.0014662881,0.023845958,-0.022379669,46,False,55.350392,-0.016474174,6612,False
init,init,-1,4937,85,84,86,85,5.1803188,0.0056262105,0.016969247,-0.011343036,86,False,46.292587,-0.034368542,6151,False
init,init,-1,6726,115,114,129,128,5.424921,0.0044054147,0.048142422,-0.043737007,129,False,53.91058,0.032117773,4937,False
init,init,-1,8770,150,149,13,12,4.6866789,0.0092172502,0.017175926,-0.0079586757,13,False,47.357396,-0.0051894764,6726,False
init,init,-1,4112,71,70,86,85,5.512547,0.0040358147,0.019761074,-0.01572526,86,False,44.010878,-0.047321955,8770,False
init,init,-1,6465,111,110,129,128,5.2289753,0.0053590131,0.021432154,-0.016073141,129,False,42.586811,-0.022439556,4112,False
init,init,-1,2001,36,35,129,128,5.3563004,0.0047183307,0.027341807,-0.022623477,129,False,46.661925,0.0046974464,6465,False
init,init,-1,7827,134,133,58,57,4.9844561,0.006843498,0.019654281,-0.012810783,58,False,34.293027,-0.029533559,2001,False
init,init,-1,11579,197,196,58,57,6.2188253,0.001991584,0.019549847,-0.017558263,58,False,45.42022,-0.01142811,7827,False
init,init,-1,7688,132,131,129,128,5.3068366,0.0049575847,0.02813144,-0.023173856,129,False,51.691517,-0.0079523438,11579,False
init,init,-1,6623,114,113,95,94,5.3123636,0.0049302601,0.024293818,-0.019363557,95,False,45.806333,0.018409639,7688,False
init,init,-1,2550,45,44,153,152,4.9235039,0.0072735995,0.022120275,-0.014846675,153,False,59.353643,0.009331964,6623,False
init,init,-1,6381,109,108,171,170,5.5496912,0.0038886573,0.022828557,-0.018939899,171,False,44.3468,-0.010920574,2550,False
init,init,-1,10708,182,181,168,167,5.4849153,0.0041488861,0.021132428,-0.016983542,168,False,42.76728,0.0005280901,6381,False
init,init,-1,479,9,8,100,99,5.6990519,0.0033491382,0.032852188,-0.02950305,100,False,57.606896,0.04592075,10708,False
init,init,-1,4952,85,84,129,128,5.2604251,0.0051930971,0.021840779,-0.016647682,129,False,48.505736,-0.019727242,479,False
init,init,-1,10656,181,180,183,182,5.1817474,0.0056181806,0.030937815,-0.025319634,183,False,46.981751,-0.060645768,4952,False
init,init,-1,3630,63,62,8,7,5.2700615,0.0051432932,0.020915059,-0.015771766,8,False,36.233975,-0.001824172,10656,False
init,init,-1,10772,183,182,168,167,4.7983146,0.0082436297,0.019091452,-0.010847822,168,False,45.500266,0.011022425,3630,False
init,init,-1,4129,71,70,90,89,5.9692774,0.0025560881,0.033915307,-0.031359219,90,False,56.485481,-0.018663577,10772,False
init,init,-1,11036,188,187,171,170,6.3947783,0.0016702564,0.02845744,-0.026787184,171,False,66.080575,-0.023037917,4129,False
init,init,-1,5450,94,93,8,7,5.5763049,0.003786531,0.050384462,-0.046597931,8,False,69.920855,0.06167811,11036,False
init,init,-1,4776,82,81,129,128,6.2262459,0.0019768598,0.025090007,-0.023113147,129,False,49.433543,-0.0034721358,5450,False
init,init,-1,6166,106,105,183,182,6.5056176,0.0014950173,0.023968745,-0.022473728,183,False,61.499908,-0.014769294,4776,False
init,init,-1,6776,116,115,129,128,4.7026277,0.0090714097,0.031774722,-0.022703312,129,False,52.869029,0.00070600159,6166,False
init,init,-1,5910,101,100,55,54,7.8469381,0.00039094721,0.025688862,-0.025297915,55,False,59.068099,-0.030729043,6776,False
init,init,-1,2998,52,51,8,7,5.3839002,0.0045898859,0.023581877,-0.018991991,8,False,46.456943,0.0048557907,5910,False
init,init,-1,3365,58,57,100,99,4.5373688,0.010701529,0.035257429,-0.0245559,100,False,61.360789,-0.00087115543,2998,False
init,init,-1,10968,187,186,46,45,6.296114,0.0018434551,0.034511194,-0.032667739,46,False,83.806578,0.031352832,3365,False
init,init,-1,10980,187,186,8,7,5.4984226,0.0040932228,0.026884589,-0.022791367,8,False,56.597493,0.38525639,10968,True
init,init,-1,9585,163,162,129,128,6.7553921,0.0011645828,0.026455414,-0.025290831,129,False,42.260547,0.023634943,10980,False
init,init,-1,5511,95,94,90,89,4.831718,0.0079728123,0.027424833,-0.019452021,90,False,55.481003,-0.010474467,9585,False
init,init,-1,1671,30,29,114,113,5.3660688,0.0046724635,0.02044609,-0.015773627,114,False,52.673234,0.033801248,5511,False
init,init,-1,3774,65,64,8,7,5.146821,0.0058178687,0.021351637,-0.015533769,8,False,42.352237,0.027803801,1671,False
init,init,-1,10791,184,183,8,7,5.2445779,0.005276049,0.021530872,-0.016254823,8,False,54.82229,0.0023265118,3774,False
init,init,-1,269,5,4,129,128,5.381865,0.0045992355,0.02342893,-0.018829694,129,False,53.336793,0.066076951,10791,False
init,init,-1,4032,70,69,129,128,5.0489511,0.0064160591,0.052226245,-0.045810186,129,False,56.10182,0.0076163323,269,False
init,init,-1,5581,96,95,56,55,5.8768606,0.0028035732,0.020859323,-0.01805575,56,False,59.537661,0.0086586855,4032,False
init,init,-1,9536,163,162,129,128,7.5317545,0.0005357975,0.031109834,-0.030574037,129,False,65.874944,0.047312231,5581,False
init,init,-1,2615,46,45,27,26,3.9440184,0.019370217,0.024991952,-0.005621735,27,False,61.882478,-0.058534895,9536,False
init,init,-1,2793,49,48,46,45,5.7071199,0.0033222272,0.031461194,-0.028138967,46,False,48.253554,-0.010612411,2615,False
init,init,-1,8764,150,149,129,128,3.5801337,0.027871974,0.050819706,-0.022947732,129,False,49.712622,-0.059647178,2793,False
init,init,-1,2169,38,37,129,128,4.8469205,0.0078525217,0.024166064,-0.016313543,129,False,43.354543,0.023912157,8764,False
init,init,-1,2664,47,46,46,45,6.2389717,0.0019518622,0.022874987,-0.020923125,46,False,55.890703,0.017880784,2169,False
init,init,-1,6240,107,106,129,128,5.1054096,0.0060638534,0.029031264,-0.02296741,129,False,45.392965,-0.02591064,2664,False
init,init,-1,10156,173,172,129,128,4.3818955,0.012501637,0.035349097,-0.022847461,129,False,46.870577,0.018465975,6240,False
init,init,-1,9794,167,166,183,182,7.05931,0.0008593711,0.020912673,-0.020053302,183,False,48.182513,-0.083529481,10156,False
init,init,-1,9937,169,168,129,128,6.313447,0.0018117774,0.026884111,-0.025072333,129,False,42.861247,0.0065675621,9794,False
init,init,-1,9237,158,157,129,128,6.6920285,0.0012407632,0.028043605,-0.026802842,129,False,50.91797,0.096549137,9937,False
init,init,-1,8240,141,140,129,128,3.7568495,0.023357211,0.031839576,-0.0084823649,129,False,53.44069,-0.039770168,9237,False
init,init,-1,2115,38,37,129,128,5.1276455,0.0059305066,0.046794932,-0.040864426,129,False,59.143651,-0.035068518,8240,False
init,init,-1,2563,45,44,129,128,4.610146,0.009950364,0.021003768,-0.011053404,129,False,50.643849,0.021664496,2115,False
init,init,-1,2526,44,43,171,170,4.099267,0.016584827,0.032895152,-0.016310325,171,False,64.701988,0.018370721,2563,False
init,init,-1,6959,119,118,129,128,6.2455282,0.0019391055,0.023120083,-0.021180977,129,False,54.442375,0.011921758,2526,False
init,init,-1,10368,177,176,4,3,5.9026899,0.0027320853,0.025679989,-0.022947903,4,False,55.638913,-0.04211832,6959,False
init,init,-1,6810,117,116,95,94,5.7594776,0.0031527574,0.02207897,-0.018926213,95,False,44.14081,0.033573809,10368,False
init,init,-1,1601,29,28,129,128,5.5747209,0.0037925341,0.039507236,-0.035714702,129,False,56.99563,-0.029212415,6810,False
init,init,-1,10767,183,182,58,57,4.1620889,0.015574993,0.02029491,-0.0047199177,58,False,53.532726,-0.073948292,1601,False
init,init,-1,138,3,2,8,7,5.0842381,0.0061936048,0.031007892,-0.024814287,8,False,49.825841,0.02309962,10767,False
init,init,-1,11555,197,196,129,128,6.0767498,0.0022956252,0.042741373,-0.040445748,129,False,55.092638,0.038297919,138,False
init,init,-1,5018,86,85,38,37,4.8931985,0.0074974061,0.017921126,-0.010423719,38,False,45.889559,0.028947331,11555,False
init,init,-1,10036,171,170,8,7,4.6043353,0.010008352,0.030363612,-0.02035526,8,False,47.999757,-0.03410427,5018,False
init,init,-1,6388,110,109,129,128,5.6478162,0.0035252071,0.046915658,-0.043390451,129,False,50.874655,-0.026257331,10036,False
init,init,-1,5211,90,89,140,139,4.7221928,0.0088956514,0.021158909,-0.012263258,140,False,49.835642,-0.014089698,6388,False
init,init,-1,7367,126,125,4,3,6.3898454,0.0016785158,0.021951672,-0.020273156,4,False,61.533349,-0.0068142276,5211,False
init,init,-1,290,6,5,129,128,6.3856478,0.0016855764,0.029601118,-0.027915541,129,False,50.455131,-0.0003870523,7367,False
init,init,-1,8666,148,147,129,128,4.0855074,0.016814603,0.048689108,-0.031874506,129,False,56.861176,-0.0052840457,290,False
init,init,-1,5144,88,87,129,128,5.3201756,0.0048918952,0.033733722,-0.028841827,129,False,59.706793,0.028246168,8666,False
init,init,-1,3275,57,56,90,89,6.4513721,0.0015783553,0.034667686,-0.03308933,90,False,61.669051,-0.01562898,5144,False
init,init,-1,113,2,1,96,95,4.233799,0.014497216,0.028135311,-0.013638095,96,False,53.159393,0.010844322,3275,False
init,init,-1,3819,66,65,186,185,5.2882247,0.0050507197,0.017908687,-0.012857967,186,False,42.228628,0.044987079,113,False
init,init,-1,9415,161,160,129,128,6.0828781,0.0022816001,0.038435522,-0.036153922,129,False,65.051447,0.057959775,3819,False
init,init,-1,1298,24,23,44,43,6.9473791,0.00096115057,0.032044496,-0.031083346,44,False,60.766828,-0.072225927,9415,False
init,init,-1,5560,95,94,28,27,5.1082063,0.0060469201,0.020760674,-0.014713754,28,False,41.858903,-0.043741069,1298,False
init,init,-1,10914,186,185,8,7,5.2693143,0.0051471381,0.017189369,-0.01204223,8,False,53.079359,0.031943394,5560,False
init,init,-1,4238,73,72,8,7,6.7692699,0.0011485331,0.035634059,-0.034485526,8,False,68.624561,-0.029292295,10914,False
init,init,-1,4661,80,79,129,128,6.350667,0.0017455821,0.037594918,-0.035849336,129,False,47.967863,-0.0014872877,4238,False
init,init,-1,2841,50,49,8,7,6.0717707,0.0023070839,0.018355265,-0.016048181,8,False,45.237961,-0.0030110059,4661,False
init,init,-1,6566,113,112,129,128,4.9838138,0.0068478975,0.023014031,-0.016166134,129,False,49.478567,-0.036239378,2841,False
init,init,-1,10350,176,175,129,128,5.7703624,0.0031186275,0.036956884,-0.033838256,129,False,56.700543,-0.0097488467,6566,False
init,init,-1,7555,129,128,8,7,3.0987194,0.045106933,0.036320563,0.0087863691,129,True,55.179896,-0.040283637,10350,False
init,init,-1,1074,20,19,88,87,5.6807475,0.0034110076,0.019981584,-0.016570576,88,False,42.298702,-0.062435852,7555,False
init,init,-1,7464,128,127,129,128,5.0409541,0.0064675747,0.019718159,-0.013250584,129,False,42.628587,-0.044472393,1074,False
init,init,-1,8913,152,151,129,128,5.8207936,0.0029652508,0.032601163,-0.029635912,129,False,48.760013,-0.020594372,7464,False
init,init,-1,3196,56,55,46,45,4.57582,0.010297853,0.019699449,-0.0094015962,46,False,47.715259,0.0014834702,8913,False
init,init,-1,8123,139,138,114,113,5.5832853,0.0037601921,0.030713987,-0.026953795,114,False,49.184224,-0.012026694,3196,False
init,init,-1,7080,121,120,129,128,6.2670975,0.0018977291,0.033101294,-0.031203565,129,False,49.576931,0.018786236,8123,False
init,init,-1,3435,60,59,186,185,5.0164642,0.0066279201,0.019193355,-0.012565435,186,False,40.979449,-0.0082804218,7080,False
init,init,-1,6277,108,107,129,128,5.6535525,0.0035050435,0.024236381,-0.020731338,129,False,48.95168,-0.0052765359,3435,False
init,init,-1,6248,107,106,129,128,4.5388479,0.010685711,0.028858257,-0.018172546,129,False,46.937996,-0.05606233,6277,False
init,init,-1,1241,23,22,129,128,6.767065,0.0011510683,0.024040028,-0.02288896,129,False,63.325107,0.037074718,6248,False
init,init,-1,11303,192,191,8,7,6.5243015,0.0014673432,0.025733219,-0.024265876,8,False,60.519296,0.052044571,1241,False
init,init,-1,6956,119,118,129,128,6.2858419,0.0018624879,0.045421708,-0.043559221,129,False,46.240228,0.047778524,11303,False
init,init,-1,9150,156,155,129,128,5.278367,0.005100755,0.029650046,-0.024549291,129,False,41.381951,0.016735639,6956,False
init,init,-1,1514,27,26,58,57,4.5664768,0.010394518,0.026252808,-0.01585829,58,False,52.163982,-0.015923176,9150,False
init,init,-1,1639,29,28,129,128,5.9471655,0.0026132378,0.029574845,-0.026961607,129,False,52.078554,0.034491987,1514,False
init,init,-1,1375,25,24,8,7,4.6868501,0.0092156678,0.023703309,-0.014487641,8,False,57.813068,-0.024872733,1639,False
init,init,-1,4127,71,70,100,99,6.0630245,0.0023273514,0.027580483,-0.025253132,100,False,54.382067,-0.048435855,1375,False
init,init,-1,6533,112,111,129,128,5.8798208,0.0027952867,0.047881618,-0.045086331,129,False,51.808143,0.028504603,4127,False
init,init,-1,7844,134,133,114,113,5.0499406,0.006409714,0.016445342,-0.010035628,114,False,44.154631,-0.025571902,6533,False
init,init,-1,8500,145,144,114,113,6.1261048,0.002185076,0.023803458,-0.021618382,114,False,45.126497,-0.0066084445,7844,False
init,init,-1,7770,133,132,129,128,5.7558537,0.0031642048,0.04659168,-0.043427476,129,False,53.752195,-0.035087004,8500,False
init,init,-1,9211,157,156,129,128,5.4021425,0.0045069144,0.018955315,-0.0144484,129,False,40.746955,-0.028257519,7770,False
init,init,-1,2502,44,43,8,7,4.9846535,0.0068421476,0.035805888,-0.028963741,8,False,61.051031,-0.013893502,9211,False
init,init,-1,8194,140,139,129,128,4.6154895,0.0098973364,0.021854112,-0.011956776,129,False,43.962752,-0.039371459,2502,False
init,init,-1,1426,26,25,58,57,5.5671096,0.0038215104,0.028984014,-0.025162504,58,False,54.386122,0.010701131,8194,False
init,init,-1,8057,138,137,129,128,6.3923721,0.0016742799,0.031489767,-0.029815487,129,False,48.779762,0.019009153,1426,False
init,init,-1,1802,32,31,129,128,5.4821119,0.0041605323,0.02189552,-0.017734988,129,False,52.156476,0.0097101766,8057,False
init,init,-1,4599,79,78,8,7,6.1652484,0.0021011964,0.024748567,-0.022647371,8,False,54.107536,-0.032975471,1802,False
init,init,-1,5159,89,88,10,9,6.6091909,0.0013479224,0.026569432,-0.025221509,10,False,53.533772,0.025584704,4599,False
init,init,-1,8734,149,148,127,126,6.1680808,0.0020952532,0.016024485,-0.013929232,127,False,40.787576,0.0092767583,5159,False
init,init,-1,4520,78,77,129,128,6.4260645,0.0016188086,0.020809351,-0.019190542,129,False,44.446384,0.087035266,8734,False
init,init,-1,1188,22,21,8,7,5.3413358,0.0047894693,0.021695951,-0.016906482,8,False,50.424647,0.028523056,4520,False
init,init,-1,264,5,4,8,7,5.3159637,0.0049125417,0.031529624,-0.026617082,8,False,52.736679,-0.046333193,1188,False
init,init,-1,1749,31,30,129,128,6.6283832,0.0013222991,0.050921403,-0.049599104,129,False,59.631407,0.030226461,264,False
init,init,-1,11302,192,191,129,128,5.3545561,0.0047265678,0.046888623,-0.042162056,129,False,55.048958,-0.088599052,1749,False
init,init,-1,2933,51,50,8,7,6.0911398,0.0022628277,0.026019312,-0.023756485,8,False,51.668865,0.00025237112,11302,False
init,init,-1,9650,164,163,129,128,6.2343035,0.0019609954,0.021879211,-0.019918216,129,False,52.54806,0.037388338,2933,False
init,init,-1,10149,173,172,171,170,4.6571383,0.0094935903,0.031962018,-0.022468428,171,False,52.858403,-0.0080011683,9650,False
init,init,-1,2467,43,42,129,128,5.2710085,0.0051384266,0.029963184,-0.024824758,129,False,48.473672,-0.020832426,10149,False
init,init,-1,6135,105,104,58,57,5.7158756,0.0032932649,0.03560622,-0.032312955,58,False,62.611589,-0.029788589,2467,False
init,init,-1,1581,28,27,171,170,5.2522869,0.0052355304,0.027911821,-0.022676291,171,False,61.16489,0.071262283,6135,False
init,init,-1,8782,150,149,129,128,4.4714961,0.011430202,0.025161287,-0.013731085,129,False,43.015461,-0.028482768,1581,False
init,init,-1,8635,147,146,140,139,5.742527,0.0032066554,0.017560698,-0.014354043,140,False,48.638923,-0.0016149337,8782,False
init,init,-1,566,11,10,129,128,5.8068185,0.0030069817,0.025979904,-0.022972923,129,False,46.672525,-0.051026402,8635,False
init,init,-1,8751,149,148,129,128,5.9473014,0.0026128818,0.025123671,-0.022510789,129,False,42.804273,0.022932712,566,False
init,init,-1,6529,112,111,183,182,5.9603376,0.0025790413,0.035643723,-0.033064682,183,False,58.224103,0.0036348246,8751,False
init,init,-1,4639,80,79,8,7,6.0785236,0.0022915569,0.045461558,-0.043170001,8,False,61.045583,0.1274921,6529,False
init,init,-1,10452,178,177,171,170,6.3413539,0.001761915,0.031709936,-0.02994802,171,False,46.22813,0.021827974,4639,False
init,init,-1,8335,142,141,8,7,5.6101565,0.0036604966,0.033621211,-0.029960714,8,False,60.174111,0.022335855,10452,False
init,init,-1,1149,21,20,46,45,5.3344564,0.0048225322,0.033747271,-0.028924739,46,False,47.668824,-0.015764762,8335,False
init,init,-1,4254,73,72,44,43,7.2783747,0.00069030683,0.0243144,-0.023624093,44,False,58.601745,0.0079515087,1149,False
init,init,-1,4526,78,77,129,128,6.3527689,0.0017419169,0.038495522,-0.036753605,129,False,51.651636,-0.016140769,4254,False
init,init,-1,4356,75,74,129,128,5.1217594,0.0059655197,0.023414072,-0.017448552,129,False,46.105825,0.0729429,4526,False
init,init,-1,2372,42,41,129,128,5.8202176,0.0029669593,0.023194335,-0.020227376,129,False,35.921367,-0.0017743513,4356,False
init,init,-1,9117,156,155,129,128,5.8397264,0.0029096385,0.027344305,-0.024434667,129,False,45.349556,-0.043123586,2372,False
init,init,-1,6481,111,110,129,128,5.3151436,0.0049165739,0.024736442,-0.019819868,129,False,49.465758,0.0061152908,9117,False
init,init,-1,1855,33,32,183,182,5.5665174,0.0038237737,0.024648014,-0.020824241,183,False,48.177602,-0.002750651,6481,False
init,init,-1,7482,128,127,4,3,5.2320051,0.005342803,0.03873942,-0.033396618,4,False,47.980015,-0.019668477,1855,False
init,init,-1,641,12,11,129,128,5.252501,0.005234411,0.023467066,-0.018232655,129,False,51.383181,0.0068726641,7482,False
init,init,-1,3930,68,67,114,113,5.1268806,0.0059350478,0.023227284,-0.017292236,114,False,53.388611,-0.058908087,641,False
init,init,-1,2088,37,36,129,128,5.0970612,0.0061146924,0.032148536,-0.026033844,129,False,44.86299,0.041567993,3930,False
init,init,-1,3431,60,59,140,139,5.112637,0.0060201865,0.015934557,-0.0099143703,140,False,40.895939,0.037166177,2088,False
init,init,-1,2718,48,47,86,85,6.1334028,0.0021691862,0.017043762,-0.014874576,86,False,41.220286,-0.027957251,3431,False
init,init,-1,415,8,7,129,128,4.2015238,0.014972746,0.021192838,-0.0062200911,129,False,51.290473,0.008718811,2718,False
init,init,-1,9953,170,169,129,128,5.739747,0.0032155812,0.023106307,-0.019890726,129,False,45.509724,0.021534584,415,False
init,init,-1,2684,47,46,8,7,6.3678961,0.0017157652,0.020400032,-0.018684267,8,False,48.737857,0.0040072436,9953,False
init,init,-1,4006,69,68,38,37,5.4773626,0.004180341,0.020964772,-0.01678443,38,False,50.157369,-0.01123663,2684,False
init,init,-1,148,3,2,96,95,5.6783762,0.0034191054,0.024567381,-0.021148275,96,False,48.532148,0.031318718,4006,False
init,init,-1,1017,19,18,129,128,6.1197071,0.0021991001,0.041639578,-0.039440477,129,False,58.084607,-0.046306477,148,False
init,init,-1,671,13,12,129,128,5.5891247,0.0037382985,0.031094767,-0.027356469,129,False,58.173077,0.024870921,1017,False
init,init,-1,151,3,2,150,149,5.6937613,0.0033669053,0.042290375,-0.038923469,150,False,64.424074,0.028448242,671,False
init,init,-1,4617,80,79,129,128,6.1207013,0.0021969145,0.026749903,-0.024552989,129,False,48.744509,0.056078722,151,False
init,init,-1,7287,125,124,129,128,5.6417265,0.0035467399,0.021917703,-0.018370963,129,False,45.878441,0.022863823,4617,False
init,init,-1,9512,162,161,8,7,5.5609355,0.0038451781,0.018497668,-0.01465249,8,False,44.174391,-0.015620065,7287,False
init,init,-1,10901,185,184,129,128,6.3342896,0.0017744056,0.043223333,-0.041448927,129,False,65.905,0.044271071,9512,False
init,init,-1,3701,64,63,186,185,5.9301348,0.0026581236,0.03069612,-0.028037996,186,False,53.729044,0.044222646,10901,False
init,init,-1,4894,84,83,96,95,5.4872894,0.0041390467,0.0436076,-0.039468553,96,False,58.68232,0.042224119,3701,False
init,init,-1,7407,127,126,46,45,5.066916,0.0063018259,0.021168249,-0.014866423,46,False,49.579923,-0.0071622324,4894,False
init,init,-1,4422,76,75,129,128,5.7361736,0.003227093,0.041063763,-0.03783667,129,False,50.220451,-0.02570807,7407,False
init,init,-1,6208,107,106,129,128,5.0131083,0.006650201,0.023134636,-0.016484435,129,False,41.254079,-0.0044900579,4422,False
init,init,-1,7375,126,125,129,128,7.0662012,0.0008534693,0.031948775,-0.031095306,129,False,57.371953,-0.00080504238,6208,False
init,init,-1,3555,62,61,129,128,5.4317193,0.0043755672,0.030638959,-0.026263392,129,False,54.245936,-0.015294026,7375,False
init,init,-1,9793,167,166,129,128,6.4094057,0.0016460022,0.022008475,-0.020362473,129,False,48.560753,0.01852013,3555,False
init,init,-1,303,6,5,129,128,6.7487621,0.0011723301,0.05391613,-0.0527438,129,False,56.481616,0.023001365,9793,False
init,init,-1,9474,162,161,4,3,6.3972826,0.001666078,0.022586863,-0.020920785,4,False,57.305001,-0.021169175,303,False
init,init,-1,4449,77,76,88,87,5.1735501,0.0056644231,0.024869209,-0.019204786,88,False,44.991751,0.0087239523,9474,False
init,init,-1,4363,75,74,129,128,5.2472014,0.005262224,0.029682426,-0.024420202,129,False,53.450136,-0.0073484068,4449,False
init,init,-1,6394,110,109,129,128,5.580514,0.0037706285,0.021643015,-0.017872386,129,False,41.378781,-0.038624928,4363,False
init,init,-1,5235,90,89,46,45,5.1966391,0.005535136,0.0377157,-0.032180564,46,False,59.714524,0.017134354,6394,False
init,init,-1,9193,157,156,129,128,5.7144938,0.0032978186,0.024912484,-0.021614665,129,False,39.644958,-0.049236809,5235,False
init,init,-1,3990,69,68,171,170,5.1875725,0.0055855503,0.039994054,-0.034408503,171,False,54.591159,-0.0049490822,9193,False
init,init,-1,1790,32,31,129,128,6.8298273,0.0010810449,0.029557141,-0.028476096,129,False,67.150191,-0.0064780047,3990,False
init,init,-1,181,4,3,129,128,3.3113148,0.036468189,0.053003687,-0.016535498,129,False,75.090457,0.028113348,1790,False
init,init,-1,710,13,12,114,113,5.9218931,0.0026801224,0.016374579,-0.013694456,114,False,40.362862,0.027079571,181,False
init,init,-1,11178,190,189,8,7,5.9167709,0.0026938838,0.023830788,-0.021136904,8,False,58.613957,0.01365606,710,False
init,init,-1,5845,100,99,8,7,5.4244533,0.0044074762,0.029947869,-0.025540393,8,False,54.185694,0.023767448,11178,False
init,init,-1,8544,146,145,129,128,6.7526655,0.001167763,0.033514805,-0.032347042,129,False,59.471686,-0.037805097,5845,False
init,init,-1,6326,109,108,129,128,5.2857866,0.0050630486,0.043160193,-0.038097144,129,False,48.253857,0.025739969,8544,False
init,init,-1,4683,81,80,129,128,6.6624489,0.0012780126,0.025647689,-0.024369676,129,False,52.107991,-0.0076116752,6326,False
init,init,-1,9125,156,155,46,45,5.8555436,0.0028639783,0.023433851,-0.020569873,46,False,41.263323,-0.0035067135,4683,False
init,init,-1,3979,69,68,114,113,4.943819,0.0071273255,0.017174006,-0.01004668,114,False,48.552439,-0.079694521,9125,False
init,init,-1,6330,109,108,4,3,5.9372873,0.0026391787,0.034424778,-0.031785599,4,False,54.503876,-0.014038733,3979,False
init,init,-1,1259,23,22,129,128,6.5075502,0.0014921308,0.023807636,-0.022315505,129,False,76.202609,-0.034359048,6330,False
init,init,-1,7930,136,135,46,45,5.8448544,0.0028947568,0.026280684,-0.023385928,46,False,53.456176,0.0043839664,1259,False
init,init,-1,2286,40,39,129,128,5.3903966,0.0045601651,0.03649256,-0.031932395,129,False,50.42303,0.062807752,7930,False
init,init,-1,6891,118,117,129,128,5.5902905,0.0037339425,0.029616226,-0.025882283,129,False,45.064674,-0.010431024,2286,False
init,init,-1,9317,159,158,28,27,5.5948257,0.0037170472,0.024841854,-0.021124807,28,False,45.812575,-0.0043295741,6891,False
init,init,-1,2279,40,39,129,128,5.1844673,0.00560292,0.019848639,-0.014245719,129,False,56.762706,-0.0072798821,9317,False
init,init,-1,11516,196,195,4,3,5.9891977,0.0025056726,0.020064253,-0.017558581,4,False,52.190065,0.062097906,2279,False
init,init,-1,1717,31,30,129,128,6.5129066,0.0014841596,0.028320579,-0.026836419,129,False,47.224795,-0.030682202,11516,False
init,init,-1,3371,59,58,8,7,5.4802632,0.0041682324,0.020045865,-0.015877633,8,False,46.670143,0.00776667,1717,False
init,init,-1,11075,189,188,129,128,5.8925495,0.0027599321,0.068603344,-0.065843412,129,False,61.700559,0.030423917,3371,False
init,init,-1,2038,36,35,8,7,5.4867783,0.0041411645,0.02631834,-0.022177175,8,False,44.47742,0.050902219,11075,False
init,init,-1,6845,117,116,129,128,5.1529484,0.0057823309,0.051361121,-0.04557879,129,False,59.011684,-0.037782193,2038,False
init,init,-1,7382,126,125,129,128,6.635602,0.0013127887,0.038209494,-0.036896706,129,False,61.679661,0.043868556,6845,False
init,init,-1,3016,53,52,8,7,4.9912353,0.0067972629,0.027216431,-0.020419168,8,False,54.269165,0.022783375,7382,False
init,init,-1,5196,89,88,86,85,6.4211245,0.0016268262,0.018290769,-0.016663943,86,False,44.798548,0.032718875,3016,False
init,init,-1,4439,77,76,88,87,5.121151,0.0059691477,0.029318731,-0.023349584,88,False,51.833288,-0.030129672,5196,False
init,init,-1,11759,200,199,129,128,6.034256,0.0023952781,0.054844067,-0.052448788,129,False,64.360189,0.065218617,4439,False
init,init,-1,11421,194,193,129,128,5.8474512,0.0028872492,0.026608158,-0.023720909,129,False,56.484241,-0.033872796,11759,False
init,init,-1,3928,68,67,129,128,5.542387,0.0039171651,0.02240029,-0.018483125,129,False,55.393839,0.019342536,11421,False
init,init,-1,7969,136,135,129,128,5.5075579,0.0040559997,0.04152488,-0.03746888,129,False,53.519661,-0.044104493,3928,False
init,init,-1,1491,27,26,129,128,4.7905245,0.0083080968,0.025966616,-0.01765852,129,False,46.618716,0.0087548034,7969,False
init,init,-1,6000,103,102,58,57,5.1666603,0.0057035866,0.020235186,-0.0145316,58,False,42.522813,0.011287572,1491,False
init,init,-1,3208,56,55,46,45,4.987257,0.0068243593,0.047851656,-0.041027296,46,False,49.626937,0.0098620594,6000,False
init,init,-1,5522,95,94,114,113,5.3572712,0.0047137537,0.016873701,-0.012159947,114,False,38.450678,-0.024847781,3208,False
init,init,-1,8626,147,146,129,128,5.7783599,0.0030937847,0.020224666,-0.017130882,129,False,52.143924,0.018605702,5522,False
init,init,-1,1332,24,23,44,43,6.6059504,0.0013522973,0.020223791,-0.018871494,44,False,54.414792,0.020058179,8626,False
init,init,-1,3799,66,65,2,1,5.1445336,0.0058311936,0.019458154,-0.013626961,2,False,39.861659,-0.053753231,1332,False
init,init,-1,861,16,15,46,45,5.5662675,0.0038247292,0.021639155,-0.017814426,46,False,47.090607,-0.0048448404,3799,False
init,init,-1,8361,143,142,114,113,6.3565302,0.0017353776,0.025255954,-0.023520576,114,False,45.528995,0.021198305,861,False
init,init,-1,1973,35,34,129,128,5.298048,0.005001347,0.033575587,-0.02857424,129,False,43.318418,0.035157137,8361,False
init,init,-1,1837,33,32,4,3,6.0163193,0.0024386288,0.023787227,-0.021348598,4,False,56.539052,0.011484273,1973,False
init,init,-1,4840,83,82,4,3,6.2490005,0.0019323843,0.027127007,-0.025194623,4,False,53.316928,-0.0033269122,1837,False
init,init,-1,8917,152,151,129,128,5.7001247,0.0033455472,0.032824405,-0.029478857,129,False,48.657425,-0.062275609,4840,False
init,init,-1,2827,49,48,58,57,5.8579683,0.0028570422,0.023675278,-0.020818236,58,False,55.39861,-0.014023244,8917,False
init,init,-1,5699,98,97,129,128,4.7994528,0.0082342494,0.029539555,-0.021305306,129,False,46.730618,0.029708628,2827,False
init,init,-1,8653,148,147,129,128,5.0171618,0.0066232984,0.034792349,-0.02816905,129,False,58.322835,-0.0041090062,5699,False
init,init,-1,7111,122,121,129,128,4.9693131,0.0069479188,0.025801841,-0.018853922,129,False,46.175603,0.033933506,8653,False
init,init,-1,6416,110,109,129,128,5.6343317,0.0035730649,0.026988845,-0.02341578,129,False,50.963268,0.021155259,7111,False
init,init,-1,2343,41,40,129,128,5.0069613,0.0066912058,0.034871239,-0.028180033,129,False,58.051256,-0.016665829,6416,False
init,init,-1,7633,131,130,129,128,5.5472889,0.0038980108,0.022299098,-0.018401087,129,False,37.686252,-0.0090249286,2343,False
init,init,-1,1571,28,27,129,128,4.9113445,0.0073625809,0.03306688,-0.025704299,129,False,59.115982,-0.025572523,7633,False
init,init,-1,1952,35,34,129,128,5.0144863,0.0066410443,0.021684829,-0.015043785,129,False,39.221786,-0.018562786,1571,False
init,init,-1,8012,137,136,129,128,5.1250644,0.0059458339,0.032685537,-0.026739703,129,False,50.945765,-0.015636991,1952,False
init,init,-1,11532,196,195,129,128,5.7080469,0.0033191482,0.02790216,-0.024583012,129,False,46.927391,0.024399756,8012,False
init,init,-1,8107,139,138,4,3,6.7920227,0.0011226957,0.024894547,-0.023771851,4,False,59.580314,0.013757602,11532,False
init,init,-1,7871,135,134,90,89,5.8353148,0.0029225033,0.02746113,-0.024538627,90,False,46.45674,-0.019329068,8107,False
init,init,-1,1027,19,18,129,128,6.2352748,0.0019590911,0.020957038,-0.018997947,129,False,54.577306,-0.016642919,7871,False
init,init,-1,3069,53,52,45,44,4.974102,0.0069147265,0.025485806,-0.01857108,45,False,50.711706,0.018585387,1027,False
init,init,-1,9721,166,165,129,128,6.1398325,0.0021552846,0.037959889,-0.035804604,129,False,54.528157,-0.021024083,3069,False
init,init,-1,9988,170,169,129,128,5.6112714,0.0036564183,0.025812557,-0.022156139,129,False,44.764645,0.043378444,9721,False
init,init,-1,5099,88,87,129,128,5.1787639,0.0056349668,0.024525298,-0.018890331,129,False,47.550532,-0.05636457,9988,False
init,init,-1,10420,177,176,4,3,4.5286779,0.010794941,0.02126155,-0.010466609,4,False,56.892963,0.0013177982,5099,False
init,init,-1,3164,55,54,107,106,5.029933,0.0065392484,0.018760899,-0.012221651,107,False,36.793337,-0.051657193,10420,False
init,init,-1,8053,138,137,129,128,6.0988626,0.0022454201,0.020486204,-0.018240784,129,False,47.444853,0.018779923,3164,False
init,init,-1,8498,145,144,129,128,5.9119782,0.0027068264,0.016174311,-0.013467484,129,False,44.585081,0.0049301281,8053,False
init,init,-1,6675,115,114,129,128,5.6133504,0.0036488238,0.018864183,-0.015215359,129,False,41.159263,0.04938796,8498,False
init,init,-1,5635,97,96,127,126,5.8119078,0.0029917182,0.022047542,-0.019055824,127,False,39.562134,0.020853264,6675,False
init,init,-1,2888,50,49,38,37,5.6938267,0.0033666855,0.025894847,-0.022528161,38,False,53.848384,0.0019700134,5635,False
init,init,-1,3761,65,64,96,95,4.5016861,0.011090285,0.017477181,-0.0063868957,96,False,49.844673,-0.042419296,2888,False
init,init,-1,4768,82,81,129,128,5.683876,0.003400353,0.027652659,-0.024252306,129,False,50.318477,-0.00044957946,3761,False
init,init,-1,2152,38,37,4,3,4.7202468,0.0089129796,0.034617819,-0.025704839,4,False,57.669931,2.3454663e-05,4768,False
init,init,-1,4699,81,80,8,7,6.6385789,0.0013088859,0.02295549,-0.021646604,8,False,43.807971,0.0098088873,2152,False
init,init,-1,1229,22,21,171,170,4.9815235,0.0068636006,0.030638909,-0.023775308,171,False,52.720198,0.018347035,4699,False
init,init,-1,4770,82,81,129,128,5.3513989,0.0047415141,0.027191324,-0.02244981,129,False,46.152422,0.026286137,1229,False
init,init,-1,822,15,14,129,128,6.1570306,0.0021185346,0.02868918,-0.026570645,129,False,50.662992,0.055370627,4770,False
init,init,-1,11174,190,189,95,94,6.0192657,0.0024314546,0.028367076,-0.025935621,95,False,63.603837,-0.028063622,822,False
init,init,-1,1877,34,33,8,7,5.8686924,0.002826567,0.019647237,-0.01682067,8,False,56.432958,0.023902327,11174,False
init,init,-1,605,12,11,129,128,5.1750641,0.0056558549,0.025758298,-0.020102443,129,False,42.830704,-0.0063229261,1877,False
init,init,-1,5342,92,91,114,113,5.5539598,0.0038720937,0.019531762,-0.015659668,114,False,51.430643,0.0050960335,605,False
init,init,-1,4858,84,83,186,185,6.3391991,0.0017657155,0.056405149,-0.054639434,186,False,52.7111,0.010626219,5342,False
init,init,-1,10803,184,183,129,128,5.6538095,0.0035041419,0.032268465,-0.028764323,129,False,54.720227,0.038318072,4858,False
init,init,-1,5691,98,97,168,167,4.9988484,0.0067457105,0.018741753,-0.011996042,168,False,47.118814,0.00040232872,10803,False
init,init,-1,11484,195,194,129,128,6.6129875,0.0013428145,0.025593407,-0.024250593,129,False,65.794487,0.075781161,5691,False
init,init,-1,1299,24,23,129,128,6.9480925,0.00096046564,0.023188373,-0.022227907,129,False,51.568351,-0.02825716,11484,False
init,init,-1,9021,154,153,129,128,4.0987225,0.016593868,0.040935095,-0.024341227,129,False,60.225867,-0.045587113,1299,False
init,init,-1,11412,194,193,58,57,5.812439,0.0029901282,0.028826863,-0.025836734,58,False,53.429596,-0.028756692,9021,False
init,init,-1,10931,186,185,4,3,4.9219685,0.0072847763,0.022449356,-0.015164579,4,False,47.088568,0.0039078504,11412,False
init,init,-1,9559,163,162,4,3,5.9337659,0.0026484893,0.017769037,-0.015120547,4,False,41.893709,-0.053561664,10931,False
init,init,-1,72,2,1,186,185,4.5629277,0.010431474,0.022645453,-0.012213979,186,False,48.568039,-0.019283149,9559,False
init,init,-1,7761,133,132,129,128,5.7384453,0.0032197691,0.016284408,-0.013064639,129,False,39.541544,-0.057686048,72,False
init,init,-1,5287,91,90,4,3,4.8592491,0.0077563059,0.023374431,-0.015618125,4,False,54.633188,0.0021523009,7761,False
init,init,-1,4209,73,72,129,128,6.5734196,0.001397012,0.030614868,-0.029217856,129,False,56.146949,-0.038169986,5287,False
init,init,-1,8378,143,142,171,170,7.1217413,0.0008073597,0.023994792,-0.023187433,171,False,62.131537,0.063486659,4209,False
init,init,-1,1548,28,27,129,128,4.5766296,0.010289515,0.032913644,-0.022624128,129,False,62.228181,-0.1085118,8378,False
init,init,-1,9783,167,166,4,3,6.4496555,0.0015810661,0.019274389,-0.017693323,4,False,40.86072,-0.03468052,1548,False
init,init,-1,4267,74,73,4,3,4.8528504,0.0078060944,0.029545609,-0.021739515,4,False,52.126427,-0.066474973,9783,False
init,init,-1,5492,94,93,8,7,5.3224397,0.0048808325,0.024847394,-0.019966561,8,False,43.819435,0.0036244662,4267,False
init,init,-1,6081,104,103,129,128,6.0729671,0.002304326,0.019613884,-0.017309558,129,False,42.256628,0.016985832,5492,False
init,init,-1,7469,128,127,46,45,5.0608463,0.0063401912,0.027985675,-0.021645484,46,False,46.616026,-0.023346731,6081,False
init,init,-1,8975,153,152,129,128,5.330482,0.0048417356,0.035921052,-0.031079317,129,False,44.019631,-0.032573997,7469,False
init,init,-1,7079,121,120,129,128,6.4333739,0.0016070197,0.022901885,-0.021294866,129,False,48.406281,-0.021856635,8975,False
init,init,-1,7290,125,124,129,128,5.5837493,0.0037584472,0.027752396,-0.023993948,129,False,45.851034,-0.0087646713,7079,False
init,init,-1,6478,111,110,129,128,4.7768459,0.0084225247,0.038170323,-0.029747798,129,False,50.917798,0.011824682,7290,False
init,init,-1,7254,124,123,129,128,5.5790672,0.0037760863,0.026230713,-0.022454627,129,False,49.916066,-0.046685425,6478,False
init,init,-1,1704,31,30,66,65,6.2802405,0.0018729502,0.030176269,-0.028303319,66,False,62.105569,0.060819644,7254,False
init,init,-1,3415,59,58,55,54,5.4614677,0.0042473166,0.019721745,-0.015474428,55,False,40.315414,0.0010986016,1704,False
init,init,-1,9006,154,153,4,3,5.433723,0.0043668076,0.022529246,-0.018162439,4,False,50.120371,-0.012468411,3415,False
init,init,-1,6037,104,103,8,7,6.5204468,0.0014730109,0.024622459,-0.023149448,8,False,44.57115,0.027524316,9006,False
init,init,-1,6111,105,104,129,128,5.8066931,0.0030073589,0.024727171,-0.021719812,129,False,46.500939,0.004458728,6037,False
init,init,-1,5035,87,86,46,45,5.3679328,0.0046637631,0.025682436,-0.021018673,46,False,49.773083,0.0031657496,6111,False
init,init,-1,9757,166,165,129,128,5.6324153,0.0035799183,0.026650567,-0.023070648,129,False,49.380961,-0.00019416409,5035,False
init,init,-1,8411,144,143,129,128,6.5394669,0.0014452586,0.025613474,-0.024168215,129,False,52.370986,-0.044231043,9757,False
init,init,-1,10264,175,174,129,128,5.5647931,0.0038303733,0.022813005,-0.018982632,129,False,45.591057,0.0074003885,8411,False
init,init,-1,955,18,17,88,87,5.3291512,0.0048481841,0.020746268,-0.015898084,88,False,54.479384,0.0082972462,10264,False
init,init,-1,762,14,13,4,3,5.611691,0.0036548832,0.054154593,-0.05049971,4,False,44.062536,-0.02158041,955,False
init,init,-1,9402,160,159,129,128,4.8413792,0.0078961561,0.033855628,-0.025959472,129,False,50.752146,0.011321516,762,False
init,init,-1,11244,191,190,129,128,6.8677402,0.0010408263,0.029056549,-0.028015723,129,False,45.886095,-0.033270381,9402,False
init,init,-1,617,12,11,129,128,5.1184149,0.0059855008,0.047966234,-0.041980734,129,False,51.909936,0.042034786,11244,False
init,init,-1,10429,178,177,129,128,6.9450932,0.00096335058,0.032535657,-0.031572307,129,False,52.77588,-0.017883332,617,False
init,init,-1,7544,129,128,140,139,3.4880073,0.030561715,0.028605672,0.0019560438,129,True,48.200376,-0.032291089,10429,False
init,init,-1,6861,118,117,129,128,5.3607693,0.0046972902,0.028721947,-0.024024657,129,False,49.83801,-0.062146255,7544,False
init,init,-1,9382,160,159,129,128,4.6869159,0.0092150616,0.030637227,-0.021422165,129,False,40.961976,0.022693458,6861,False
init,init,-1,1415,26,25,129,128,5.2548008,0.0052223853,0.020071916,-0.014849531,129,False,46.812796,0.0059229717,9382,False
init,init,-1,1897,34,33,129,128,6.2475719,0.0019351476,0.043363832,-0.041428684,129,False,57.99979,-0.029179975,1415,False
init,init,-1,8323,142,141,129,128,5.2100916,0.0054611736,0.026059721,-0.020598547,129,False,50.748699,0.044381797,1897,False
init,init,-1,4275,74,73,46,45,4.9084492,0.0073839338,0.019389819,-0.012005886,46,False,47.073535,-0.014186124,8323,False
init,init,-1,4612,79,78,171,170,5.4271908,0.0043954263,0.023396416,-0.019000989,171,False,47.284745,0.026026326,4275,False
init,init,-1,5800,99,98,46,45,5.7415047,0.0032099343,0.015685804,-0.01247587,46,False,37.334483,0.010758696,4612,False
init,init,-1,7074,121,120,44,43,6.247817,0.0019346726,0.024426147,-0.022491475,44,False,49.009594,0.0097573156,5800,False
init,init,-1,2325,41,40,4,3,5.2591872,0.0051995292,0.032962311,-0.027762782,4,False,54.052002,0.0060255763,7074,False
init,init,-1,8526,146,145,96,95,6.8887329,0.0010192042,0.026961526,-0.025942322,96,False,57.89646,-0.020992372,2325,False
init,init,-1,6685,115,114,129,128,5.6497602,0.0035183614,0.032256115,-0.028737754,129,False,43.3759,-0.0069138155,8526,False
init,init,-1,15,1,0,96,95,6.4547977,0.001572957,0.052729748,-0.051156791,96,False,60.740614,0.0011616302,6685,False
init,init,-1,2402,42,41,129,128,5.2493486,0.0052509396,0.019589793,-0.014338853,129,False,42.800019,-0.020395075,15,False
init,init,-1,8836,151,150,129,128,6.4583502,0.0015673799,0.050319064,-0.048751684,129,False,49.527996,0.018209622,2402,False
init,init,-1,11647,198,197,129,128,5.6580772,0.00348922,0.023820389,-0.020331169,129,False,49.9044,-0.022072625,8836,False
init,init,-1,9326,159,158,129,128,5.0565152,0.00636771,0.02499589,-0.01862818,129,False,41.749935,0.0072968777,11647,False
init,init,-1,533,10,9,58,57,4.945991,0.0071118646,0.030530909,-0.023419044,58,False,63.544063,0.039343149,9326,False
init,init,-1,11755,200,199,129,128,6.1012545,0.0022400566,0.039124094,-0.036884037,129,False,56.361472,0.0046695702,533,False
init,init,-1,5637,97,96,140,139,5.7083111,0.0033182714,0.030225582,-0.026907311,140,False,55.607366,-0.0061961242,11755,False
init,init,-1,2487,44,43,8,7,4.5546722,0.010517947,0.025585163,-0.015067216,8,False,56.788961,-0.013413824,5637,False
init,init,-1,7243,124,123,4,3,5.7177691,0.0032870355,0.035897512,-0.032610476,4,False,51.097017,-0.0089023101,2487,False
init,init,-1,3438,60,59,8,7,4.9860544,0.0068325703,0.02700253,-0.02016996,8,False,50.503861,-0.034876986,7243,False
init,init,-1,2254,40,39,88,87,4.8736935,0.0076450771,0.029941866,-0.022296789,88,False,52.877771,-0.0042356944,3438,False
init,init,-1,368,7,6,129,128,6.344336,0.0017566687,0.023971822,-0.022215153,129,False,51.878613,0.015666253,2254,False
init,init,-1,11657,198,197,129,128,6.4055824,0.0016523071,0.037346233,-0.035693926,129,False,54.850023,0.05201426,368,False
init,init,-1,8625,147,146,96,95,6.1556091,0.0021215486,0.032758735,-0.030637186,96,False,50.649072,-0.0050743867,11657,False
init,init,-1,6663,114,113,129,128,5.0441031,0.0064472402,0.04429445,-0.03784721,129,False,42.340769,-0.0041705349,8625,False
init,init,-1,7200,123,122,46,45,5.2885313,0.0050491709,0.019388672,-0.014339501,46,False,43.61737,0.017222777,6663,False
init,init,-1,9896,169,168,107,106,6.852385,0.0010569319,0.021458311,-0.020401379,107,False,49.546621,-0.017990395,7200,False
init,init,-1,3746,65,64,8,7,5.6894169,0.0033815638,0.029073499,-0.025691935,8,False,58.67545,0.014454707,9896,False
init,init,-1,5003,86,85,2,1,5.0181417,0.0066168127,0.018839685,-0.012222873,2,False,50.869675,-0.03739827,3746,False
init,init,-1,5946,102,101,129,128,5.9507942,0.0026037719,0.029707331,-0.027103559,129,False,48.419067,-0.03704284,5003,False
init,init,-1,7141,122,121,129,128,5.1844606,0.0056029563,0.024044791,-0.018441835,129,False,44.298032,-0.028932947,5946,False
init,init,-1,3375,59,58,96,95,5.606843,0.0036726468,0.015855381,-0.012182734,96,False,36.457391,-0.063291896,7141,False
init,init,-1,1165,21,20,58,57,5.4243798,0.0044077993,0.034325954,-0.029918154,58,False,49.171315,-0.00058551762,3375,False
init,init,-1,1171,21,20,129,128,5.8562722,0.0028618921,0.033722457,-0.030860564,129,False,56.938915,0.39610558,1165,True
init,init,-1,6988,120,119,46,45,5.6230679,0.0036135379,0.037347723,-0.033734185,46,False,58.795084,-0.033883833,1171,False
init,init,-1,1860,33,32,129,128,5.8631883,0.0028421681,0.037780784,-0.034938616,129,False,51.90138,0.0069931347,6988,False
init,init,-1,7022,120,119,4,3,6.0095949,0.0024550818,0.026695549,-0.024240468,4,False,53.606946,0.019173083,1860,False
init,init,-1,9421,161,160,128,127,6.0965767,0.0022505592,0.01652375,-0.014273191,128,False,52.755358,0.0057591156,7022,False
init,init,-1,7272,125,124,129,128,5.2081585,0.0054717399,0.022558851,-0.017087111,129,False,45.894392,0.036742992,9421,False
init,init,-1,32,1,0,8,7,6.1776934,0.0020752093,0.032486331,-0.030411121,8,False,57.212378,0.048565747,7272,False
init,init,-1,8997,154,153,129,128,5.123847,0.0059530772,0.054563273,-0.048610196,129,False,53.224447,-0.019288974,32,False
init,init,-1,3145,55,54,4,3,6.0806894,0.0022866004,0.030512301,-0.028225701,4,False,49.470448,0.010621079,8997,False
init,init,-1,2386,42,41,129,128,5.1588402,0.0057483609,0.030740928,-0.024992567,129,False,53.021434,-0.0045469431,3145,False
init,init,-1,11332,193,192,58,57,5.9790277,0.0025312856,0.0342081,-0.031676815,58,False,55.615942,0.019899387,2386,False
init,init,-1,5359,92,91,129,128,5.4142027,0.0044528865,0.025644427,-0.021191541,129,False,49.847497,-0.032049241,11332,False
init,init,-1,2598,46,45,8,7,3.8201494,0.021924525,0.03606173,-0.014137205,8,False,59.506139,-0.037128101,5359,False
init,init,-1,388,8,7,140,139,3.4727733,0.031030854,0.026437888,0.0045929663,8,True,61.799766,-0.061967189,2598,False
init,init,-1,7936,136,135,46,45,5.903758,0.0027291686,0.032635517,-0.029906349,46,False,49.045908,0.028146659,388,False
init,init,-1,9947,169,168,129,128,6.4680376,0.001552269,0.021058869,-0.0195066,129,False,43.191087,0.02458042,7936,False
init,init,-1,5267,91,90,129,128,4.5652084,0.010407707,0.029060479,-0.018652773,129,False,56.26136,0.0053787687,9947,False
init,init,-1,9223,157,156,4,3,5.7959104,0.0030399612,0.026647659,-0.023607698,4,False,44.788827,0.01333366,5267,False
init,init,-1,10306,175,174,129,128,6.1702671,0.0020906774,0.033642989,-0.031552311,129,False,57.728278,-0.010610595,9223,False
init,init,-1,4853,84,83,171,170,5.8195162,0.0029690408,0.021232653,-0.018263613,171,False,55.300074,0.0032243994,10306,False
init,init,-1,10599,180,179,129,128,5.6587572,0.0034868477,0.024764156,-0.021277308,129,False,45.69787,0.016974977,4853,False
init,init,-1,912,17,16,102,101,5.0964231,0.0061185928,0.020132927,-0.014014334,102,False,50.021861,0.0011143742,10599,False
init,init,-1,9503,162,161,4,3,6.1852732,0.0020595386,0.031529758,-0.02947022,4,False,51.706168,0.014864528,912,False
init,init,-1,8233,141,140,8,7,4.7943673,0.0082762353,0.031028518,-0.022752283,8,False,50.4001,0.011171537,9503,False
init,init,-1,444,9,8,58,57,5.8897691,0.0027676157,0.02633322,-0.023565605,58,False,49.330587,0.020652102,8233,False
init,init,-1,2198,39,38,129,128,5.8433132,0.0028992214,0.040252954,-0.037353732,129,False,56.296629,-0.051615311,444,False
init,init,-1,10347,176,175,46,45,5.455977,0.0042707021,0.018000685,-0.013729983,46,False,39.085784,-0.0056361881,2198,False
init,init,-1,5285,91,90,129,128,4.8113914,0.0081365304,0.023954574,-0.015818044,129,False,49.534903,0.02430788,10347,False
init,init,-1,361,7,6,129,128,6.056654,0.0023422251,0.018268712,-0.015926487,129,False,46.292436,-0.044575068,5285,False
init,init,-1,8848,151,150,129,128,6.419291,0.0016298115,0.029829269,-0.028199458,129,False,59.931656,0.044523733,361,False
init,init,-1,2931,51,50,8,7,5.5116596,0.0040393965,0.030853814,-0.026814417,8,False,52.658352,-0.0054300543,8848,False
init,init,-1,2071,37,36,4,3,4.9713554,0.0069337436,0.022790562,-0.015856819,4,False,45.633326,-0.0059407196,2931,False
init,init,-1,662,13,12,28,27,5.5303659,0.0039645364,0.018584639,-0.014620102,28,False,46.297971,0.023827226,2071,False
init,init,-1,3271,57,56,8,7,5.5362029,0.0039414647,0.019887896,-0.015946432,8,False,44.484926,0.0034392619,662,False
init,init,-1,11283,192,191,129,128,5.8477745,0.0028863151,0.028504267,-0.025617952,129,False,49.379621,-0.024515746,3271,False
init,init,-1,9371,160,159,129,128,5.1930985,0.0055547697,0.031697493,-0.026142723,129,False,53.431553,-0.0066673414,11283,False
init,init,-1,511,10,9,114,113,5.0587626,0.0063534179,0.027664525,-0.021311108,114,False,49.613408,-6.3918174e-05,9371,False
init,init,-1,7106,122,121,129,128,5.5248013,0.0039866613,0.024165429,-0.020178768,129,False,46.153585,0.041392518,511,False
init,init,-1,6182,106,105,186,185,5.5529804,0.0038758898,0.044892244,-0.041016354,186,False,54.838139,0.0088490878,7106,False
init,init,-1,8405,144,143,140,139,6.684824,0.0012497351,0.021734282,-0.020484547,140,False,42.09413,0.021913089,6182,False
init,init,-1,2439,43,42,129,128,5.1225357,0.0059608896,0.02121757,-0.01525668,129,False,46.609661,0.016899827,8405,False
init,init,-1,9446,161,160,129,128,5.9860792,0.0025134999,0.030091593,-0.027578093,129,False,55.63694,0.036783647,2439,False
init,init,-1,3497,61,60,96,95,5.6992207,0.0033485726,0.02640954,-0.023060968,96,False,51.507465,0.092244478,9446,False
init,init,-1,8172,140,139,129,128,4.2593985,0.014130802,0.029004576,-0.014873774,129,False,45.657117,0.012690142,3497,False
init,init,-1,1658,30,29,129,128,6.5755062,0.0013941001,0.031244056,-0.029849956,129,False,68.902812,0.026562669,8172,False
init,init,-1,3706,64,63,129,128,6.0882111,0.0022694655,0.039016582,-0.036747117,129,False,57.248142,-0.012649953,1658,False
init,init,-1,5096,88,87,8,7,4.5594797,0.010467501,0.024786334,-0.014318833,8,False,51.134464,0.011433554,3706,False
init,init,-1,5432,93,92,8,7,4.4732361,0.011410335,0.024215493,-0.012805158,8,False,53.937496,0.052344159,5096,False
init,init,-1,6880,118,117,129,128,5.8684034,0.0028273838,0.035775449,-0.032948065,129,False,49.496401,0.002585573,5432,False
init,init,-1,2034,36,35,8,7,5.9275751,0.0026649362,0.023775721,-0.021110785,8,False,42.756399,-0.0021675647,6880,False
init,init,-1,8949,153,152,129,128,4.4547443,0.011623295,0.033691589,-0.022068294,129,False,57.457486,-0.044471234,2034,False
init,init,-1,10877,185,184,129,128,6.847384,0.0010622309,0.018491596,-0.017429365,129,False,56.142647,0.035475657,8949,False
init,init,-1,11558,197,196,129,128,6.1430807,0.0021482955,0.028982595,-0.026834299,129,False,54.062973,0.053977282,10877,False
init,init,-1,10353,176,175,129,128,5.9144373,0.0027001798,0.028189778,-0.025489599,129,False,42.199121,-0.046162223,11558,False
init,init,-1,5997,103,102,129,128,5.2874794,0.0050544851,0.041734539,-0.036680054,129,False,49.127909,0.0014283823,10353,False
init,init,-1,3787,66,65,129,128,4.9190946,0.0073057436,0.027086575,-0.019780831,129,False,52.631658,-0.05014683,5997,False
init,init,-1,11232,191,190,100,99,7.0302038,0.00088475121,0.044212043,-0.043327292,100,False,69.468406,0.042594766,3787,False
init,init,-1,4848,83,82,129,128,4.9091311,0.0073788995,0.029657299,-0.022278399,129,False,53.351818,0.029860082,11232,False
init,init,-1,9080,155,154,129,128,5.1095743,0.0060386513,0.028341195,-0.022302543,129,False,50.337959,-0.0012638289,4848,False
init,init,-1,5394,93,92,8,7,5.3582201,0.0047092824,0.029339805,-0.024630523,8,False,50.744086,0.0097388931,9080,False
init,init,-1,4994,86,85,38,37,4.9988227,0.0067458833,0.020020563,-0.01327468,38,False,61.91313,-0.052641601,5394,False
init,init,-1,11088,189,188,129,128,6.0721745,0.0023061528,0.026824769,-0.024518616,129,False,50.593015,-0.045943109,4994,False
init,init,-1,4716,81,80,46,45,7.0188351,0.00089486717,0.019488547,-0.01859368,46,False,53.779571,-0.02060924,11088,False
init,init,-1,10989,187,186,58,57,5.2799077,0.0050929012,0.030423798,-0.025330896,58,False,74.395427,-0.062517037,4716,False
init,init,-1,8410,144,143,129,128,6.5708265,0.0014006391,0.023449378,-0.022048739,129,False,54.992799,-0.029395676,10989,False
init,init,-1,10124,172,171,140,139,5.1143541,0.0060098562,0.029704574,-0.023694718,140,False,48.343468,0.042252475,8410,False
init,init,-1,9855,168,167,129,128,5.057199,0.0063633565,0.022459231,-0.016095875,129,False,53.931323,-0.027460049,10124,False
init,init,-1,1603,29,28,141,140,6.5786901,0.0013896684,0.028734937,-0.027345269,141,False,63.518346,0.011668203,9855,False
init,init,-1,10539,179,178,171,170,6.2858973,0.0018623852,0.033988405,-0.03212602,171,False,60.415559,0.028973447,1603,False
init,init,-1,3160,55,54,107,106,5.0206275,0.0066003837,0.023313759,-0.016713375,107,False,42.847889,0.031199845,10539,False
init,init,-1,6513,112,111,129,128,5.9674335,0.0025608053,0.025156619,-0.022595814,129,False,46.449734,-0.016115594,3160,False
init,init,-1,7430,127,126,171,170,5.06212,0.0063321218,0.021521954,-0.015189832,171,False,44.23673,-0.021145352,6513,False
init,init,-1,1772,32,31,4,3,6.629559,0.0013207453,0.021598058,-0.020277312,4,False,58.679093,0.050428649,7430,False
init,init,-1,5158,89,88,8,7,6.5979996,0.0013630916,0.023779906,-0.022416815,8,False,48.934411,0.0087254323,1772,False
init,init,-1,10638,181,180,58,57,4.7444563,0.0086997915,0.024556346,-0.015856555,58,False,51.951815,-0.032778506,5158,False
init,init,-1,2832,50,49,186,185,5.8631573,0.0028422568,0.024650527,-0.02180827,186,False,50.59789,-0.036591412,10638,False
init,init,-1,10225,174,173,4,3,4.9929047,0.0067859236,0.035230253,-0.028444329,4,False,42.746629,-0.041043589,2832,False
init,init,-1,460,9,8,129,128,5.8180847,0.0029732948,0.034084052,-0.031110757,129,False,51.681407,-0.026171573,10225,False
init,init,-1,7417,127,126,168,167,4.5617018,0.01044427,0.019732699,-0.0092884284,168,False,47.895992,-0.051438842,460,False
init,init,-1,3546,61,60,100,99,5.7550139,0.003166863,0.021527788,-0.018360925,100,False,47.038084,0.050005321,7417,False
init,init,-1,5772,99,98,129,128,5.4293003,0.0043861633,0.027963713,-0.023577549,129,False,43.552269,-0.02965929,3546,False
init,init,-1,11034,188,187,4,3,5.8756847,0.0028068724,0.026446251,-0.023639379,4,False,57.307359,0.053386879,5772,False
init,init,-1,8042,137,136,129,128,6.1400986,0.0021547112,0.041615866,-0.039461155,129,False,55.553284,0.0032396513,11034,False
init,init,-1,1670,30,29,58,57,6.1968484,0.0020358369,0.031130886,-0.029095049,58,False,57.72522,-0.052691038,8042,False
init,init,-1,11448,195,194,8,7,6.194962,0.0020396805,0.036411226,-0.034371545,8,False,52.742453,-0.015477826,1670,False
init,init,-1,5979,103,102,58,57,5.4012156,0.0045110956,0.02784238,-0.023331285,58,False,46.205554,-0.041345996,11448,False
init,init,-1,7152,123,122,129,128,4.8776073,0.0076152128,0.020100398,-0.012485185,129,False,52.751613,-0.0065239527,5979,False
init,init,-1,2554,45,44,129,128,5.1988091,0.0055231373,0.028203892,-0.022680754,129,False,49.945113,0.0024083415,7152,False
init,init,-1,115,2,1,171,170,4.7117195,0.0089893099,0.030380601,-0.021391291,171,False,52.813967,0.00334613,2554,False
init,init,-1,9090,155,154,129,128,4.6366682,0.0096899271,0.03222698,-0.022537053,129,False,51.847391,-0.018088151,115,False
init,init,-1,313,6,5,129,128,6.2391768,0.0019514613,0.02664726,-0.024695799,129,False,52.299567,-0.017512237,9090,False
init,init,-1,5206,90,89,38,37,4.6116266,0.0099356426,0.024090186,-0.014154543,38,False,54.702261,0.055925877,313,False
init,init,-1,10103,172,171,4,3,6.0316324,0.0024015706,0.020436194,-0.018034623,4,False,57.552641,0.0049289234,5206,False
init,init,-1,10552,180,179,129,128,5.4848189,0.0041492875,0.018893618,-0.014744331,129,False,49.064467,0.028093846,10103,False
init,init,-1,345,7,6,129,128,5.7313366,0.0032427409,0.03226392,-0.029021179,129,False,56.226487,0.054963208,10552,False
init,init,-1,9955,170,169,129,128,6.5004206,0.0015028069,0.041762706,-0.040259899,129,False,68.028619,-0.0038011768,345,False
init,init,-1,7995,137,136,129,128,5.996418,0.0024876469,0.047431279,-0.044943632,129,False,64.94553,0.0089107165,9955,False
init,init,-1,7867,135,134,129,128,6.0878339,0.0022703214,0.059428867,-0.057158546,129,False,59.66121,-0.031915064,7995,False
init,init,-1,2741,48,47,86,85,5.5751381,0.003790952,0.01977722,-0.015986268,86,False,43.13925,-0.025111268,7867,False
init,init,-1,213,4,3,129,128,3.3597066,0.034745451,0.018797606,0.015947845,4,True,50.238686,0.0087661352,2741,False
init,init,-1,5874,101,100,45,44,6.9722986,0.00093749567,0.026832525,-0.025895029,45,False,47.916345,-0.019764799,213,False
init,init,-1,11493,196,195,129,128,5.7627945,0.0031423194,0.037314344,-0.034172025,129,False,52.191621,0.03217584,5874,False
init,init,-1,2334,41,40,129,128,5.8389273,0.0029119649,0.039213855,-0.03630189,129,False,55.060751,0.017922352,11493,False
init,init,-1,409,8,7,10,9,4.4246736,0.011978123,0.026865564,-0.014887441,10,False,49.609567,-0.02924712,2334,False
init,init,-1,10558,180,179,4,3,5.5824471,0.0037633444,0.018759459,-0.014996115,4,False,37.736483,0.012296967,409,False
init,init,-1,9888,168,167,129,128,4.1116819,0.016380198,0.019611133,-0.003230935,129,False,41.905693,0.0081667779,10558,False
init,init,-1,11206,191,190,100,99,6.5606909,0.001414908,0.029264582,-0.027849674,100,False,59.45542,-0.027475978,9888,False
init,init,-1,10180,173,172,129,128,4.7896495,0.0083153713,0.028797599,-0.020482227,129,False,44.880357,-0.015362576,11206,False
init,init,-1,6068,104,103,129,128,6.6838374,0.0012509684,0.023600833,-0.022349865,129,False,53.265892,-0.022406306,10180,False
init,init,-1,3310,58,57,27,26,3.6748683,0.025352746,0.031323791,-0.0059710443,27,False,63.907032,0.013201084,6068,False
init,init,-1,10086,172,171,4,3,5.6518445,0.0035110356,0.019759506,-0.01624847,4,False,51.986558,-0.04402508,3310,False
init,init,-1,4027,70,69,129,128,5.4068227,0.0044858707,0.037949275,-0.033463405,129,False,63.209655,0.0022104891,10086,False
init,init,-1,4929,85,84,129,128,5.2291412,0.0053581232,0.019357057,-0.013998934,129,False,53.426338,0.011691519,4027,False
init,init,-1,5875,101,100,55,54,7.3643694,0.00063342456,0.024201892,-0.023568468,55,False,59.023286,-0.0084416188,4929,False
init,init,-1,6291,108,107,114,113,5.5024867,0.004076622,0.03063059,-0.026553968,114,False,56.989561,0.034934026,5875,False
init,init,-1,3867,67,66,4,3,5.1655726,0.0057097916,0.028764291,-0.023054499,4,False,53.136105,0.033199676,6291,False
init,init,-1,3363,58,57,100,99,4.5713005,0.0103445,0.02935363,-0.01900913,100,False,55.726414,-0.0091450351,3867,False
init,init,-1,5957,102,101,129,128,5.9711647,0.0025512681,0.046767857,-0.044216589,129,False,55.213425,-0.024910703,3363,False
init,init,-1,1343,25,24,8,7,5.5095778,0.0040478171,0.039743003,-0.035695185,8,False,50.368659,-0.018027208,5957,False
init,init,-1,10014,171,170,129,128,4.3311148,0.013152876,0.037209649,-0.024056773,129,False,54.802769,-0.016966632,1343,False
init,init,-1,3605,62,61,8,7,5.1502304,0.0057980674,0.026754394,-0.020956327,8,False,52.13481,-0.030958542,10014,False
init,init,-1,11366,193,192,129,128,6.0895662,0.0022663926,0.052460391,-0.050193998,129,False,53.111012,0.018514856,3605,False
init,init,-1,7676,131,130,129,128,6.2356844,0.001958289,0.032529466,-0.030571177,129,False,39.068866,0.060143288,11366,False
init,init,-1,10852,185,184,129,128,6.5627384,0.001412014,0.032397471,-0.030985457,129,False,52.475822,0.077034618,7676,False
init,init,-1,2635,46,45,2,1,3.7527819,0.023452412,0.030817343,-0.0073649306,2,False,52.747982,-0.017987947,10852,False
init,init,-1,7837,134,133,129,128,4.9467549,0.0071064322,0.021741031,-0.014634599,129,False,42.271829,0.0090643783,2635,False
init,init,-1,9657,165,164,28,27,5.4309902,0.0043787588,0.030730356,-0.026351597,28,False,51.982545,0.00079875306,7837,False
init,init,-1,4392,76,75,46,45,6.2778082,0.0018775105,0.024914479,-0.023036968,46,False,56.134664,-0.037007987,9657,False
init,init,-1,225,4,3,129,128,3.8153017,0.022031069,0.033139311,-0.011108242,129,False,52.516242,-0.038970336,4392,False
init,init,-1,55,1,0,8,7,6.0635347,0.0023261635,0.033391621,-0.031065458,8,False,63.430532,0.053655099,225,False
init,init,-1,4845,83,82,129,128,5.1388202,0.0058646044,0.017566394,-0.01170179,129,False,39.059392,0.054578204,55,False
init,init,-1,3657,63,62,171,170,5.9431438,0.0026237688,0.024407838,-0.021784069,171,False,52.32614,0.059730666,4845,False
init,init,-1,8870,151,150,46,45,5.7765121,0.0030995084,0.026739461,-0.023639953,46,False,48.553012,0.01794187,3657,False
init,init,-1,9664,165,164,183,182,5.6985817,0.0033507145,0.021275889,-0.017925175,183,False,47.692513,0.023774542,8870,False
init,init,-1,5922,102,101,129,128,5.7510118,0.0031795623,0.033278063,-0.030098501,129,False,35.975728,0.029454759,9664,False
init,init,-1,2094,37,36,129,128,4.1165209,0.016301127,0.048655532,-0.032354405,129,False,52.871671,0.05747689,5922,False
init,init,-1,9063,155,154,140,139,4.3230863,0.013258901,0.029623264,-0.016364363,140,False,46.353642,-0.00097731467,2094,False
init,init,-1,7197,123,122,46,45,5.4575353,0.0042640525,0.025114629,-0.020850577,46,False,37.935062,0.010094761,9063,False
init,init,-1,4604,79,78,129,128,6.0287066,0.0024086067,0.044932812,-0.042524206,129,False,51.188981,0.011776046,7197,False
init,init,-1,10665,182,181,4,3,5.7685366,0.0031243276,0.024400791,-0.021276464,4,False,39.734567,-0.016476559,4604,False
init,init,-1,8730,149,148,8,7,5.8505297,0.0028783737,0.020708852,-0.017830478,8,False,46.07512,0.039023333,10665,False
init,init,-1,6794,117,116,129,128,5.427515,0.0043940004,0.021926355,-0.017532354,129,False,50.700806,0.012813471,8730,False
init,init,-1,11456,195,194,109,108,5.4519095,0.0042881086,0.018919552,-0.014631443,109,False,50.889922,0.059173746,6794,False
init,init,-1,10255,175,174,114,113,5.5925283,0.0037255976,0.018331172,-0.014605574,114,False,40.665653,-0.020536948,11456,False
init,init,-1,10426,177,176,4,3,4.9306369,0.0072219013,0.025031637,-0.017809736,4,False,46.336916,0.014882329,10255,False
init,init,-1,7265,124,123,129,128,6.2336054,0.0019623637,0.023847228,-0.021884864,129,False,53.067802,-0.084892973,10426,False
init,init,-1,10209,174,173,129,128,4.7508192,0.0086446134,0.024394043,-0.015749429,129,False,49.059158,-0.085697277,7265,False
init,init,-1,7740,132,131,46,45,5.0017099,0.0067264372,0.020697301,-0.013970864,46,False,42.790795,0.01151287,10209,False
init,init,-1,1974,35,34,129,128,5.2764363,0.0051106107,0.02115361,-0.016042999,129,False,45.747169,-0.085115777,7740,False
init,init,-1,10503,179,178,168,167,5.7660952,0.0031319635,0.024211429,-0.021079466,168,False,62.102076,0.037640615,1974,False
init,init,-1,8679,148,147,8,7,5.1907034,0.0055680904,0.016379228,-0.010811138,8,False,50.368584,-0.038846528,10503,False
init,init,-1,5721,98,97,4,3,4.6145821,0.0099063227,0.018975342,-0.009069019,4,False,55.154627,0.00096773056,8679,False
init,init,-1,545,11,10,114,113,5.2919426,0.0050319759,0.022544235,-0.017512259,114,False,56.819868,-0.043258522,5721,False
init,init,-1,8129,139,138,129,128,6.1891146,0.0020516429,0.024938943,-0.0228873,129,False,42.522525,0.0077706945,545,False
init,init,-1,2176,39,38,129,128,5.3182774,0.0049011884,0.034852404,-0.029951216,129,False,47.518005,-0.0070520861,8129,False
init,init,-1,1034,19,18,129,128,5.8085289,0.0030018419,0.029230829,-0.026228987,129,False,50.762643,-0.058179185,2176,False
init,init,-1,4167,72,71,129,128,5.3561993,0.0047188071,0.047468048,-0.042749241,129,False,69.123936,0.044577172,1034,False
init,init,-1,5465,94,93,134,133,5.4889622,0.0041321297,0.025479302,-0.021347172,134,False,53.288274,0.037426649,4167,False
init,init,-1,6768,116,115,129,128,4.9357533,0.0071850461,0.021094589,-0.013909542,129,False,46.442618,-0.010461555,5465,False
init,init,-1,984,18,17,129,128,5.3552842,0.0047231275,0.025255442,-0.020532314,129,False,51.361424,0.047529382,6768,False
init,init,-1,10060,171,170,8,7,4.7432513,0.0087102801,0.03228816,-0.02357788,8,False,51.362746,-0.012884198,984,False
init,init,-1,8280,141,140,10,9,5.0944424,0.0061307261,0.021579785,-0.015449059,10,False,44.939233,-0.0049112316,10060,False
init,init,-1,7704,132,131,129,128,4.8716507,0.0076607084,0.033694014,-0.026033306,129,False,43.760973,-0.033896141,8280,False
init,init,-1,2932,51,50,140,139,5.7959013,0.0030399887,0.02027595,-0.017235962,140,False,40.66462,-0.0064843539,7704,False
init,init,-1,9308,159,158,129,128,5.3890972,0.0045660944,0.027432783,-0.022866688,129,False,54.364256,0.029324465,2932,False
init,init,-1,3289,57,56,114,113,5.1684031,0.0056936541,0.021148834,-0.01545518,114,False,45.710994,-0.0015192752,9308,False
init,init,-1,3205,56,55,28,27,5.1030755,0.0060780244,0.030091468,-0.024013444,28,False,49.825802,0.027823891,3289,False
init,init,-1,9290,158,157,129,128,7.048749,0.00086849451,0.019570664,-0.018702169,129,False,47.355192,0.0017266916,3205,False
init,init,-1,9869,168,167,183,182,4.343492,0.012991086,0.020148166,-0.0071570799,183,False,48.716745,-0.050538097,9290,False
init,init,-1,4485,77,76,28,27,5.0134726,0.0066477782,0.017930008,-0.01128223,28,False,37.186086,0.027286972,9869,False
init,init,-1,8564,146,145,129,128,6.1579342,0.0021166212,0.022783162,-0.020666541,129,False,42.218999,0.049044474,4485,False
init,init,-1,8881,152,151,129,128,5.1714993,0.0056760544,0.028411848,-0.022735794,129,False,44.304882,0.019069043,8564,False
init,init,-1,1058,20,19,4,3,5.5110755,0.0040417579,0.031984106,-0.027942348,4,False,50.106017,-5.5583942e-05,8881,False
init,init,-1,929,17,16,46,45,4.9190674,0.007305942,0.021072343,-0.013766401,46,False,59.520735,-0.051517112,1058,False
init,init,-1,10633,181,180,129,128,4.9078097,0.0073886551,0.030167248,-0.022778593,129,False,62.825308,0.0031121094,929,False
init,init,-1,6757,116,115,129,128,5.3159218,0.004912748,0.033376515,-0.028463767,129,False,54.485927,0.01920793,10633,False
init,init,-1,3123,54,53,4,3,6.9577756,0.00095121004,0.03179092,-0.03083971,4,False,48.149077,0.038027933,6757,False
init,init,-1,6283,108,107,129,128,5.7485161,0.0031875081,0.030607952,-0.027420444,129,False,65.762613,0.0258679,3123,False
init,init,-1,3114,54,53,4,3,6.6487093,0.0012956937,0.024303738,-0.023008044,4,False,50.541171,0.0054917206,6283,False
init,init,-1,11057,188,187,129,128,5.5155048,0.0040238947,0.031129166,-0.027105272,129,False,57.250106,0.037243037,3114,False
init,init,-1,1103,20,19,4,3,5.5992336,0.003700699,0.021188524,-0.017487825,4,False,36.310968,-0.0070519447,11057,False
init,init,-1,9607,164,163,129,128,6.3286858,0.0017843777,0.042962834,-0.041178457,129,False,58.124599,0.042816157,1103,False
init,init,-1,1186,22,21,129,128,5.1978893,0.00552822,0.021626972,-0.016098752,129,False,45.295658,0.015182995,9607,False
init,init,-1,7585,130,129,8,7,4.9035649,0.0074200844,0.020290041,-0.012869957,8,False,46.162096,-0.010547753,1186,False
init,init,-1,1286,23,22,58,57,6.3339243,0.0017750543,0.027127372,-0.025352318,58,False,56.082175,0.024772043,7585,False
init,init,-1,4426,76,75,129,128,5.5292673,0.0039688959,0.032379549,-0.028410653,129,False,57.871573,0.016957334,1286,False
init,init,-1,3621,63,62,27,26,6.1254063,0.002186602,0.046455167,-0.044268565,27,False,52.012806,0.047308283,4426,False
init,init,-1,3866,67,66,129,128,5.0524201,0.0063938415,0.036626343,-0.030232501,129,False,54.201406,0.024668217,3621,False
init,init,-1,9639,164,163,95,94,6.5828238,0.0013839359,0.026701972,-0.025318036,95,False,56.718118,-0.01074584,3866,False
init,init,-1,8083,138,137,129,128,6.2709398,0.0018904506,0.028798888,-0.026908437,129,False,54.98994,0.045647654,9639,False
init,init,-1,1436,26,25,129,128,5.6430073,0.0035422009,0.037798353,-0.034256152,129,False,55.016561,0.040108304,8083,False
init,init,-1,5050,87,86,46,45,5.8892937,0.0027689307,0.023472259,-0.020703328,46,False,52.110899,-0.023101913,1436,False
init,init,-1,6935,119,118,4,3,6.6118336,0.0013443651,0.020070063,-0.018725698,4,False,45.451799,0.028670899,5050,False
init,init,-1,11423,194,193,129,128,6.3999004,0.0016617228,0.026312253,-0.02465053,129,False,54.268739,0.027328817,6935,False
init,init,-1,11347,193,192,114,113,6.4180655,0.0016318101,0.019398462,-0.017766652,114,False,56.466991,-0.042275198,11423,False
init,init,-1,10212,174,173,58,57,5.0188475,0.0066121439,0.024697661,-0.018085517,58,False,42.869321,-0.033522273,11347,False
init,init,-1,6587,113,112,129,128,5.5440688,0.003910582,0.027270544,-0.023359962,129,False,47.965074,-0.015385622,10212,False
init,init,-1,6137,105,104,25,24,5.715785,0.0032935636,0.029836008,-0.026542445,25,False,57.76963,-0.015359289,6587,False
init,init,-1,11074,189,188,46,45,5.4854345,0.0041467324,0.023875764,-0.019729031,46,False,37.854669,-0.0015370405,6137,False
init,init,-1,7561,129,128,46,45,3.7849729,0.02270948,0.024442377,-0.001732897,46,False,52.720139,-0.021451203,11074,False
init,init,-1,5796,99,98,4,3,5.4810767,0.0041648429,0.017334433,-0.01316959,4,False,35.831276,-0.021491132,7561,False
init,init,-1,2455,43,42,129,128,5.7727642,0.0031111448,0.041873235,-0.03876209,129,False,48.171199,0.050207385,5796,False
init,init,-1,10437,178,177,129,128,6.2072773,0.0020147159,0.027557975,-0.025543259,129,False,64.010512,-0.0080182885,2455,False
init,init,-1,5857,100,99,45,44,4.4193888,0.012041591,0.03433305,-0.022291459,45,False,51.972297,-0.018838518,10437,False
init,init,-1,3092,54,53,58,57,7.0975099,0.00082716212,0.025677575,-0.024850413,58,False,51.154106,-0.025517429,5857,False
init,init,-1,275,5,4,8,7,5.1715918,0.0056755268,0.03441067,-0.028735144,8,False,43.92438,-0.0026357213,3092,False
init,init,-1,823,15,14,4,3,6.0861988,0.0022740362,0.024997545,-0.022723509,4,False,42.95434,-0.014426637,275,False
init,init,-1,10795,184,183,168,167,6.1174755,0.0022040124,0.020567199,-0.018363187,168,False,49.490449,0.039569651,823,False
init,init,-1,7766,133,132,129,128,5.9082747,0.0027168703,0.038758747,-0.036041877,129,False,59.369059,0.041946644,10795,False
init,init,-1,744,14,13,4,3,5.2118988,0.0054513118,0.051428568,-0.045977256,4,False,53.391351,0.015400674,7766,False
init,init,-1,11685,199,198,171,170,6.2211637,0.0019869308,0.023152802,-0.021165871,171,False,44.253181,-0.020890717,744,False
init,init,-1,10734,183,182,129,128,4.9719629,0.0069295326,0.020059215,-0.013129682,129,False,43.343567,0.0062670755,11685,False
init,init,-1,3690,64,63,8,7,5.8153749,0.0029813629,0.019126186,-0.016144823,8,False,40.720663,0.030228683,10734,False
init,init,-1,9269,158,157,129,128,7.3823104,0.00062216184,0.031397332,-0.03077517,129,False,57.889864,0.061377817,3690,False
init,init,-1,5852,100,99,177,176,4.3480005,0.012932644,0.022101333,-0.0091686891,177,False,64.967322,0.013767538,9269,False
init,init,-1,2966,52,51,46,45,5.3270121,0.004858566,0.025299406,-0.02044084,46,False,50.699861,-0.0013259171,5852,False
init,init,-1,2953,52,51,8,7,5.6272812,0.0035983443,0.041239802,-0.037641458,8,False,51.774345,0.40936728,2966,True
init,init,-1,6638,114,113,129,128,4.6342306,0.0097135771,0.038615108,-0.02890153,129,False,41.193382,-0.0093925429,2953,False
init,init,-1,8966,153,152,129,128,5.1794767,0.0056309518,0.030345472,-0.02471452,129,False,43.161704,-0.0025017233,6638,False
init,init,-1,5646,97,96,129,128,6.1657763,0.0021000884,0.031121893,-0.029021804,129,False,53.105959,-0.00075122505,8966,False
init,init,-1,2734,48,47,8,7,6.0898643,0.0022657167,0.016736954,-0.014471238,8,False,41.433526,-0.01488734,5646,False
init,init,-1,3949,68,67,4,3,5.0239964,0.0065781865,0.025057515,-0.018479329,4,False,59.952983,0.015314706,2734,False
init,init,-1,8324,142,141,8,7,5.803133,0.0030180854,0.030056367,-0.027038281,8,False,63.775501,0.010268326,3949,False
init,init,-1,8209,140,139,129,128,4.4220772,0.012009263,0.019779239,-0.0077699758,129,False,39.507379,-0.0032763968,8324,False
init,init,-1,11708,199,198,171,170,6.4722176,0.0015457936,0.033804793,-0.032258999,171,False,61.93542,-0.023655294,8209,False
init,init,-1,515,10,9,129,128,4.8051014,0.0081878724,0.03999763,-0.031809757,129,False,52.04283,0.035940601,11708,False
init,init,-1,3542,61,60,8,7,5.2468567,0.0052640401,0.020473024,-0.015208984,8,False,38.659551,-0.036698791,515,False
init,init,-1,11652,198,197,129,128,5.9359775,0.0026426385,0.018629184,-0.015986545,129,False,49.802999,-0.044088557,3542,False
init,init,-1,4289,74,73,129,128,5.9251671,0.0026713612,0.029900985,-0.027229624,129,False,54.65251,0.024114667,11652,False
init,init,-1,4332,75,74,183,182,5.4414992,0.0043329829,0.02681675,-0.022483767,183,False,52.194458,0.025619322,4289,False
init,init,-1,4183,72,71,171,170,5.6115851,0.0036552704,0.024875728,-0.021220458,171,False,65.270937,-0.024192758,4332,False
init,init,-1,5357,92,91,8,7,5.1254635,0.0059434599,0.050232705,-0.044289245,8,False,63.792963,-0.017072718,4183,False
init,init,-1,10491,179,178,88,87,5.3177891,0.0049035829,0.026374625,-0.021471042,88,False,62.537274,0.015644017,5357,False
init,init,-1,1357,25,24,129,128,4.8890109,0.0075288657,0.027621297,-0.020092431,129,False,63.13436,-0.033620088,10491,False
init,init,-1,9675,165,164,129,128,5.6752996,0.0034296424,0.028490379,-0.025060737,129,False,41.724018,-0.0013735154,1357,False
init,init,-1,570,11,10,129,128,5.8972673,0.0027469406,0.033241265,-0.030494324,129,False,51.420817,-0.016548574,9675,False
init,init,-1,862,16,15,25,24,5.4000196,0.0045164912,0.018476687,-0.013960196,25,False,39.612078,-0.021464644,570,False
init,init,-1,8466,145,144,96,95,5.5384727,0.0039325291,0.018400539,-0.01446801,96,False,45.323753,-0.0032317836,862,False
init,init,-1,2787,49,48,4,3,6.303648,0.0018296182,0.028754141,-0.026924523,4,False,58.035241,0.015149297,8466,False
init,init,-1,2661,47,46,174,173,5.9654369,0.0025659231,0.01868804,-0.016122117,174,False,46.812266,0.064462907,2787,False
init,init,-1,10932,186,185,129,128,5.2200413,0.0054071052,0.033991359,-0.028584254,129,False,49.520228,0.00440642,2661,False
init,init,-1,7598,130,129,186,185,5.7232141,0.0032691867,0.015609598,-0.012340411,186,False,47.137682,0.0057259577,10932,False
init,init,-1,5609,96,95,4,3,5.6024828,0.0036886937,0.040186483,-0.03649779,4,False,49.0639,-0.049095252,7598,False
init,init,-1,7001,120,119,46,45,6.1398282,0.0021552939,0.022600919,-0.020445625,46,False,47.359734,-0.035645376,5609,False
init,init,-1,7653,131,130,129,128,6.1440744,0.0021461614,0.023217315,-0.021071153,129,False,43.157424,-0.0067248122,7001,False
init,init,-1,9715,166,165,46,45,4.991291,0.0067968844,0.026424762,-0.019627878,46,False,60.455199,0.017219546,7653,False
init,init,-1,7616,130,129,129,128,5.6245489,0.00360819,0.033705663,-0.030097473,129,False,52.976592,0.0056298442,9715,False
init,init,-1,1905,34,33,129,128,6.0121384,0.0024488457,0.036601171,-0.034152325,129,False,60.654783,0.010902772,7616,False
init,init,-1,5621,96,95,129,128,5.358799,0.0047065564,0.030720001,-0.026013445,129,False,46.224472,-0.084203385,1905,False
experiment_0a_best,file,16,3891,67,66,69,68,2.3096535,0.099295661,0.62241709,-0.52312143,69,False,198.63606,,-1,False
experiment_0a_best,file,16,5405,93,92,19,18,0.0062068794,0.99381232,0.0053875828,0.98842474,93,True,1.2585422,-0.045152659,3891,False
experiment_0a_best,file,16,920,17,16,139,138,0.012838683,0.98724335,0.0064802351,0.98076312,17,True,2.5078641,0.043668541,5405,False
experiment_0a_best,file,16,5043,87,86,66,65,0.027290881,0.97307813,0.0055592963,0.96751884,87,True,3.0920026,0.036075813,920,False
experiment_0a_best,file,16,11743,200,199,168,167,0.018403258,0.98176503,0.0093814954,0.97238354,200,True,3.1102636,-0.027417445,5043,False
experiment_0a_best,file,16,3563,62,61,65,64,4.6999764,0.00909549,0.61266321,-0.60356772,65,False,124.10572,0.02039254,11743,False
experiment_0a_best,file,16,956,18,17,187,186,0.04379129,0.95715368,0.0062211789,0.9509325,18,True,9.3689691,0.072365028,3563,False
experiment_0a_best,file,16,11179,190,189,192,191,0.69273502,0.50020611,0.43626904,0.063937068,190,True,120.29418,0.31659948,956,False
experiment_0a_best,file,16,4184,72,71,44,43,0.035462428,0.965159,0.012154571,0.95300443,72,True,5.7270718,0.025980965,11179,False
experiment_0a_best,file,16,881,16,15,172,171,0.044535186,0.95644194,0.021951593,0.93449035,16,True,6.3930334,0.015682171,4184,False
experiment_0a_best,file,16,2199,39,38,38,37,0.024498928,0.97579873,0.0081358356,0.96766289,39,True,4.3444697,0.0062067924,881,False
experiment_0a_best,file,16,4531,78,77,112,111,0.050161902,0.95107543,0.01263256,0.93844287,78,True,7.9655781,0.095707311,2199,False
experiment_0a_best,file,16,782,15,14,14,13,0.0016129116,0.99838841,0.00016785249,0.99822056,15,True,0.22889085,0.069777168,4531,False
experiment_0a_best,file,16,3068,53,52,143,142,0.056913897,0.94467539,0.012700309,0.93197508,53,True,7.475414,0.010556529,782,False
experiment_0a_best,file,16,1464,27,26,128,127,6.585084,0.0013808118,0.40834513,-0.40696432,128,False,191.26858,-0.093046807,3068,False
experiment_0a_best,file,16,11718,199,198,129,128,7.8179355,0.00040245167,0.25627023,-0.25586778,129,False,204.06362,0.011963468,1464,False
experiment_0a_best,file,16,736,14,13,15,14,0.48802996,0.6138345,0.21638173,0.39745277,14,True,83.176114,-0.0025647474,11718,False
experiment_0a_best,file,16,10670,182,181,172,171,2.8266716,0.059209596,0.18807486,-0.12886526,172,False,153.37784,0.14819624,736,False
experiment_0a_best,file,16,7916,135,134,118,117,0.46644121,0.62723047,0.042263404,0.58496706,135,True,72.306584,-0.088019296,10670,False
experiment_0a_best,file,16,8376,143,142,26,25,3.0621367,0.046787623,0.22013491,-0.17334729,26,False,129.23358,0.12825865,7916,False
experiment_0a_best,file,16,4061,70,69,18,17,0.0013815154,0.99861944,0.00078565365,0.99783378,70,True,0.20539346,0.095973979,8376,False
experiment_0a_best,file,16,6612,113,112,115,114,0.0097570894,0.99029034,0.0036004544,0.98668989,113,True,1.9065112,-0.1094309,4061,False
experiment_0a_best,file,16,6151,106,105,89,88,0.17664877,0.83807409,0.098380566,0.73969352,106,True,24.961466,0.027506087,6612,False
experiment_0a_best,file,16,4937,85,84,132,131,0.0020191537,0.99798286,0.0018614117,0.99612145,85,True,0.35823434,-0.050878641,6151,False
experiment_0a_best,file,16,6726,115,114,121,120,1.1532204,0.31561872,0.43807569,-0.12245697,121,False,151.11265,0.01027911,4937,False
experiment_0a_best,file,16,8770,150,149,120,119,0.0025024072,0.99750072,0.00037297577,0.99712774,150,True,0.45076227,0.030163115,6726,False
experiment_0a_best,file,16,4112,71,70,61,60,3.9418526,0.01941222,0.096575886,-0.077163666,61,False,123.36351,0.059124355,8770,False
experiment_0a_best,file,16,6465,111,110,112,111,1.2865424,0.2762242,0.34526724,-0.06904304,112,False,116.74101,0.093319563,4112,False
experiment_0a_best,file,16,2001,36,35,189,188,0.0037866572,0.99622053,0.0027740048,0.99344652,36,True,0.75622941,-0.10095521,6465,False
experiment_0a_best,file,16,7827,134,133,87,86,0.00056203303,0.99943811,6.2796287e-05,0.99937531,134,True,0.073906644,0.13576698,2001,False
experiment_0a_best,file,16,11579,197,196,193,192,0.37576646,0.68676269,0.11889236,0.56787033,197,True,48.375594,0.044132642,7827,False
experiment_0a_best,file,16,7688,132,131,159,158,1.2936918,0.27425644,0.09751457,0.17674187,132,True,100.91184,0.1615234,11579,False
experiment_0a_best,file,16,6623,114,113,85,84,0.0014094905,0.99859148,0.00090158323,0.9976899,114,True,0.2116388,-0.027794094,7688,False
experiment_0a_best,file,16,2550,45,44,72,71,2.1463928,0.11690511,0.30533016,-0.18842505,72,False,187.56849,0.0098650919,6623,False
experiment_0a_best,file,16,6381,109,108,166,165,0.012922473,0.98716068,0.004462013,0.98269867,109,True,1.9245862,0.062372645,2550,False
experiment_0a_best,file,16,10708,182,181,180,179,0.085508399,0.91804546,0.056279268,0.86176619,182,True,17.314974,-0.069419158,6381,False
experiment_0a_best,file,16,479,9,8,26,25,0.11170559,0.89430749,0.061962347,0.83234515,9,True,19.566635,-0.06489049,10708,False
experiment_0a_best,file,16,4952,85,84,151,150,0.025806373,0.97452378,0.0052855969,0.96923819,85,True,3.839434,-0.02943731,479,False
experiment_0a_best,file,16,10656,181,180,168,167,0.017978564,0.98218209,0.006534664,0.97564742,181,True,3.002538,0.029235124,4952,False
experiment_0a_best,file,16,3630,63,62,143,142,0.0066702333,0.99335194,0.0021546797,0.99119726,63,True,1.027512,-0.10300632,10656,False
experiment_0a_best,file,16,10772,183,182,176,175,0.2438679,0.78359115,0.091568895,0.69202226,183,True,47.907759,-0.105305,3630,False
experiment_0a_best,file,16,4129,71,70,72,71,0.7828961,0.45708033,0.40089285,0.056187481,71,True,91.536066,-0.025512982,10772,False
experiment_0a_best,file,16,11036,188,187,106,105,0.12488794,0.88259578,0.044465207,0.83813057,188,True,18.000168,-0.097390097,4129,False
experiment_0a_best,file,16,5450,94,93,112,111,0.007128993,0.99289638,0.0024396065,0.99045677,94,True,1.0056116,0.01186008,11036,False
experiment_0a_best,file,16,4776,82,81,80,79,3.1109529,0.044558473,0.93601161,-0.89145314,80,False,189.64885,0.11234458,5450,False
experiment_0a_best,file,16,6166,106,105,89,88,0.20624553,0.81363326,0.052251011,0.76138225,106,True,27.01394,-0.043565571,4776,False
experiment_0a_best,file,16,6776,116,115,174,173,4.5810704,0.010243927,0.44573757,-0.43549364,174,False,218.55138,0.10784946,6166,False
experiment_0a_best,file,16,5910,101,100,100,99,0.00054642529,0.99945372,0.00029804758,0.99915568,101,True,0.087980199,-0.0188344,6776,False
experiment_0a_best,file,16,2998,52,51,155,154,0.0010331299,0.99896741,0.0002270141,0.9987404,52,True,0.17877405,-0.15937956,5910,False
experiment_0a_best,file,16,3365,58,57,84,83,0.048635814,0.95252794,0.015964944,0.936563,58,True,10.129084,0.015835072,2998,False
experiment_0a_best,file,16,10968,187,186,34,33,0.14574313,0.8643797,0.020129526,0.84425018,187,True,29.308667,0.22365697,3365,False
experiment_0a_best,file,16,10980,187,186,190,189,0.075103447,0.92764753,0.06192378,0.86572375,187,True,21.173864,0.21011036,10968,True
experiment_0a_best,file,16,9585,163,162,182,181,0.038700607,0.9620387,0.01509361,0.94694509,163,True,5.2290169,-0.055012191,10980,False
experiment_0a_best,file,16,5511,95,94,96,95,0.58409745,0.5576089,0.15397437,0.40363453,95,True,66.597948,0.062186651,9585,False
experiment_0a_best,file,16,1671,30,29,29,28,0.25620824,0.7739808,0.15241654,0.62156425,30,True,38.036562,-0.043190627,5511,False
experiment_0a_best,file,16,3774,65,64,66,65,0.13060005,0.87756866,0.11815455,0.75941411,65,True,24.543181,-0.041516011,1671,False
experiment_0a_best,file,16,10791,184,183,183,182,2.2091103,0.1097983,0.57114923,-0.46135093,183,False,185.72148,0.017886977,3774,False
experiment_0a_best,file,16,269,5,4,24,23,0.060465064,0.94132668,0.031300087,0.91002659,5,True,12.371243,0.068814148,10791,False
experiment_0a_best,file,16,4032,70,69,18,17,0.0015184075,0.99848276,0.00057721068,0.99790555,70,True,0.27108497,-0.055375872,269,False
experiment_0a_best,file,16,5581,96,95,139,138,2.1685507,0.11434322,0.74149519,-0.62715197,139,False,180.58829,-0.050997148,4032,False
experiment_0a_best,file,16,9536,163,162,175,174,0.030003686,0.97044194,0.0045300238,0.96591191,163,True,4.8686833,0.15872513,5581,False
experiment_0a_best,file,16,2615,46,45,52,51,0.044521503,0.95645505,0.0065946849,0.94986037,46,True,7.99112,0.040517581,9536,False
experiment_0a_best,file,16,2793,49,48,9,8,1.9268361,0.14560816,0.094965786,0.050642371,49,True,117.74737,-0.14661035,2615,False
experiment_0a_best,file,16,8764,150,149,194,193,0.014708652,0.98539901,0.0049117217,0.98048729,150,True,2.4101785,0.087984538,2793,False
experiment_0a_best,file,16,2169,38,37,39,38,0.55180317,0.57591039,0.25548157,0.32042882,38,True,83.465915,-0.092177456,8764,False
experiment_0a_best,file,16,2664,47,46,98,97,0.0084329704,0.99160248,0.0027450356,0.98885744,47,True,1.5396559,-0.1143615,2169,False
experiment_0a_best,file,16,6240,107,106,30,29,3.7694423,0.023064924,0.88721162,-0.8641467,30,False,183.14573,-0.035445426,2664,False
experiment_0a_best,file,16,10156,173,172,199,198,0.33602467,0.71460551,0.087394789,0.62721072,173,True,52.553797,-0.0024285929,6240,False
experiment_0a_best,file,16,9794,167,166,168,167,0.0029759191,0.99702853,0.0017328706,0.99529566,167,True,0.47652575,-0.035713127,10156,False
experiment_0a_best,file,16,9937,169,168,172,171,3.2891393,0.037285928,0.51033837,-0.47305244,172,False,110.74761,-0.022499177,9794,False
experiment_0a_best,file,16,9237,158,157,165,164,0.033145394,0.96739787,0.025227273,0.9421706,158,True,5.8789402,-0.10657675,9937,False
experiment_0a_best,file,16,8240,141,140,84,83,0.011003765,0.98905653,0.0033059523,0.98575058,141,True,1.5611827,0.0066457372,9237,False
experiment_0a_best,file,16,2115,38,37,39,38,0.067171045,0.93503523,0.050431773,0.88460346,38,True,11.265123,0.042505171,8240,False
experiment_0a_best,file,16,2563,45,44,72,71,4.1300354,0.016082305,0.31525186,-0.29916955,72,False,192.40755,-0.037708953,2115,False
experiment_0a_best,file,16,2526,44,43,72,71,1.7027246,0.18218645,0.33057043,-0.14838398,72,False,170.23741,-0.030190997,2563,False
experiment_0a_best,file,16,6959,119,118,117,116,0.13763006,0.87142104,0.052682687,0.81873835,119,True,21.899566,-0.071058088,2526,False
experiment_0a_best,file,16,10368,177,176,180,179,0.21407805,0.80728537,0.1670793,0.64020607,177,True,45.802182,0.11805168,6959,False
experiment_0a_best,file,16,6810,117,116,115,114,0.23907536,0.78735554,0.17243493,0.61492062,117,True,36.050605,-0.018968132,10368,False
experiment_0a_best,file,16,1601,29,28,30,29,0.64594096,0.52416909,0.21983951,0.30432957,29,True,88.829177,0.019326725,6810,False
experiment_0a_best,file,16,10767,183,182,184,183,0.13562657,0.87316865,0.041077342,0.83209131,183,True,21.287897,0.021643604,1601,False
experiment_0a_best,file,16,138,3,2,45,44,0.16538599,0.84756649,0.020933041,0.82663344,3,True,29.855006,0.08954723,10767,False
experiment_0a_best,file,16,11555,197,196,193,192,0.31119618,0.73257017,0.16787145,0.56469873,197,True,47.785989,-0.044509682,138,False
experiment_0a_best,file,16,5018,86,85,52,51,0.014758928,0.98534948,0.0053039021,0.98004557,86,True,2.3337981,-0.066894703,11555,False
experiment_0a_best,file,16,10036,171,170,166,165,0.77061599,0.46272793,0.23340958,0.22931835,171,True,84.987046,-0.10120204,5018,False
experiment_0a_best,file,16,6388,110,109,65,64,0.013575142,0.98651659,0.0017405183,0.98477608,110,True,2.2868309,0.0013816636,10036,False
experiment_0a_best,file,16,5211,90,89,25,24,0.0009958552,0.99900466,0.00011877759,0.99888588,90,True,0.13518698,0.073752891,6388,False
experiment_0a_best,file,16,7367,126,125,128,127,3.5150993,0.02974485,0.94015139,-0.91040654,128,False,218.1188,-0.028448223,5211,False
experiment_0a_best,file,16,290,6,5,120,119,0.036583595,0.96407747,0.012816096,0.95126138,6,True,6.8226682,-0.037195845,7367,False
experiment_0a_best,file,16,8666,148,147,114,113,0.021754567,0.97848034,0.0058218031,0.97265854,148,True,3.6966285,-0.023309354,290,False
experiment_0a_best,file,16,5144,88,87,122,121,3.7616849,0.023244539,0.48300028,-0.45975574,122,False,246.84931,0.088696923,8666,False
experiment_0a_best,file,16,3275,57,56,68,67,0.31807983,0.72754472,0.083929442,0.64361528,57,True,54.392343,-0.054449783,5144,False
experiment_0a_best,file,16,113,2,1,45,44,0.060253404,0.94152594,0.027382338,0.9141436,2,True,13.387508,0.016627227,3275,False
experiment_0a_best,file,16,3819,66,65,62,61,0.031347051,0.96913916,0.011604465,0.95753469,66,True,4.5143186,0.0085110953,113,False
experiment_0a_best,file,16,9415,161,160,168,167,4.6715994,0.0093572922,0.17293514,-0.16357785,168,False,157.23534,0.04433333,3819,False
experiment_0a_best,file,16,1298,24,23,25,24,0.12542216,0.88212442,0.1154804,0.76664402,24,True,28.028451,-0.030599696,9415,False
experiment_0a_best,file,16,5560,95,94,96,95,0.0015413797,0.99845982,0.0013975954,0.99706222,95,True,0.2810669,0.0054797974,1298,False
experiment_0a_best,file,16,10914,186,185,185,184,0.00028379704,0.99971622,6.9118134e-05,0.9996471,186,True,0.047567086,0.038931123,5560,False
experiment_0a_best,file,16,4238,73,72,164,163,0.083426557,0.91995865,0.049551383,0.87040727,73,True,14.781504,-0.049901083,10914,False
experiment_0a_best,file,16,4661,80,79,82,81,0.022707909,0.977548,0.01038869,0.96715931,80,True,4.3922798,-0.062749963,4238,False
experiment_0a_best,file,16,2841,50,49,51,50,0.15329637,0.85787547,0.11875215,0.73912331,50,True,25.557815,-0.14725833,4661,False
experiment_0a_best,file,16,6566,113,112,123,122,3.6816273,0.025181962,0.36261272,-0.33743076,123,False,174.3624,0.072066004,2841,False
experiment_0a_best,file,16,10350,176,175,163,162,1.1260304,0.32431808,0.25291759,0.071400493,176,True,84.290868,-0.12935326,6566,False
experiment_0a_best,file,16,7555,129,128,195,194,1.695712,0.18346857,0.38277084,-0.19930227,195,False,148.79203,0.018331946,10350,False
experiment_0a_best,file,16,1074,20,19,200,199,0.0022837054,0.99771887,0.00087296678,0.9968459,20,True,0.28957151,0.010696029,7555,False
experiment_0a_best,file,16,7464,128,127,133,132,0.00078694843,0.99921334,0.00017373703,0.9990396,128,True,0.11977812,0.039268028,1074,False
experiment_0a_best,file,16,8913,152,151,155,154,0.028273614,0.97212237,0.0058035203,0.96631885,152,True,5.5236146,-0.0716063,7464,False
experiment_0a_best,file,16,3196,56,55,17,16,0.00069391489,0.99930632,0.00017171745,0.9991346,56,True,0.10046223,-0.13302045,8913,False
experiment_0a_best,file,16,8123,139,138,42,41,0.044253297,0.95671159,0.01965365,0.93705794,139,True,6.8989586,0.12812865,3196,False
experiment_0a_best,file,16,7080,121,120,133,132,0.008337453,0.99169719,0.0028431667,0.98885403,121,True,1.5217581,-0.03682351,8123,False
experiment_0a_best,file,16,3435,60,59,62,61,4.3920503,0.012375329,0.3425639,-0.33018857,62,False,121.3433,-0.024691515,7080,False
experiment_0a_best,file,16,6277,108,107,107,106,1.7804662,0.16855957,0.79057294,-0.62201338,107,False,156.43181,0.033479134,3435,False
experiment_0a_best,file,16,6248,107,106,108,107,0.23530202,0.79033214,0.12205949,0.66827264,107,True,36.737952,-0.46107512,6277,False
experiment_0a_best,file,16,1241,23,22,87,86,3.7660556,0.02314317,0.15334047,-0.1301973,87,False,124.09476,0.14266677,6248,False
experiment_0a_best,file,16,11303,192,191,114,113,1.8886685,0.15127309,0.37283021,-0.22155713,114,False,198.65862,-0.048152213,1241,False
experiment_0a_best,file,16,6956,119,118,117,116,0.00063411152,0.9993661,0.00022733763,0.99913877,119,True,0.099242903,0.020081615,11303,False
experiment_0a_best,file,16,9150,156,155,157,156,6.7112574e-05,0.99993289,2.3805364e-05,0.99990908,156,True,0.0099073393,-0.060062577,6956,False
experiment_0a_best,file,16,1514,27,26,29,28,0.075538717,0.92724383,0.052080996,0.87516283,27,True,14.574052,-0.026159744,9150,False
experiment_0a_best,file,16,1639,29,28,30,29,0.38280076,0.68194878,0.19795711,0.48399167,29,True,50.186201,-0.10576481,1514,False
experiment_0a_best,file,16,1375,25,24,23,22,0.38633433,0.67954332,0.18355949,0.49598382,25,True,44.625505,0.043438055,1639,False
experiment_0a_best,file,16,4127,71,70,44,43,0.45344967,0.63543236,0.10575388,0.52967849,71,True,54.386443,0.11798478,1375,False
experiment_0a_best,file,16,6533,112,111,93,92,0.21201119,0.80895567,0.14252494,0.66643073,112,True,31.712785,-0.018579054,4127,False
experiment_0a_best,file,16,7844,134,133,9,8,0.0016665868,0.99833483,0.00035530954,0.99797952,134,True,0.21019137,0.028989901,6533,False
experiment_0a_best,file,16,8500,145,144,143,142,3.1517622,0.042776678,0.89664239,-0.85386571,143,False,163.84421,-0.011280066,7844,False
experiment_0a_best,file,16,7770,133,132,121,120,1.9429333,0.14328304,0.27453485,-0.13125181,121,False,145.01645,-0.065644263,8500,False
experiment_0a_best,file,16,9211,157,156,172,171,0.50469685,0.60368854,0.078214414,0.52547412,157,True,72.923203,0.013106935,7770,False
experiment_0a_best,file,16,2502,44,43,31,30,6.2792764,0.0018747568,0.26658019,-0.26470544,31,False,144.55773,-0.037123085,9211,False
experiment_0a_best,file,16,8194,140,139,17,16,0.0032997467,0.99670571,0.0010340193,0.99567169,140,True,0.33901632,-0.015776648,2502,False
experiment_0a_best,file,16,1426,26,25,27,26,2.6472437,0.070846222,0.65283465,-0.58198843,27,False,213.34485,0.023977195,8194,False
experiment_0a_best,file,16,8057,138,137,134,133,0.034808464,0.96579039,0.0084263189,0.95736407,138,True,4.9080833,-0.047180272,1426,False
experiment_0a_best,file,16,1802,32,31,31,30,0.29291329,0.74608684,0.084066071,0.66202077,32,True,49.568107,0.019744967,8057,False
experiment_0a_best,file,16,4599,79,78,80,79,2.7590375,0.063352726,0.78125399,-0.71790127,80,False,171.16776,0.17047478,1802,False
experiment_0a_best,file,16,5159,89,88,106,105,0.00057787885,0.99942231,0.00017454018,0.99924777,89,True,0.098281805,0.003963823,4599,False
experiment_0a_best,file,16,8734,149,148,120,119,0.017274516,0.98287386,0.0091132242,0.97376063,149,True,2.8548076,0.073689193,5159,False
experiment_0a_best,file,16,4520,78,77,135,134,2.812911,0.060029991,0.24340729,-0.1833773,135,False,104.57151,-0.0035749228,8734,False
experiment_0a_best,file,16,1188,22,21,126,125,2.2863145,0.10164036,0.12439679,-0.022756435,126,False,166.84799,-0.010357791,4520,False
experiment_0a_best,file,16,264,5,4,7,6,0.5243547,0.59193718,0.34389666,0.24804053,5,True,75.383207,0.019027082,1188,False
experiment_0a_best,file,16,1749,31,30,33,32,3.4285882,0.032432701,0.86150354,-0.82907084,33,False,156.46691,-0.11163779,264,False
experiment_0a_best,file,16,11302,192,191,187,186,0.007280367,0.99274606,0.0024763776,0.99026968,192,True,1.5857972,-0.04664579,1749,False
experiment_0a_best,file,16,2933,51,50,50,49,0.026616577,0.9737345,0.015605574,0.95812892,51,True,4.742402,0.14673832,11302,False
experiment_0a_best,file,16,9650,164,163,159,158,0.0011860249,0.9988147,0.00030327582,0.99851143,164,True,0.17030953,-0.040407744,2933,False
experiment_0a_best,file,16,10149,173,172,170,169,4.6879349,0.0092056757,0.31396335,-0.30475768,170,False,131.49411,-0.043064726,9650,False
experiment_0a_best,file,16,2467,43,42,39,38,2.1201737,0.12001078,0.21065713,-0.090646356,39,False,202.92903,-0.05382814,10149,False
experiment_0a_best,file,16,6135,105,104,22,21,0.36331218,0.6953693,0.26847759,0.42689171,105,True,76.499521,-0.03960979,2467,False
experiment_0a_best,file,16,1581,28,27,190,189,0.001026461,0.99897408,0.00022750867,0.99874658,28,True,0.25256111,-0.11366057,6135,False
experiment_0a_best,file,16,8782,150,149,127,126,0.18091224,0.8345086,0.036803447,0.79770515,150,True,28.122275,0.027621345,1581,False
experiment_0a_best,file,16,8635,147,146,71,70,1.4073788,0.24478407,0.12426879,0.12051528,147,True,142.0352,0.075714539,8782,False
experiment_0a_best,file,16,566,11,10,9,8,0.12284376,0.88440186,0.055195495,0.82920636,11,True,22.491796,-0.030827801,8635,False
experiment_0a_best,file,16,8751,149,148,99,98,0.14323947,0.86654651,0.041391786,0.82515473,149,True,20.882779,0.11728783,566,False
experiment_0a_best,file,16,6529,112,111,91,90,2.3957474,0.091104552,0.46753424,-0.37642969,91,False,175.0087,-0.17582215,8751,False
experiment_0a_best,file,16,4639,80,79,67,66,0.12099409,0.8860392,0.043643449,0.84239575,80,True,18.6102,0.052061613,6529,False
experiment_0a_best,file,16,10452,178,177,31,30,0.048053928,0.95308238,0.0087978784,0.9442845,178,True,7.1986988,0.033692562,4639,False
experiment_0a_best,file,16,8335,142,141,141,140,0.0045946026,0.99541593,0.0010595438,0.99435638,142,True,0.9997716,0.00038695453,10452,False
experiment_0a_best,file,16,1149,21,20,109,108,0.41500902,0.66033435,0.25509688,0.40523747,21,True,51.958454,0.013521075,8335,False
experiment_0a_best,file,16,4254,73,72,74,73,0.0036476997,0.99635893,0.001099937,0.99525899,73,True,0.6249041,-0.073837887,1149,False
experiment_0a_best,file,16,4526,78,77,103,102,0.70526403,0.49397811,0.26924956,0.22472855,78,True,102.41759,-0.00064652141,4254,False
experiment_0a_best,file,16,4356,75,74,73,72,0.02395671,0.97632796,0.005024632,0.97130332,75,True,4.3432328,-0.073108367,4526,False
experiment_0a_best,file,16,2372,42,41,148,147,0.00022694873,0.99977309,3.2437667e-05,0.99974065,42,True,0.027929828,0.022036593,4356,False
experiment_0a_best,file,16,9117,156,155,152,151,5.1061616,0.0060592969,0.95140076,-0.94534146,152,False,179.48606,0.035912429,2372,False
experiment_0a_best,file,16,6481,111,110,112,111,0.05621928,0.94533181,0.027683487,0.91764832,111,True,8.8146001,0.0704699,9117,False
experiment_0a_best,file,16,1855,33,32,31,30,0.10789943,0.89771789,0.051343616,0.84637428,33,True,13.701217,-0.066255584,6481,False
experiment_0a_best,file,16,7482,128,127,126,125,0.015555713,0.98456466,0.0032478347,0.98131683,128,True,2.4240761,-0.12597744,1855,False
experiment_0a_best,file,16,641,12,11,170,169,3.3462577,0.035215896,0.1499974,-0.1147815,170,False,124.03767,-0.031924586,7482,False
experiment_0a_best,file,16,3930,68,67,69,68,0.51829261,0.59553647,0.18926646,0.40627001,68,True,49.050973,-0.13536557,641,False
experiment_0a_best,file,16,2088,37,36,39,38,2.0873013,0.12402138,0.53391844,-0.40989706,39,False,149.23531,0.063229261,3930,False
experiment_0a_best,file,16,3431,60,59,59,58,4.3256149,0.013225417,0.71841395,-0.70518853,59,False,183.87375,0.13842199,2088,False
experiment_0a_best,file,16,2718,48,47,192,191,0.00095822185,0.99904221,0.00016883912,0.99887337,48,True,0.13869759,-0.01350475,3431,False
experiment_0a_best,file,16,415,8,7,58,57,0.1228253,0.88441813,0.023688391,0.86072974,8,True,16.874467,0.010377193,2718,False
experiment_0a_best,file,16,9953,170,169,160,159,0.00095333898,0.9990471,0.00037187641,0.99867522,170,True,0.14568961,0.064859163,415,False
experiment_0a_best,file,16,2684,47,46,177,176,0.10327765,0.90187651,0.024434013,0.8774425,47,True,16.890069,-0.060147616,9953,False
experiment_0a_best,file,16,4006,69,68,137,136,0.40662822,0.66589171,0.06984742,0.59604429,69,True,49.884428,-0.13645278,2684,False
experiment_0a_best,file,16,148,3,2,1,0,1.5084702,0.22124818,0.74381483,-0.52256665,1,False,178.53468,-0.085963354,4006,False
experiment_0a_best,file,16,1017,19,18,193,192,1.81584,0.16270119,0.10129633,0.061404862,19,True,128.45112,0.15016628,148,False
experiment_0a_best,file,16,671,13,12,128,127,0.00039557737,0.99960452,0.00010262745,0.9995019,13,True,0.056421118,-0.089031691,1017,False
experiment_0a_best,file,16,151,3,2,9,8,0.63913864,0.5277468,0.3275294,0.2002174,3,True,101.37644,-0.012434133,671,False
experiment_0a_best,file,16,4617,80,79,82,81,1.1875017,0.30498224,0.26861501,0.036367238,80,True,93.159552,-0.12619254,151,False
experiment_0a_best,file,16,7287,125,124,131,130,3.4753578,0.030950755,0.72089088,-0.68994012,131,False,178.06024,0.054188592,4617,False
experiment_0a_best,file,16,9512,162,161,169,168,0.34836,0.7058447,0.27086127,0.43498343,162,True,77.350597,0.13227946,7287,False
experiment_0a_best,file,16,10901,185,184,62,61,0.9361707,0.39212656,0.084789008,0.30733755,185,True,79.14283,0.036717022,9512,False
experiment_0a_best,file,16,3701,64,63,62,61,1.5810173,0.20576568,0.30564773,-0.099882051,62,False,115.55227,0.051905818,10901,False
experiment_0a_best,file,16,4894,84,83,45,44,0.9223277,0.39759251,0.59239274,-0.19480023,45,False,130.10529,-0.09926102,3701,False
experiment_0a_best,file,16,7407,127,126,123,122,3.4026289,0.033285651,0.38296318,-0.34967753,123,False,214.87269,-0.082048721,4894,False
experiment_0a_best,file,16,4422,76,75,39,38,0.040641237,0.96017355,0.0067219539,0.95345159,76,True,7.8842092,0.066830381,7407,False
experiment_0a_best,file,16,6208,107,106,30,29,2.4375238,0.087376945,0.62493455,-0.53755761,30,False,166.79338,0.021069505,4422,False
experiment_0a_best,file,16,7375,126,125,124,123,0.49370921,0.61035824,0.27346545,0.33689278,126,True,110.70043,-0.045108397,6208,False
experiment_0a_best,file,16,3555,62,61,64,63,1.9322438,0.1448229,0.61334848,-0.46852559,64,False,156.02026,0.028535328,7375,False
experiment_0a_best,file,16,9793,167,166,157,156,0.50465846,0.60371172,0.12901345,0.47469828,167,True,64.347624,-0.13913222,3555,False
experiment_0a_best,file,16,303,6,5,7,6,0.0094084218,0.99063569,0.0092211645,0.98141453,6,True,2.4346693,0.058315691,9793,False
experiment_0a_best,file,16,9474,162,161,172,171,0.15658262,0.85506088,0.081834368,0.77322651,162,True,27.291049,0.10565411,303,False
experiment_0a_best,file,16,4449,77,76,38,37,0.0056704143,0.99434561,0.0019021339,0.99244347,77,True,0.81251105,0.082948401,9474,False
experiment_0a_best,file,16,4363,75,74,168,167,0.15185797,0.8591103,0.034788731,0.82432156,75,True,23.717708,0.061107964,4449,False
experiment_0a_best,file,16,6394,110,109,150,149,0.010717687,0.98933953,0.0016280119,0.98771152,110,True,1.1998029,0.044524621,4363,False
experiment_0a_best,file,16,5235,90,89,50,49,0.013652992,0.98643976,0.004554952,0.98188481,90,True,2.4059751,0.013892674,6394,False
experiment_0a_best,file,16,9193,157,156,175,174,0.049742773,0.95147413,0.044761058,0.90671307,157,True,8.1720222,0.08616838,5235,False
experiment_0a_best,file,16,3990,69,68,68,67,0.3894327,0.67744106,0.10656407,0.57087699,69,True,58.556005,-0.20661237,9193,False
experiment_0a_best,file,16,1790,32,31,136,135,0.57379502,0.56338334,0.04937207,0.51401127,32,True,85.557069,-0.07678167,3990,False
experiment_0a_best,file,16,181,4,3,27,26,2.9613175,0.05175069,0.1889998,-0.13724911,27,False,204.92851,0.026301401,1790,False
experiment_0a_best,file,16,710,13,12,89,88,0.86016673,0.42309153,0.1065532,0.31653833,13,True,76.371499,0.19657641,181,False
experiment_0a_best,file,16,11178,190,189,189,188,0.006125249,0.99389344,0.0051026712,0.98879077,190,True,0.90582049,0.032063454,710,False
experiment_0a_best,file,16,5845,100,99,101,100,0.066332147,0.93581998,0.028997732,0.90682225,100,True,9.5617499,0.0061424401,11178,False
experiment_0a_best,file,16,8544,146,145,144,143,0.0098977974,0.99015105,0.006729309,0.98342174,146,True,1.8672313,-0.093337497,5845,False
experiment_0a_best,file,16,6326,109,108,21,20,0.000234338,0.99976569,0.00010700612,0.99965869,109,True,0.03216417,0.17354982,8544,False
experiment_0a_best,file,16,4683,81,80,80,79,0.0079762274,0.99205548,0.0011374844,0.99091799,81,True,1.0702267,-0.019787285,6326,False
experiment_0a_best,file,16,9125,156,155,157,156,0.063788727,0.93820322,0.028394645,0.90980857,156,True,12.746572,-0.031910281,4683,False
experiment_0a_best,file,16,3979,69,68,178,177,0.33572638,0.71481866,0.051906802,0.66291185,69,True,53.060251,0.089125622,9125,False
experiment_0a_best,file,16,6330,109,108,21,20,0.12524928,0.88227695,0.014843822,0.86743313,109,True,20.01276,0.15229899,3979,False
experiment_0a_best,file,16,1259,23,22,30,29,2.9811447,0.050734729,0.5723511,-0.52161637,30,False,173.91963,-0.086703902,6330,False
experiment_0a_best,file,16,7930,136,135,137,136,1.8616588,0.15541461,0.8422296,-0.68681499,137,False,193.14803,-0.063660028,1259,False
experiment_0a_best,file,16,2286,40,39,135,134,0.96059632,0.38266462,0.40981942,-0.027154803,135,False,139.32187,0.097726516,7930,False
experiment_0a_best,file,16,6891,118,117,76,75,1.2902602,0.27519917,0.2425174,0.032681778,118,True,99.300809,-0.072982266,2286,False
experiment_0a_best,file,16,9317,159,158,99,98,0.0069371089,0.99308687,0.0030287451,0.99005813,159,True,1.1237827,0.026703956,6891,False
experiment_0a_best,file,16,2279,40,39,78,77,0.014355361,0.98574716,0.0048680678,0.98087909,40,True,3.8381609,-0.14047311,9317,False
experiment_0a_best,file,16,11516,196,195,199,198,2.2625928,0.10408027,0.4593944,-0.35531412,199,False,117.45899,0.0051748325,2279,False
experiment_0a_best,file,16,1717,31,30,33,32,0.0052510672,0.99476272,0.0050599938,0.98970272,31,True,1.0657093,-0.077015525,11516,False
experiment_0a_best,file,16,3371,59,58,62,61,1.2949678,0.27390668,0.18457307,0.089333609,59,True,87.758561,-0.094087153,1717,False
experiment_0a_best,file,16,11075,189,188,36,35,0.0025384368,0.99746478,0.0005604421,0.99690433,189,True,0.28416381,0.032838517,3371,False
experiment_0a_best,file,16,2038,36,35,88,87,0.027855061,0.97252929,0.0029905303,0.96953876,36,True,4.4093498,0.065456169,11075,False
experiment_0a_best,file,16,6845,117,116,116,115,1.8252976,0.16116968,0.63161379,-0.47044411,116,False,196.46609,0.0071708498,2038,False
experiment_0a_best,file,16,7382,126,125,124,123,1.5224717,0.21817195,0.64396924,-0.42579728,124,False,169.99822,-0.19857612,6845,False
experiment_0a_best,file,16,3016,53,52,86,85,0.24885426,0.7796936,0.11474811,0.6649455,53,True,37.913171,0.010811251,7382,False
experiment_0a_best,file,16,5196,89,88,46,45,0.00038032452,0.99961972,8.6628585e-05,0.99953309,89,True,0.041660231,0.11649998,3016,False
experiment_0a_best,file,16,4439,77,76,103,102,0.81062257,0.44458121,0.14014846,0.30443275,77,True,87.621333,-0.040807102,5196,False
experiment_0a_best,file,16,11759,200,199,168,167,0.20186137,0.81720823,0.094129674,0.72307856,200,True,31.840241,0.041723894,4439,False
experiment_0a_best,file,16,11421,194,193,36,35,0.045586437,0.955437,0.031360392,0.92407661,194,True,9.379709,0.024454906,11759,False
experiment_0a_best,file,16,3928,68,67,79,78,4.4659567,0.011493696,0.23088536,-0.21939166,79,False,156.99428,-0.16666929,11421,False
experiment_0a_best,file,16,7969,136,135,135,134,9.2947779,9.1902926e-05,0.9924528,-0.9923609,135,False,258.64714,-0.06861545,3928,False
experiment_0a_best,file,16,1491,27,26,107,106,5.3867922,0.0045766304,0.72403532,-0.71945869,107,False,246.91687,0.068310989,7969,False
experiment_0a_best,file,16,6000,103,102,19,18,0.46678609,0.62701422,0.088909388,0.53810483,103,True,73.999933,0.088501593,1491,False
experiment_0a_best,file,16,3208,56,55,17,16,0.0015833948,0.99841785,0.00037310048,0.99804475,56,True,0.26887052,-0.18066461,6000,False
experiment_0a_best,file,16,5522,95,94,20,19,0.0011916211,0.9988091,0.00044764046,0.99836146,95,True,0.1412973,0.052406307,3208,False
experiment_0a_best,file,16,8626,147,146,146,145,0.47834012,0.61981136,0.15856898,0.46124238,147,True,55.324077,-0.047426472,5522,False
experiment_0a_best,file,16,1332,24,23,26,25,0.69031739,0.50141692,0.1074174,0.39399952,24,True,91.656118,0.049159993,8626,False
experiment_0a_best,file,16,3799,66,65,62,61,0.005386482,0.99462801,0.0037029469,0.99092507,66,True,0.95073236,-0.077197754,1332,False
experiment_0a_best,file,16,861,16,15,97,96,0.0072174058,0.99280858,0.0028662884,0.98994229,16,True,1.4206792,-0.031282031,3799,False
experiment_0a_best,file,16,8361,143,142,145,144,0.19335522,0.82418919,0.13348161,0.69070758,143,True,24.392512,0.044240378,861,False
experiment_0a_best,file,16,1973,35,34,119,118,0.008597739,0.9914391,0.0015651967,0.98987391,35,True,1.5319168,0.034379424,8361,False
experiment_0a_best,file,16,1837,33,32,31,30,0.60052383,0.54852426,0.083268836,0.46525542,33,True,58.227956,0.030197639,1973,False
experiment_0a_best,file,16,4840,83,82,33,32,0.037517514,0.96317756,0.011484694,0.95169287,83,True,6.0438365,-0.002821526,1837,False
experiment_0a_best,file,16,8917,152,151,171,170,0.88813931,0.41142058,0.060657151,0.35076343,152,True,117.00357,-0.056350311,4840,False
experiment_0a_best,file,16,2827,49,48,29,28,4.9366789,0.0071783983,0.64868802,-0.64150962,29,False,247.74373,0.0076413745,8917,False
experiment_0a_best,file,16,5699,98,97,95,94,0.17832807,0.8366679,0.1098215,0.7268464,98,True,36.00427,-0.025020237,2827,False
experiment_0a_best,file,16,8653,148,147,76,75,1.4496617,0.23464966,0.077509254,0.1571404,148,True,138.72542,0.067471699,5699,False
experiment_0a_best,file,16,7111,122,121,120,119,0.017054217,0.9830904,0.0048477943,0.97824261,122,True,4.0666355,-0.078991777,8653,False
experiment_0a_best,file,16,6416,110,109,194,193,0.00092499377,0.99907541,0.00045306879,0.99862234,110,True,0.13552396,-0.15829532,7111,False
experiment_0a_best,file,16,2343,41,40,111,110,0.047472838,0.95363635,0.013118254,0.94051809,41,True,8.5564339,-0.028397653,6416,False
experiment_0a_best,file,16,7633,131,130,113,112,0.41815397,0.65826088,0.10448956,0.55377132,131,True,53.812578,0.014384346,2343,False
experiment_0a_best,file,16,1571,28,27,190,189,0.00054749759,0.99945265,0.00027332778,0.99917932,28,True,0.16091549,0.020257951,7633,False
experiment_0a_best,file,16,1952,35,34,56,55,0.014855242,0.98525453,0.004175311,0.98107922,35,True,2.466757,0.094406209,1571,False
experiment_0a_best,file,16,8012,137,136,135,134,0.013773164,0.98632127,0.012421346,0.97389992,137,True,2.6300689,0.044645228,1952,False
experiment_0a_best,file,16,11532,196,195,153,152,0.10542579,0.89994127,0.061823759,0.83811751,196,True,23.744307,0.035023565,8012,False
experiment_0a_best,file,16,8107,139,138,140,139,0.60773122,0.54458505,0.45166159,0.092923462,139,True,119.33722,-0.017147112,11532,False
experiment_0a_best,file,16,7871,135,134,137,136,3.8969123,0.020304509,0.91388947,-0.89358496,137,False,177.83536,-0.033324215,8107,False
experiment_0a_best,file,16,1027,19,18,155,154,0.6514836,0.52127188,0.41533405,0.10593784,19,True,106.84375,-0.042165173,7871,False
experiment_0a_best,file,16,3069,53,52,51,50,0.00066353712,0.99933666,0.00042421263,0.99891245,53,True,0.11002199,0.020382544,1027,False
experiment_0a_best,file,16,9721,166,165,165,164,0.035686072,0.96494317,0.0097448276,0.95519834,166,True,5.0665497,0.0949998,3069,False
experiment_0a_best,file,16,9988,170,169,98,97,0.17093582,0.84287566,0.027222529,0.81565313,170,True,24.645508,0.15213778,9721,False
experiment_0a_best,file,16,5099,88,87,36,35,0.088236503,0.91554433,0.035382681,0.88016165,88,True,11.858941,-0.033368422,9988,False
experiment_0a_best,file,16,10420,177,176,167,166,0.66566342,0.51393247,0.06223752,0.45169495,177,True,64.033604,0.073120784,5099,False
experiment_0a_best,file,16,3164,55,54,133,132,0.0022565871,0.99774593,0.00064406538,0.99710187,55,True,0.31257375,0.050051926,10420,False
experiment_0a_best,file,16,8053,138,137,136,135,0.26402774,0.76795226,0.097773142,0.67017912,138,True,38.716487,0.084710309,3164,False
experiment_0a_best,file,16,8498,145,144,147,146,1.6771356,0.18690859,0.67544585,-0.48853727,147,False,132.72693,-0.039128107,8053,False
experiment_0a_best,file,16,6675,115,114,117,116,0.95105636,0.38633269,0.57542247,-0.18908978,117,False,127.54137,-0.011186979,8498,False
experiment_0a_best,file,16,5635,97,96,54,53,0.37123963,0.68987864,0.065832131,0.62404651,97,True,47.691176,-0.11571664,6675,False
experiment_0a_best,file,16,2888,50,49,52,51,0.53648877,0.58479798,0.30558786,0.27921012,50,True,68.71185,0.1303716,5635,False
experiment_0a_best,file,16,3761,65,64,45,44,0.75217599,0.47133982,0.28740647,0.18393335,65,True,112.82092,-0.056158122,2888,False
experiment_0a_best,file,16,4768,82,81,80,79,0.020419385,0.97978771,0.0095539829,0.97023372,82,True,2.5818103,0.063359943,3761,False
experiment_0a_best,file,16,2152,38,37,77,76,1.1484685,0.31712213,0.43443429,-0.11731216,77,False,97.633402,-0.069533709,4768,False
experiment_0a_best,file,16,4699,81,80,79,78,0.032668654,0.96785921,0.01256953,0.95528968,81,True,6.88487,0.020961231,2152,False
experiment_0a_best,file,16,1229,22,21,105,104,0.45565546,0.63403225,0.27998608,0.35404617,22,True,80.909727,-0.056252985,4699,False
experiment_0a_best,file,16,4770,82,81,79,78,0.3521103,0.70320255,0.24431889,0.45888366,82,True,54.839737,0.081978551,1229,False
experiment_0a_best,file,16,822,15,14,158,157,0.0014075858,0.99859339,0.00029389194,0.9982995,15,True,0.19988242,-0.051509468,4770,False
experiment_0a_best,file,16,11174,190,189,94,93,1.5841995,0.20511192,0.26122725,-0.056115329,94,False,115.44176,-0.092110716,822,False
experiment_0a_best,file,16,1877,34,33,52,51,0.0029413316,0.99706298,0.0007902683,0.99627271,34,True,0.52035218,-0.037015621,11174,False
experiment_0a_best,file,16,605,12,11,108,107,0.25428468,0.77547103,0.063369267,0.71210176,12,True,30.760885,-0.010690378,1877,False
experiment_0a_best,file,16,5342,92,91,194,193,0.0038823721,0.99612516,0.0016398606,0.9944853,92,True,0.61213275,0.098990729,605,False
experiment_0a_best,file,16,4858,84,83,45,44,0.001508171,0.99849296,0.00052475638,0.9979682,84,True,0.28574514,-0.046187759,5342,False
experiment_0a_best,file,16,10803,184,183,183,182,0.676341,0.50847411,0.42177245,0.086701661,184,True,122.23031,0.066778066,4858,False
experiment_0a_best,file,16,5691,98,97,55,54,0.052710202,0.94865489,0.0085422872,0.9401126,98,True,9.0386754,0.14918863,10803,False
experiment_0a_best,file,16,11484,195,194,174,173,0.00051199202,0.99948812,7.3276497e-05,0.99941484,195,True,0.091171502,0.15904195,5691,False
experiment_0a_best,file,16,1299,24,23,5,4,0.0023876512,0.99761522,0.0012436615,0.99637156,24,True,0.3400631,-0.039765636,11484,False
experiment_0a_best,file,16,9021,154,153,181,180,0.78362972,0.45674515,0.53408366,-0.077338517,181,False,152.07142,0.063039361,1299,False
experiment_0a_best,file,16,11412,194,193,198,197,0.43413579,0.64782429,0.17414068,0.47368361,194,True,69.97216,-0.056884176,9021,False
experiment_0a_best,file,16,10931,186,185,185,184,0.0071839117,0.99284184,0.0050023394,0.9878395,186,True,1.5024638,0.021305931,11412,False
experiment_0a_best,file,16,9559,163,162,88,87,0.12829986,0.87958956,0.018618053,0.8609715,163,True,12.810951,0.045342123,10931,False
experiment_0a_best,file,16,72,2,1,59,58,0.0021370449,0.99786526,0.00063263188,0.99723263,2,True,0.31584558,-0.035800162,9559,False
experiment_0a_best,file,16,7761,133,132,132,131,0.012219685,0.98785466,0.0043904772,0.98346418,133,True,1.6948999,0.054259906,72,False
experiment_0a_best,file,16,5287,91,90,45,44,3.6122503,0.026991036,0.54267788,-0.51568684,45,False,196.03594,-0.076280552,7761,False
experiment_0a_best,file,16,4209,73,72,74,73,0.00580838,0.99420846,0.003716019,0.99049244,73,True,1.1694874,-0.040696099,5287,False
experiment_0a_best,file,16,8378,143,142,147,146,0.94793582,0.38754016,0.26544109,0.12209907,143,True,115.18046,-0.11564238,4209,False
experiment_0a_best,file,16,1548,28,27,187,186,0.0017113339,0.99829012,0.0010333346,0.99725679,28,True,0.44567715,0.0035060734,8378,False
experiment_0a_best,file,16,9783,167,166,180,179,4.8563652,0.007778706,0.9785282,-0.9707495,180,False,180.45422,-0.030833917,1548,False
experiment_0a_best,file,16,4267,74,73,107,106,0.008803484,0.99123514,0.0017667516,0.98946839,74,True,1.8127994,-0.10969424,9783,False
experiment_0a_best,file,16,5492,94,93,160,159,0.0044042496,0.99560541,0.00079613645,0.99480927,94,True,0.77758416,-0.043796304,4267,False
experiment_0a_best,file,16,6081,104,103,150,149,0.10208183,0.90295565,0.052130364,0.85082529,104,True,16.237859,0.09397321,5492,False
experiment_0a_best,file,16,7469,128,127,104,103,5.0606894,0.0063411864,0.51271117,-0.50636998,104,False,228.41181,-0.23561527,6081,False
experiment_0a_best,file,16,8975,153,152,155,154,0.078207694,0.92477232,0.073941857,0.85083047,153,True,17.621042,0.082476012,7469,False
experiment_0a_best,file,16,7079,121,120,117,116,3.3479614,0.035155952,0.39258188,-0.35742593,117,False,192.00947,0.0569213,8975,False
experiment_0a_best,file,16,7290,125,124,131,130,0.04859085,0.9525708,0.020185234,0.93238556,125,True,8.9822436,-0.056477997,7079,False
experiment_0a_best,file,16,6478,111,110,78,77,2.8457751,0.058089226,0.85674608,-0.79865685,78,False,214.88096,0.014079879,7290,False
experiment_0a_best,file,16,7254,124,123,113,112,0.01534243,0.98477465,0.0024558853,0.98231876,124,True,2.4743998,0.095534387,6478,False
experiment_0a_best,file,16,1704,31,30,33,32,3.7702019,0.023047408,0.86896163,-0.84591422,33,False,192.09496,-0.12255442,7254,False
experiment_0a_best,file,16,3415,59,58,66,65,2.6587329,0.070036903,0.37152624,-0.30148934,66,False,130.36755,-0.094327709,1704,False
experiment_0a_best,file,16,9006,154,153,155,154,0.50753152,0.60197973,0.09338367,0.50859606,154,True,76.736279,0.044580357,3415,False
experiment_0a_best,file,16,6037,104,103,131,130,0.021912139,0.9783262,0.0054306611,0.97289554,104,True,3.6199014,-0.025201806,9006,False
experiment_0a_best,file,16,6111,105,104,92,91,3.8619246,0.02102749,0.86344063,-0.84241314,92,False,158.46786,-0.13410666,6037,False
experiment_0a_best,file,16,5035,87,86,86,85,0.006644655,0.99337739,0.0018580629,0.99151932,87,True,1.1449813,-0.087382682,6111,False
experiment_0a_best,file,16,9757,166,165,167,166,0.026630275,0.97372121,0.0034055586,0.97031565,166,True,4.7877938,0.0056644617,5035,False
experiment_0a_best,file,16,8411,144,143,141,140,4.5007262,0.011100933,0.94279724,-0.93169631,141,False,198.82346,-0.13017311,9757,False
experiment_0a_best,file,16,10264,175,174,157,156,2.6179063,0.072955444,0.82720262,-0.75424717,157,False,157.34528,-0.0029442717,8411,False
experiment_0a_best,file,16,955,18,17,37,36,0.0024925375,0.99751055,0.0007201932,0.99679036,18,True,0.58671501,0.093806904,10264,False
experiment_0a_best,file,16,762,14,13,54,53,1.3468663,0.26005396,0.73057944,-0.47052547,54,False,153.34604,0.083944053,955,False
experiment_0a_best,file,16,9402,160,159,164,163,0.0015047191,0.99849641,0.00039604554,0.99810037,160,True,0.2390156,-0.050693092,762,False
experiment_0a_best,file,16,11244,191,190,69,68,0.0014143712,0.99858665,0.00019153205,0.99839512,191,True,0.19168743,0.092679126,9402,False
experiment_0a_best,file,16,617,12,11,108,107,0.91852784,0.39910614,0.13456367,0.26454248,12,True,82.22752,0.037331496,11244,False
experiment_0a_best,file,16,10429,178,177,153,152,0.58555245,0.55679816,0.094358377,0.46243978,178,True,69.344566,-0.0031096933,617,False
experiment_0a_best,file,16,7544,129,128,125,124,0.94341719,0.38929531,0.58110082,-0.19180551,125,False,145.94074,0.078267546,10429,False
experiment_0a_best,file,16,6861,118,117,130,129,3.405921,0.033176251,0.93980908,-0.90663283,130,False,213.68615,-0.14044334,7544,False
experiment_0a_best,file,16,9382,160,159,138,137,0.0027799078,0.99722397,0.00082765811,0.99639632,160,True,0.45615145,0.13040487,6861,False
experiment_0a_best,file,16,1415,26,25,30,29,3.2526004,0.038673509,0.54272479,-0.50405128,30,False,123.567,0.038459789,9382,False
experiment_0a_best,file,16,1897,34,33,199,198,0.020256203,0.97994757,0.0022185922,0.97772897,34,True,3.6198163,-0.11315527,1415,False
experiment_0a_best,file,16,8323,142,141,160,159,0.035821337,0.96481264,0.0086582582,0.95615438,142,True,5.9522688,-0.012655769,1897,False
experiment_0a_best,file,16,4275,74,73,111,110,4.2299204,0.014553546,0.26855722,-0.25400367,111,False,149.48501,-0.039044997,8323,False
experiment_0a_best,file,16,4612,79,78,82,81,0.1684778,0.84495002,0.12028079,0.72466923,79,True,24.083475,-0.083117706,4275,False
experiment_0a_best,file,16,5800,99,98,183,182,0.081935607,0.92133129,0.015162266,0.90616902,99,True,13.682351,0.017228382,4612,False
experiment_0a_best,file,16,7074,121,120,128,127,0.55404884,0.57461858,0.051286183,0.52333239,121,True,72.093644,0.080040602,5800,False
experiment_0a_best,file,16,2325,41,40,32,31,4.7605467,0.0085609276,0.49563229,-0.48707136,32,False,167.51612,-0.034054052,7074,False
experiment_0a_best,file,16,8526,146,145,145,144,0.30131531,0.73984444,0.11582715,0.62401729,146,True,53.183037,0.064376371,2325,False
experiment_0a_best,file,16,6685,115,114,131,130,5.1224141,0.0059616128,0.78548884,-0.77952723,131,False,223.13741,0.019641957,8526,False
experiment_0a_best,file,16,15,1,0,2,1,0.0092821717,0.9907608,0.0041181091,0.98664269,1,True,1.7749987,0.12548301,6685,False
experiment_0a_best,file,16,2402,42,41,139,138,0.0021766559,0.99782568,0.001306463,0.99651922,42,True,0.38206516,-0.085263365,15,False
experiment_0a_best,file,16,8836,151,150,114,113,0.0015055523,0.99849558,0.00020201465,0.99829356,151,True,0.24564375,-0.099345209,2402,False
experiment_0a_best,file,16,11647,198,197,150,149,0.54801476,0.57809633,0.19127798,0.38681835,198,True,84.155175,-0.089598956,8836,False
experiment_0a_best,file,16,9326,159,158,171,170,0.047146861,0.95394731,0.0090359859,0.94491132,159,True,6.7214989,-0.041563872,11647,False
experiment_0a_best,file,16,533,10,9,109,108,0.0039160959,0.99609154,0.0010226221,0.99506892,10,True,0.49044493,0.035023881,9326,False
experiment_0a_best,file,16,11755,200,199,153,152,0.013578553,0.9865132,0.0021581629,0.98435503,200,True,1.9838763,0.055336804,533,False
experiment_0a_best,file,16,5637,97,96,95,94,0.15626128,0.85533565,0.054528389,0.80080726,97,True,19.423569,-0.0022088122,11755,False
experiment_0a_best,file,16,2487,44,43,49,48,0.0037205063,0.99628639,0.0008462774,0.99544011,44,True,0.69315227,0.040337477,5637,False
experiment_0a_best,file,16,7243,124,123,123,122,0.070973791,0.93148631,0.029440237,0.90204607,124,True,10.804384,0.027613226,2487,False
experiment_0a_best,file,16,3438,60,59,64,63,0.9449212,0.3887102,0.36484772,0.023862481,60,True,102.67574,0.013114111,7243,False
experiment_0a_best,file,16,2254,40,39,128,127,3.0626769,0.046762355,0.090314582,-0.043552227,128,False,185.13132,0.091698878,3438,False
experiment_0a_best,file,16,368,7,6,6,5,0.31625959,0.72887021,0.25724462,0.4716256,7,True,53.270149,0.025317107,2254,False
experiment_0a_best,file,16,11657,198,197,91,90,0.002521314,0.99748188,0.00091671885,0.99656516,198,True,0.40583429,0.18092759,368,False
experiment_0a_best,file,16,8625,147,146,71,70,5.7393255,0.0032169374,0.63084072,-0.62762378,71,False,168.12167,-0.043731362,11657,False
experiment_0a_best,file,16,6663,114,113,85,84,0.019876702,0.98031956,0.013866275,0.96645328,114,True,3.143657,-0.018047393,8625,False
experiment_0a_best,file,16,7200,123,122,124,123,0.0004856599,0.99951446,0.00035899485,0.99915547,123,True,0.077732869,-0.022996061,6663,False
experiment_0a_best,file,16,9896,169,168,20,19,0.0023776614,0.99762517,0.00091375003,0.99671142,169,True,0.33782939,0.065562266,7200,False
experiment_0a_best,file,16,3746,65,64,84,83,0.79726648,0.45055887,0.22409235,0.22646652,65,True,112.24387,0.10594981,9896,False
experiment_0a_best,file,16,5003,86,85,1,0,0.58880633,0.55498934,0.17458178,0.38040756,86,True,101.66465,0.058357952,3746,False
experiment_0a_best,file,16,5946,102,101,40,39,1.1756072,0.30863154,0.58927298,-0.28064144,40,False,105.72238,0.028042365,5003,False
experiment_0a_best,file,16,7141,122,121,99,98,2.2839899,0.10187691,0.12014703,-0.01827012,99,False,151.99254,0.14537241,5946,False
experiment_0a_best,file,16,3375,59,58,66,65,0.11183757,0.89418948,0.091403805,0.80278567,59,True,16.738354,-0.032782462,7141,False
experiment_0a_best,file,16,1165,21,20,158,157,0.064307876,0.93771625,0.021752762,0.91596348,21,True,8.3221464,-0.029807706,3375,False
experiment_0a_best,file,16,1171,21,20,149,148,3.6239481,0.026677143,0.12665747,-0.099980328,149,False,160.9727,0.10933349,1165,True
experiment_0a_best,file,16,6988,120,119,125,124,0.010406282,0.98964769,0.0019305384,0.98771715,120,True,1.3739666,-0.11013855,1171,False
experiment_0a_best,file,16,1860,33,32,31,30,0.010190246,0.98986149,0.0039386512,0.98592284,33,True,1.522106,0.02913153,6988,False
experiment_0a_best,file,16,7022,120,119,34,33,1.9553819,0.14151043,0.36528328,-0.22377285,34,False,124.49243,-0.017566722,1860,False
experiment_0a_best,file,16,9421,161,160,177,176,0.00053927657,0.99946088,0.00010368701,0.99935719,161,True,0.083033943,0.072647263,7022,False
experiment_0a_best,file,16,7272,125,124,131,130,0.0092329197,0.99080956,0.0029228157,0.98788674,125,True,2.0861568,0.017804939,9421,False
experiment_0a_best,file,16,32,1,0,3,2,2.644486,0.07104186,0.87054342,-0.79950156,3,False,220.99869,0.10080616,7272,False
experiment_0a_best,file,16,8997,154,153,178,177,1.2141738,0.29695526,0.1858315,0.11112376,154,True,120.0287,-0.14240668,32,False
experiment_0a_best,file,16,3145,55,54,168,167,0.001525311,0.99847585,0.00016282633,0.99831302,55,True,0.1974138,-0.067959994,8997,False
experiment_0a_best,file,16,2386,42,41,139,138,0.060194589,0.94158131,0.029032761,0.91254855,42,True,9.3972333,0.03191481,3145,False
experiment_0a_best,file,16,11332,193,192,114,113,0.048209004,0.95293462,0.0080298558,0.94490477,193,True,9.129979,-0.095170801,2386,False
experiment_0a_best,file,16,5359,92,91,194,193,0.058731303,0.94296008,0.025015427,0.91794466,92,True,10.611416,-0.078931751,11332,False
experiment_0a_best,file,16,2598,46,45,58,57,0.0048284596,0.99518317,0.00094795949,0.99423521,46,True,0.78298231,-0.0042123683,5359,False
experiment_0a_best,file,16,388,8,7,25,24,1.1511379,0.31627667,0.19372299,0.12255368,8,True,114.76629,-0.03984297,2598,False
experiment_0a_best,file,16,7936,136,135,137,136,0.074637443,0.9280799,0.064158119,0.86392178,136,True,12.527708,-0.091746913,388,False
experiment_0a_best,file,16,9947,169,168,176,175,0.0021573859,0.99784493,0.00098785548,0.99685708,169,True,0.31087904,0.1827333,7936,False
experiment_0a_best,file,16,5267,91,90,102,101,0.1915988,0.82563806,0.053450037,0.77218802,91,True,27.095137,0.0058951882,9947,False
experiment_0a_best,file,16,9223,157,156,175,174,0.11751819,0.88912433,0.050411489,0.83871284,157,True,18.692739,-0.069961963,5267,False
experiment_0a_best,file,16,10306,175,174,157,156,0.064165227,0.93785,0.011865669,0.92598433,175,True,12.971777,-0.13917776,9223,False
experiment_0a_best,file,16,4853,84,83,63,62,0.25169986,0.77747804,0.12703975,0.65043829,84,True,47.196979,-0.042378996,10306,False
experiment_0a_best,file,16,10599,180,179,182,181,0.034786705,0.96581137,0.029656369,0.936155,180,True,5.5816156,0.19316593,4853,False
experiment_0a_best,file,16,912,17,16,140,139,0.29097748,0.74753249,0.083510511,0.66402198,17,True,41.062774,0.0205606,10599,False
experiment_0a_best,file,16,9503,162,161,176,175,0.00018618758,0.99981385,4.6381392e-05,0.99976747,162,True,0.02544443,-0.0036388727,912,False
experiment_0a_best,file,16,8233,141,140,84,83,0.94878608,0.38721079,0.48778594,-0.10057515,84,False,113.85258,0.02969004,9503,False
experiment_0a_best,file,16,444,9,8,27,26,0.053906638,0.94752055,0.019347085,0.92817347,9,True,7.8334165,-0.0061933167,8233,False
experiment_0a_best,file,16,2198,39,38,43,42,4.9249077,0.0072633959,0.48835388,-0.48109048,43,False,190.93977,-0.091960822,444,False
experiment_0a_best,file,16,10347,176,175,163,162,0.0039210832,0.9960866,0.00091006572,0.99517653,176,True,0.51460758,-0.0083660567,2198,False
experiment_0a_best,file,16,5285,91,90,76,75,0.35171121,0.70348328,0.093350768,0.61013252,91,True,59.506992,0.10410212,10347,False
experiment_0a_best,file,16,361,7,6,6,5,0.00071821641,0.99928206,0.00044649225,0.99883557,7,True,0.11326962,-0.045645748,5285,False
experiment_0a_best,file,16,8848,151,150,152,151,0.0093511445,0.99069244,0.0023247746,0.98836766,151,True,1.8982361,-0.0021573115,361,False
experiment_0a_best,file,16,2931,51,50,50,49,2.934428,0.053161114,0.66284132,-0.60968021,50,False,187.53366,0.036575695,8848,False
experiment_0a_best,file,16,2071,37,36,39,38,4.8294163,0.0079911826,0.44268164,-0.43469046,39,False,141.09228,0.077249709,2931,False
experiment_0a_best,file,16,662,13,12,108,107,0.0013277057,0.9986732,0.0005150683,0.99815813,13,True,0.17790528,0.0068640921,2071,False
experiment_0a_best,file,16,3271,57,56,192,191,0.004803902,0.99520761,0.0019305152,0.99327709,57,True,0.74555936,0.082277102,662,False
experiment_0a_best,file,16,11283,192,191,57,56,0.00043275527,0.99956733,6.451051e-05,0.99950282,192,True,0.068258717,0.011956559,3271,False
experiment_0a_best,file,16,9371,160,159,152,151,1.8969477,0.15002583,0.0667632,0.08326263,160,True,152.85949,0.019288998,11283,False
experiment_0a_best,file,16,511,10,9,109,108,0.024959698,0.97534925,0.005131599,0.97021765,10,True,3.2717855,0.039401668,9371,False
experiment_0a_best,file,16,7106,122,121,76,75,0.18088141,0.83453435,0.073340505,0.76119384,122,True,39.942135,-0.021485942,511,False
experiment_0a_best,file,16,6182,106,105,84,83,0.0045288615,0.99548137,0.0028559994,0.99262537,106,True,0.80899579,0.0079936137,7106,False
experiment_0a_best,file,16,8405,144,143,147,146,0.61762762,0.53922218,0.1503216,0.38890058,144,True,77.485296,-0.14692415,6182,False
experiment_0a_best,file,16,2439,43,42,174,173,3.935925,0.019527633,0.58996624,-0.5704386,174,False,158.18591,-0.041101414,8405,False
experiment_0a_best,file,16,9446,161,160,163,162,4.2270122,0.014595939,0.097466409,-0.08287047,163,False,167.93072,-0.018354774,2439,False
experiment_0a_best,file,16,3497,61,60,64,63,0.36719,0.69267803,0.18073231,0.51194572,61,True,59.392944,-0.073690858,9446,False
experiment_0a_best,file,16,8172,140,139,16,15,0.10973051,0.89607561,0.069798499,0.82627711,140,True,17.968131,0.1876714,3497,False
experiment_0a_best,file,16,1658,30,29,107,106,3.3456841,0.035236109,0.35798252,-0.32274641,107,False,217.45671,0.040302658,8172,False
experiment_0a_best,file,16,3706,64,63,62,61,0.4902786,0.61245573,0.11539774,0.49705798,64,True,48.875129,0.027195249,1658,False
experiment_0a_best,file,16,5096,88,87,163,162,0.0095103309,0.99053472,0.0017018834,0.98883284,88,True,1.6159008,0.021185678,3706,False
experiment_0a_best,file,16,5432,93,92,193,192,5.6500554,0.0035173222,0.27781489,-0.27429757,193,False,186.86032,0.073617974,5096,False
experiment_0a_best,file,16,6880,118,117,193,192,3.2512243,0.038726769,0.67987013,-0.64114336,193,False,245.37209,0.12481677,5432,False
experiment_0a_best,file,16,2034,36,35,35,34,0.049030554,0.95215201,0.012071569,0.94008044,36,True,7.4702037,0.0058791987,6880,False
experiment_0a_best,file,16,8949,153,152,173,172,0.19470957,0.82307369,0.029603101,0.79347058,153,True,39.220442,-0.089907913,2034,False
experiment_0a_best,file,16,10877,185,184,186,185,5.7546549,0.0031679994,0.97672087,-0.97355287,186,False,164.80861,-0.018974691,8949,False
experiment_0a_best,file,16,11558,197,196,121,120,0.008594784,0.99144202,0.0012791447,0.99016288,197,True,1.5982474,-0.023207749,10877,False
experiment_0a_best,file,16,10353,176,175,169,168,0.0070646019,0.99296027,0.00091544731,0.99204483,176,True,1.0200985,-0.035032732,11558,False
experiment_0a_best,file,16,5997,103,102,76,75,3.4261603,0.03251154,0.35573271,-0.32322117,76,False,105.0411,0.051425708,10353,False
experiment_0a_best,file,16,3787,66,65,65,64,3.5371106,0.029097285,0.81235802,-0.78326074,65,False,188.32116,-0.081087822,5997,False
experiment_0a_best,file,16,11232,191,190,188,187,0.84652215,0.428904,0.52590448,-0.09700048,188,False,82.587825,0.014469303,3787,False
experiment_0a_best,file,16,4848,83,82,82,81,0.32299426,0.72397804,0.040017605,0.68396044,83,True,42.342115,0.016898457,11232,False
experiment_0a_best,file,16,9080,155,154,154,153,1.4389544,0.23717563,0.37776977,-0.14059414,154,False,103.01789,0.050565441,4848,False
experiment_0a_best,file,16,5394,93,92,59,58,0.032324653,0.96819222,0.0030738215,0.9651184,93,True,7.3393638,0.037313056,9080,False
experiment_0a_best,file,16,4994,86,85,53,52,0.020585693,0.97962475,0.0032882125,0.97633654,86,True,3.8702667,0.048369636,5394,False
experiment_0a_best,file,16,11088,189,188,36,35,0.0022999996,0.99770266,0.0013213448,0.99638131,189,True,0.33868795,0.0063373679,4994,False
experiment_0a_best,file,16,4716,81,80,79,78,0.10072258,0.9041838,0.017154053,0.88702975,81,True,16.959943,0.019648814,11088,False
experiment_0a_best,file,16,10989,187,186,190,189,0.29365939,0.74553037,0.24463084,0.50089952,187,True,88.027534,-0.07023321,4716,False
experiment_0a_best,file,16,8410,144,143,145,144,9.2778225,9.3474489e-05,0.83040947,-0.83031599,145,False,203.93861,-0.064802808,10989,False
experiment_0a_best,file,16,10124,172,171,16,15,0.085030034,0.91848469,0.027785158,0.89069953,172,True,11.728412,0.015398767,8410,False
experiment_0a_best,file,16,9855,168,167,162,161,1.7063015,0.18153597,0.76047099,-0.57893501,162,False,159.17651,-0.0076601288,10124,False
experiment_0a_best,file,16,1603,29,28,142,141,5.3807955,0.004604158,0.43701491,-0.43241075,142,False,121.05061,-0.038966592,9855,False
experiment_0a_best,file,16,10539,179,178,155,154,0.0049961959,0.99501628,0.0014624347,0.99355384,179,True,0.86485269,-0.0207173,1603,False
experiment_0a_best,file,16,3160,55,54,96,95,0.9886049,0.37209544,0.34937534,0.022720098,55,True,111.53612,0.017751378,10539,False
experiment_0a_best,file,16,6513,112,111,111,110,0.097773388,0.90685439,0.088907041,0.81794735,112,True,18.868619,-0.018512121,3160,False
experiment_0a_best,file,16,7430,127,126,128,127,0.32657036,0.72139359,0.12308109,0.5983125,127,True,36.446748,0.051801646,6513,False
experiment_0a_best,file,16,1772,32,31,33,32,5.9201145,0.0026848924,0.92906904,-0.92638415,33,False,204.45895,-0.090366293,7430,False
experiment_0a_best,file,16,5158,89,88,90,89,0.000334207,0.99966586,3.8586444e-05,0.99962727,89,True,0.04583744,-0.1078335,1772,False
experiment_0a_best,file,16,10638,181,180,195,194,0.017178668,0.98296803,0.011085019,0.97188301,181,True,3.5610304,-0.058537563,5158,False
experiment_0a_best,file,16,2832,50,49,51,50,0.23456867,0.79091191,0.11120364,0.67970827,50,True,31.065287,0.11707092,10638,False
experiment_0a_best,file,16,10225,174,173,168,167,1.3296487,0.26457018,0.26793396,-0.0033637881,168,False,146.06291,-0.038439276,2832,False
experiment_0a_best,file,16,460,9,8,29,28,0.48440579,0.61606318,0.11877216,0.49729102,9,True,44.874176,-0.13415427,10225,False
experiment_0a_best,file,16,7417,127,126,129,128,6.1962719,0.0020370109,0.88415265,-0.88211564,129,False,190.51314,-0.060828193,460,False
experiment_0a_best,file,16,3546,61,60,66,65,0.14277369,0.86695027,0.039129548,0.82782073,61,True,16.577224,-0.012202083,7417,False
experiment_0a_best,file,16,5772,99,98,149,148,0.042049956,0.95882189,0.016166555,0.94265534,99,True,5.7878281,0.033965286,3546,False
experiment_0a_best,file,16,11034,188,187,191,190,0.0027725373,0.9972313,0.0011845571,0.99604675,188,True,0.38504812,0.038343264,5772,False
experiment_0a_best,file,16,8042,137,136,118,117,3.3942878,0.033564452,0.68551618,-0.65195173,118,False,156.63779,-0.069282673,11034,False
experiment_0a_best,file,16,1670,30,29,19,18,7.496942,0.00055477821,0.41145352,-0.41089874,19,False,199.51777,-0.011044188,8042,False
experiment_0a_best,file,16,11448,195,194,130,129,0.0030664825,0.99693823,0.00044457798,0.99649365,195,True,0.66375718,-0.0085737583,1670,False
experiment_0a_best,file,16,5979,103,102,19,18,0.51172507,0.5994606,0.053324696,0.54613591,103,True,65.330302,-0.032240221,11448,False
experiment_0a_best,file,16,7152,123,122,121,120,2.1514335,0.1163173,0.19197616,-0.075658858,121,False,168.43003,0.073968375,5979,False
experiment_0a_best,file,16,2554,45,44,63,62,3.2685492,0.038061604,0.83647257,-0.79841097,63,False,183.89134,-0.042212228,7152,False
experiment_0a_best,file,16,115,2,1,1,0,0.18546012,0.83072197,0.061642297,0.76907968,2,True,30.931172,0.021953184,2554,False
experiment_0a_best,file,16,9090,155,154,153,152,0.033065818,0.96747488,0.014861454,0.95261342,155,True,5.6951024,0.076700436,115,False
experiment_0a_best,file,16,313,6,5,7,6,0.068045549,0.93421793,0.055486184,0.87873175,6,True,17.422733,0.043999503,9090,False
experiment_0a_best,file,16,5206,90,89,51,50,0.69582558,0.49866259,0.20052177,0.29814082,90,True,90.483013,-0.13359389,313,False
experiment_0a_best,file,16,10103,172,171,200,199,2.8059278,0.060450662,0.45280096,-0.3923503,200,False,166.79826,-0.05990728,5206,False
experiment_0a_best,file,16,10552,180,179,182,181,0.02215201,0.97809154,0.0040901927,0.97400135,180,True,3.618619,-0.024285431,10103,False
experiment_0a_best,file,16,345,7,6,5,4,0.0037516227,0.9962554,0.0013931971,0.9948622,7,True,0.59775402,-0.033737781,10552,False
experiment_0a_best,file,16,9955,170,169,153,152,0.65937626,0.51717383,0.096784733,0.42038909,170,True,67.568832,0.092834102,345,False
experiment_0a_best,file,16,7995,137,136,135,134,0.94182217,0.38991672,0.24380015,0.14611657,137,True,92.028806,0.15830434,9955,False
experiment_0a_best,file,16,7867,135,134,102,101,0.060097829,0.94167238,0.033195093,0.90847729,135,True,11.843248,-0.03085241,7995,False
experiment_0a_best,file,16,2741,48,47,192,191,0.0051184804,0.99489462,0.00069070992,0.99420391,48,True,0.69036031,0.058998214,7867,False
experiment_0a_best,file,16,213,4,3,29,28,0.66599703,0.51376104,0.032476913,0.48128413,4,True,78.539851,0.071483292,2741,False
experiment_0a_best,file,16,5874,101,100,59,58,0.00071559567,0.99928468,0.00014084889,0.99914384,101,True,0.11028194,-0.031240468,213,False
experiment_0a_best,file,16,11493,196,195,199,198,0.10716064,0.89838135,0.033733748,0.8646476,196,True,18.622173,-0.019037106,5874,False
experiment_0a_best,file,16,2334,41,40,135,134,0.01947017,0.98071814,0.014855264,0.96586287,41,True,3.7404709,-0.045018813,11493,False
experiment_0a_best,file,16,409,8,7,5,4,2.5723984,0.076352209,0.093140423,-0.016788214,5,False,169.48675,-0.097479771,2334,False
experiment_0a_best,file,16,10558,180,179,182,181,0.0043154689,0.9956938,0.0018364961,0.99385731,180,True,0.6770589,-0.045743422,409,False
experiment_0a_best,file,16,9888,168,167,162,161,0.17214315,0.84185869,0.10779449,0.73406419,168,True,27.239382,0.098394091,10558,False
experiment_0a_best,file,16,11206,191,190,83,82,0.0094762044,0.99056858,0.00096447213,0.98960411,191,True,1.4081168,-0.041570632,9888,False
experiment_0a_best,file,16,10180,173,172,175,174,0.033370595,0.96718007,0.0097373016,0.95744277,173,True,5.9985492,-0.0056724229,11206,False
experiment_0a_best,file,16,6068,104,103,122,121,0.205226,0.81446326,0.018250259,0.796213,104,True,32.886992,0.23487121,10180,False
experiment_0a_best,file,16,3310,58,57,65,64,0.020750925,0.97946292,0.0042782668,0.97518465,58,True,3.8155502,-0.088225453,6068,False
experiment_0a_best,file,16,10086,172,171,173,172,0.15011665,0.86060756,0.06739594,0.79321162,172,True,22.567591,-0.018873584,3310,False
experiment_0a_best,file,16,4027,70,69,68,67,3.918117,0.019878488,0.35258183,-0.33270334,68,False,105.8789,0.063485328,10086,False
experiment_0a_best,file,16,4929,85,84,118,117,0.025579927,0.97474444,0.0063157561,0.96842868,85,True,4.0046312,0.010291917,4027,False
experiment_0a_best,file,16,5875,101,100,106,105,0.12234306,0.88484478,0.035836451,0.84900833,101,True,16.160033,-0.065392598,4929,False
experiment_0a_best,file,16,6291,108,107,107,106,0.19966039,0.81900883,0.13177052,0.68723831,108,True,29.8788,-0.029991138,5875,False
experiment_0a_best,file,16,3867,67,66,68,67,1.8488448,0.15741891,0.78190601,-0.6244871,68,False,131.17989,0.012373925,6291,False
experiment_0a_best,file,16,3363,58,57,144,143,0.41381603,0.66112256,0.044818353,0.61630421,58,True,49.143485,-0.030492065,3867,False
experiment_0a_best,file,16,5957,102,101,91,90,2.385385,0.09205354,0.75435287,-0.66229933,91,False,209.31579,-0.028897128,3363,False
experiment_0a_best,file,16,1343,25,24,23,22,0.57146603,0.56469697,0.4152275,0.14946947,25,True,68.260634,0.0010435761,5957,False
experiment_0a_best,file,16,10014,171,170,99,98,3.2415118,0.039104737,0.21675244,-0.1776477,99,False,165.45545,0.054641295,1343,False
experiment_0a_best,file,16,3605,62,61,59,58,2.2971292,0.10054709,0.26303613,-0.16248904,59,False,109.35983,-0.23433258,10014,False
experiment_0a_best,file,16,11366,193,192,114,113,0.039381139,0.96138424,0.0071073496,0.95427689,193,True,7.5346953,0.20996424,3605,False
experiment_0a_best,file,16,7676,131,130,120,119,0.26034057,0.77078903,0.050092001,0.72069703,131,True,37.603399,-0.20216823,11366,False
experiment_0a_best,file,16,10852,185,184,112,111,0.0039031527,0.99610448,0.0025136874,0.99359079,185,True,0.78787007,-0.19838559,7676,False
experiment_0a_best,file,16,2635,46,45,90,89,0.18602245,0.83025497,0.046575535,0.78367944,46,True,28.032324,0.072433123,10852,False
experiment_0a_best,file,16,7837,134,133,9,8,0.16616508,0.84690642,0.045220543,0.80168588,134,True,20.072119,0.06478373,2635,False
experiment_0a_best,file,16,9657,165,164,166,165,0.0035440037,0.99646229,0.00066562876,0.99579666,165,True,0.47738548,0.1065061,7837,False
experiment_0a_best,file,16,4392,76,75,26,25,0.25438812,0.7753908,0.091229022,0.68416178,76,True,40.873203,0.0049729949,9657,False
experiment_0a_best,file,16,225,4,3,54,53,0.011827462,0.98824221,0.0036646512,0.98457756,4,True,1.8420234,0.091749543,4392,False
experiment_0a_best,file,16,55,1,0,86,85,0.15115875,0.85971123,0.024625001,0.83508623,1,True,25.414419,0.035266285,225,False
experiment_0a_best,file,16,4845,83,82,16,15,0.0069118924,0.99311197,0.0010020054,0.99210996,83,True,1.2837668,0.029087761,55,False
experiment_0a_best,file,16,3657,63,62,143,142,0.16504553,0.84785509,0.043628678,0.80422641,63,True,30.297379,-0.064240638,4845,False
experiment_0a_best,file,16,8870,151,150,152,151,0.029017556,0.97139943,0.012232558,0.95916687,151,True,3.2982938,-0.068589154,3657,False
experiment_0a_best,file,16,9664,165,164,166,165,0.0016755126,0.99832588,0.00028259755,0.99804329,165,True,0.26623128,0.050970606,8870,False
experiment_0a_best,file,16,5922,102,101,39,38,0.7413854,0.47645339,0.20425044,0.27220295,102,True,92.173856,-0.03145237,9664,False
experiment_0a_best,file,16,2094,37,36,39,38,3.2355952,0.039336782,0.61595166,-0.57661488,39,False,155.45964,-0.032115318,5922,False
experiment_0a_best,file,16,9063,155,154,153,152,3.3840599,0.033909503,0.95592171,-0.92201221,153,False,206.09942,-0.030198596,2094,False
experiment_0a_best,file,16,7197,123,122,124,123,0.026650704,0.9737013,0.010647571,0.96305373,123,True,4.1503948,0.084619535,9063,False
experiment_0a_best,file,16,4604,79,78,32,31,2.4479563,0.08647012,0.16018045,-0.07371033,32,False,104.38935,0.082808433,7197,False
experiment_0a_best,file,16,10665,182,181,180,179,0.087551519,0.91617167,0.047205571,0.8689661,182,True,13.790951,0.10543126,4604,False
experiment_0a_best,file,16,8730,149,148,150,149,0.79629648,0.45099616,0.36827025,0.082725912,149,True,88.709048,0.11224672,10665,False
experiment_0a_best,file,16,6794,117,116,119,118,0.32021752,0.72599113,0.075389504,0.65060163,117,True,52.022022,-0.094121399,8730,False
experiment_0a_best,file,16,11456,195,194,199,198,0.0058915764,0.99412572,0.0025450184,0.99158071,195,True,1.3538991,-0.092900042,6794,False
experiment_0a_best,file,16,10255,175,174,157,156,0.0049174321,0.99509466,0.0018387599,0.9932559,175,True,0.71150652,-0.038761967,11456,False
experiment_0a_best,file,16,10426,177,176,180,179,0.014224799,0.9858759,0.0099564474,0.97591946,177,True,2.9014014,-0.024973056,10255,False
experiment_0a_best,file,16,7265,124,123,126,125,0.087416738,0.91629517,0.048362482,0.86793269,124,True,13.047828,0.019015883,10426,False
experiment_0a_best,file,16,10209,174,173,184,183,0.23350175,0.79175621,0.047309197,0.74444702,174,True,42.286825,0.0025193052,7265,False
experiment_0a_best,file,16,7740,132,131,133,132,0.017815918,0.98234183,0.0094422428,0.97289958,132,True,2.6938192,0.012244489,10209,False
experiment_0a_best,file,16,1974,35,34,140,139,0.019111423,0.98107004,0.0058217258,0.97524832,35,True,3.5755702,0.015284587,7740,False
experiment_0a_best,file,16,10503,179,178,178,177,0.51710516,0.5962441,0.095260173,0.50098392,179,True,77.700653,-0.052862411,1974,False
experiment_0a_best,file,16,8679,148,147,116,115,0.004825138,0.99518651,0.0023404888,0.99284602,148,True,0.97492664,0.17419452,10503,False
experiment_0a_best,file,16,5721,98,97,174,173,3.1917152,0.041101318,0.21306011,-0.17195879,174,False,112.00837,0.046636307,8679,False
experiment_0a_best,file,16,545,11,10,9,8,0.20539978,0.8143217,0.049040578,0.76528112,11,True,33.07468,-0.054154692,5721,False
experiment_0a_best,file,16,8129,139,138,58,57,0.00082006201,0.99918026,0.00015278296,0.99902747,139,True,0.10450222,0.10117282,545,False
experiment_0a_best,file,16,2176,39,38,37,36,3.9957891,0.018392926,0.46484938,-0.44645646,37,False,174.79658,-0.016435972,8129,False
experiment_0a_best,file,16,1034,19,18,155,154,0.0013309201,0.99866998,0.00052276626,0.99814722,19,True,0.18955781,-0.08163284,2176,False
experiment_0a_best,file,16,4167,72,71,8,7,0.92589641,0.39617613,0.13486142,0.26131471,72,True,109.15428,-0.073378195,1034,False
experiment_0a_best,file,16,5465,94,93,159,158,0.037442993,0.96324933,0.011816258,0.95143307,94,True,5.8222172,0.0076513306,4167,False
experiment_0a_best,file,16,6768,116,115,130,129,0.22854903,0.79568726,0.17895992,0.61672734,116,True,40.699777,0.15674545,5465,False
experiment_0a_best,file,16,984,18,17,168,167,0.0040671262,0.99594116,0.00055205298,0.99538911,18,True,0.772603,-0.069700869,6768,False
experiment_0a_best,file,16,10060,171,170,122,121,0.35572675,0.70066404,0.038776666,0.66188738,171,True,53.860443,-0.030914139,984,False
experiment_0a_best,file,16,8280,141,140,146,145,0.62356591,0.53602958,0.23853025,0.29749933,141,True,63.943496,0.068878489,10060,False
experiment_0a_best,file,16,7704,132,131,119,118,6.1579776,0.0021165297,0.84439766,-0.84228113,119,False,220.26214,-0.0060635187,8280,False
experiment_0a_best,file,16,2932,51,50,50,49,0.94172436,0.38995484,0.57807791,-0.18812308,50,False,137.07413,0.09975279,7704,False
experiment_0a_best,file,16,9308,159,158,114,113,0.019855667,0.98034018,0.0077133332,0.97262685,159,True,3.5715921,0.065024037,2932,False
experiment_0a_best,file,16,3289,57,56,165,164,0.50484884,0.60359681,0.059932578,0.54366423,57,True,58.127541,0.00056554928,9308,False
experiment_0a_best,file,16,3205,56,55,76,75,0.0027803832,0.9972235,0.00035399999,0.9968695,56,True,0.51073329,0.19239064,3289,False
experiment_0a_best,file,16,9290,158,157,137,136,0.051795237,0.94952327,0.0089884307,0.94053484,158,True,8.3943424,-0.092877614,3205,False
experiment_0a_best,file,16,9869,168,167,162,161,0.24420618,0.78332609,0.2026031,0.58072299,168,True,39.986801,-0.012823906,9290,False
experiment_0a_best,file,16,4485,77,76,38,37,0.0042047193,0.99580413,0.0023287244,0.99347541,77,True,0.65898547,-0.039296695,9869,False
experiment_0a_best,file,16,8564,146,145,147,146,0.27331921,0.76084989,0.19044344,0.57040645,146,True,35.993299,0.021034718,4485,False
experiment_0a_best,file,16,8881,152,151,172,171,0.033277776,0.96726984,0.023882605,0.94338723,152,True,7.0004813,0.086890966,8564,False
experiment_0a_best,file,16,1058,20,19,170,169,0.33192366,0.71754211,0.079128258,0.63841385,20,True,51.809438,0.14708936,8881,False
experiment_0a_best,file,16,929,17,16,34,33,0.5467422,0.57883245,0.034661949,0.5441705,17,True,56.112648,0.099710752,1058,False
experiment_0a_best,file,16,10633,181,180,18,17,2.9300368,0.053395078,0.51991117,-0.46651609,18,False,177.98704,0.065390298,929,False
experiment_0a_best,file,16,6757,116,115,119,118,0.78546751,0.45590651,0.31602937,0.13987714,116,True,104.71891,0.021179743,10633,False
experiment_0a_best,file,16,3123,54,53,14,13,0.029887993,0.97055423,0.020879282,0.94967495,54,True,5.8960327,0.13410025,6757,False
experiment_0a_best,file,16,6283,108,107,106,105,0.037108213,0.96357185,0.0071895546,0.95638229,108,True,8.4176311,0.12910325,3123,False
experiment_0a_best,file,16,3114,54,53,14,13,0.0027523276,0.99725145,0.0022199629,0.99503149,54,True,0.51064541,0.051276365,6283,False
experiment_0a_best,file,16,11057,188,187,187,186,0.0035418654,0.99646437,0.001747528,0.99471684,188,True,0.76940806,-0.12175039,3114,False
experiment_0a_best,file,16,1103,20,19,200,199,0.034128614,0.96644717,0.028279396,0.93816778,20,True,5.7724115,0.02857087,11057,False
experiment_0a_best,file,16,9607,164,163,159,158,0.0024034681,0.99759942,0.0013835463,0.99621588,164,True,0.41254455,0.1161925,1103,False
experiment_0a_best,file,16,1186,22,21,105,104,0.17376471,0.84049463,0.026760992,0.81373364,22,True,27.92595,-0.035218799,9607,False
experiment_0a_best,file,16,7585,130,129,119,118,4.1583028,0.015634069,0.373806,-0.35817193,119,False,151.12978,-0.16314196,1186,False
experiment_0a_best,file,16,1286,23,22,108,107,0.7966398,0.45084134,0.073472053,0.37736928,23,True,77.800218,0.004016443,7585,False
experiment_0a_best,file,16,4426,76,75,79,78,1.06274,0.34550783,0.22467478,0.12083305,76,True,102.67688,-0.016026898,1286,False
experiment_0a_best,file,16,3621,63,62,60,59,0.25768277,0.77284038,0.046390004,0.72645038,63,True,47.524231,-0.037777354,4426,False
experiment_0a_best,file,16,3866,67,66,35,34,0.0072503071,0.99277592,0.0035184056,0.98925751,67,True,1.3368646,-0.13368559,3621,False
experiment_0a_best,file,16,9639,164,163,179,178,3.7932987,0.022521188,0.19730046,-0.17477928,179,False,127.87278,-0.026557098,3866,False
experiment_0a_best,file,16,8083,138,137,111,110,0.045831855,0.95520258,0.024677403,0.93052518,138,True,7.3497617,0.10889966,9639,False
experiment_0a_best,file,16,1436,26,25,108,107,2.6080265,0.073679812,0.32309219,-0.24941238,108,False,176.15451,-0.061399894,8083,False
experiment_0a_best,file,16,5050,87,86,134,133,0.75921983,0.46803144,0.035100874,0.43293056,87,True,69.153214,-0.013714663,1436,False
experiment_0a_best,file,16,6935,119,118,118,117,2.9195905,0.053955786,0.22276036,-0.16880458,118,False,157.32843,0.034754089,5050,False
experiment_0a_best,file,16,11423,194,193,126,125,0.0013769917,0.99862397,0.00018636139,0.99843761,194,True,0.30058029,-0.23653766,6935,False
experiment_0a_best,file,16,11347,193,192,195,194,0.061331324,0.94051158,0.049474206,0.89103738,193,True,11.786788,0.0046575498,11423,False
experiment_0a_best,file,16,10212,174,173,173,172,0.30999458,0.73345095,0.055218335,0.67823261,174,True,45.632711,0.00072639276,11347,False
experiment_0a_best,file,16,6587,113,112,115,114,0.021820001,0.97841632,0.01400182,0.9644145,113,True,4.2503132,0.083113464,10212,False
experiment_0a_best,file,16,6137,105,104,22,21,0.10233324,0.90272868,0.081183575,0.8215451,105,True,26.964115,0.041422424,6587,False
experiment_0a_best,file,16,11074,189,188,36,35,0.00092582748,0.99907458,0.00027970024,0.99879488,189,True,0.1282414,-0.010670372,6137,False
experiment_0a_best,file,16,7561,129,128,131,130,0.06334506,0.93861955,0.024065202,0.91455435,129,True,15.207948,0.1438197,11074,False
experiment_0a_best,file,16,5796,99,98,37,36,0.073313147,0.92930979,0.03485677,0.89445302,99,True,10.626208,0.2665225,7561,False
experiment_0a_best,file,16,2455,43,42,102,101,1.9289562,0.14529981,0.27977881,-0.134479,102,False,168.76585,-0.17243348,5796,False
experiment_0a_best,file,16,10437,178,177,193,192,0.10875893,0.89694661,0.016352231,0.88059438,178,True,25.37578,-0.075973925,2455,False
experiment_0a_best,file,16,5857,100,99,23,22,0.037720952,0.96298164,0.014238638,0.948743,100,True,5.9977719,-0.0013108241,10437,False
experiment_0a_best,file,16,3092,54,53,14,13,0.65999776,0.5168525,0.4807601,0.036092401,54,True,93.191027,-0.0041793182,5857,False
experiment_0a_best,file,16,275,5,4,89,88,5.6591616,0.0034854391,0.62014198,-0.61665654,89,False,199.19431,0.055559334,3092,False
experiment_0a_best,file,16,823,15,14,14,13,0.0031390938,0.99686581,0.00070811028,0.9961577,15,True,0.4554178,-0.096008388,275,False
experiment_0a_best,file,16,10795,184,183,181,180,0.18240941,0.83326012,0.025442675,0.80781744,184,True,31.079777,0.036600069,823,False
experiment_0a_best,file,16,7766,133,132,118,117,1.4644458,0.23120607,0.39352179,-0.16231571,118,False,160.39031,0.0053635514,10795,False
experiment_0a_best,file,16,744,14,13,54,53,0.78969187,0.45398468,0.23805103,0.21593365,14,True,87.755567,-0.016820244,7766,False
experiment_0a_best,file,16,11685,199,198,195,194,0.045801111,0.9552319,0.033162542,0.92206936,199,True,11.380981,-0.083939264,744,False
experiment_0a_best,file,16,10734,183,182,184,183,0.012962248,0.9871214,0.0043144538,0.98280695,183,True,2.3742791,0.058932225,11685,False
experiment_0a_best,file,16,3690,64,63,62,61,0.0074547916,0.9925729,0.0037071949,0.98886571,64,True,1.2067889,0.0073218962,10734,False
experiment_0a_best,file,16,9269,158,157,21,20,0.0088407053,0.99119824,0.0021529475,0.98904529,158,True,1.3024565,0.030291614,3690,False
experiment_0a_best,file,16,5852,100,99,53,52,0.026336094,0.97400767,0.017384812,0.95662285,100,True,5.7546922,0.028055101,9269,False
experiment_0a_best,file,16,2966,52,51,50,49,0.016299792,0.98383236,0.0028908842,0.98094148,52,True,2.7160914,-0.027415715,5852,False
experiment_0a_best,file,16,2953,52,51,34,33,0.0012487718,0.998752,0.00031423633,0.99843776,52,True,0.18656549,0.32773634,2966,True
experiment_0a_best,file,16,6638,114,113,135,134,0.045944806,0.9550947,0.013241668,0.94185303,114,True,8.4860094,0.050474183,2953,False
experiment_0a_best,file,16,8966,153,152,200,199,0.36139107,0.69670647,0.097109467,0.59959701,153,True,47.780899,-0.10316905,6638,False
experiment_0a_best,file,16,5646,97,96,1,0,0.75493318,0.47004205,0.44172779,0.028314263,97,True,109.58406,0.027852355,8966,False
experiment_0a_best,file,16,2734,48,47,185,184,0.0025025262,0.9975006,0.00084711361,0.99665348,48,True,0.37413903,0.023644909,5646,False
experiment_0a_best,file,16,3949,68,67,69,68,0.14057977,0.86885434,0.042076398,0.82677795,68,True,18.940377,0.076587792,2734,False
experiment_0a_best,file,16,8324,142,141,30,29,4.1420884,0.01588963,0.83401656,-0.81812693,30,False,229.30951,0.093868663,3949,False
experiment_0a_best,file,16,8209,140,139,139,138,0.00060802093,0.99939215,0.00034495915,0.99904719,140,True,0.078526629,-0.012885085,8324,False
experiment_0a_best,file,16,11708,199,198,11,10,2.4660137,0.084922716,0.11694989,-0.032027178,11,False,152.94676,0.14469988,8209,False
experiment_0a_best,file,16,515,10,9,109,108,0.006040887,0.99397731,0.0015370823,0.99244023,10,True,0.69699067,0.025081385,11708,False
experiment_0a_best,file,16,3542,61,60,64,63,0.57034504,0.56533033,0.081657626,0.4836727,61,True,60.49005,0.021437497,515,False
experiment_0a_best,file,16,11652,198,197,121,120,0.0066702333,0.99335194,0.0023715161,0.99098042,198,True,1.279426,-0.0013385281,3542,False
experiment_0a_best,file,16,4289,74,73,72,71,7.1698799,0.00076941523,0.47380155,-0.47303214,72,False,219.71571,0.10647705,11652,False
experiment_0a_best,file,16,4332,75,74,168,167,0.058533553,0.94314659,0.014536088,0.9286105,75,True,10.862747,0.14018569,4289,False
experiment_0a_best,file,16,4183,72,71,30,29,0.085742243,0.91783077,0.029281847,0.88854892,72,True,15.721895,0.10154879,4332,False
experiment_0a_best,file,16,5357,92,91,105,104,2.7353961,0.064868309,0.93086624,-0.86599793,105,False,222.06139,0.037013962,4183,False
experiment_0a_best,file,16,10491,179,178,152,151,0.015979208,0.98414779,0.0064826608,0.97766513,179,True,4.3155383,-0.024751158,5357,False
experiment_0a_best,file,16,1357,25,24,23,22,0.48560137,0.61532706,0.12895675,0.48637031,25,True,91.605785,-0.020896106,10491,False
experiment_0a_best,file,16,9675,165,164,156,155,0.24975516,0.77899146,0.10714308,0.67184838,165,True,35.759427,-0.11450911,1357,False
experiment_0a_best,file,16,570,11,10,9,8,3.4654856,0.031257827,0.94367623,-0.91241841,9,False,218.37112,0.11008089,9675,False
experiment_0a_best,file,16,862,16,15,14,13,0.0076527279,0.99237651,0.004738268,0.98763824,16,True,1.1278822,-0.00083951075,570,False
experiment_0a_best,file,16,8466,145,144,146,145,0.10606102,0.89936978,0.033620905,0.86574887,145,True,14.951191,-0.039205163,862,False
experiment_0a_best,file,16,2787,49,48,11,10,0.42348415,0.65476155,0.15941285,0.49534871,49,True,53.286211,0.16893949,8466,False
experiment_0a_best,file,16,2661,47,46,180,179,0.026292551,0.9740501,0.014031752,0.96001835,47,True,4.8885372,0.010903273,2787,False
experiment_0a_best,file,16,10932,186,185,103,102,5.8890324,0.0027696555,0.56551325,-0.5627436,103,False,240.59535,0.025070096,2661,False
experiment_0a_best,file,16,7598,130,129,133,132,0.63254529,0.5312379,0.34416798,0.18706992,130,True,98.520905,0.13128478,10932,False
experiment_0a_best,file,16,5609,96,95,12,11,0.043058261,0.95785558,0.0076150317,0.95024055,96,True,6.8072334,0.068810092,7598,False
experiment_0a_best,file,16,7001,120,119,34,33,0.006207827,0.99381143,0.0017599917,0.99205144,120,True,0.8713475,-0.016712967,5609,False
experiment_0a_best,file,16,7653,131,130,150,149,0.013149097,0.98693699,0.004388344,0.98254864,131,True,2.11969,0.070618925,7001,False
experiment_0a_best,file,16,9715,166,165,165,164,0.012554189,0.98752427,0.0020396623,0.98548461,166,True,2.0218964,-0.12357368,7653,False
experiment_0a_best,file,16,7616,130,129,115,114,3.0327148,0.048184637,0.13881236,-0.090627726,115,False,138.48515,0.032998326,9715,False
experiment_0a_best,file,16,1905,34,33,52,51,0.0013962769,0.99860471,0.00079347339,0.99781124,34,True,0.17503859,-0.063183523,7616,False
experiment_0a_best,file,16,5621,96,95,97,96,0.018731255,0.98144311,0.0072202659,0.97422284,96,True,3.2352409,-0.056312782,1905,False
0b_baseline_best,file,13,3891,67,66,68,67,0.44572428,0.6403603,0.27197215,0.36838815,67,True,59.299755,,-1,False
0b_baseline_best,file,13,5405,93,92,19,18,0.0070870919,0.99293798,0.0045243283,0.98841365,93,True,1.0475842,-0.061956121,3891,False
0b_baseline_best,file,13,920,17,16,139,138,0.43376473,0.64806473,0.10512801,0.54293673,17,True,69.251521,0.05155062,5405,False
0b_baseline_best,file,13,5043,87,86,134,133,0.010799415,0.98925871,0.0015212664,0.98773744,87,True,1.210031,0.090893311,920,False
0b_baseline_best,file,13,11743,200,199,168,167,0.071797825,0.93071902,0.057619225,0.87309979,200,True,13.239745,0.033944654,5043,False
0b_baseline_best,file,13,3563,62,61,65,64,2.3665788,0.093801089,0.62396002,-0.53015893,65,False,143.27936,0.012250571,11743,False
0b_baseline_best,file,13,956,18,17,22,21,0.059910346,0.94184899,0.017355051,0.92449394,18,True,10.480435,-0.01946472,3563,False
0b_baseline_best,file,13,11179,190,189,192,191,0.68029559,0.50646728,0.39730215,0.10916513,190,True,103.20145,0.24392127,956,False
0b_baseline_best,file,13,4184,72,71,92,91,0.00058681431,0.99941337,0.00018219136,0.99923118,72,True,0.096500696,-0.060174988,11179,False
0b_baseline_best,file,13,881,16,15,172,171,0.0018049869,0.99819666,0.0002481718,0.99794849,16,True,0.2628851,-0.068570797,4184,False
0b_baseline_best,file,13,2199,39,38,102,101,0.028470369,0.9719311,0.0067430618,0.96518804,39,True,4.2012825,0.0098446371,881,False
0b_baseline_best,file,13,4531,78,77,112,111,0.12089437,0.88612753,0.070592143,0.81553539,78,True,20.928209,-0.065100797,2199,False
0b_baseline_best,file,13,782,15,14,164,163,0.0029167274,0.99708754,0.0005272316,0.99656031,15,True,0.36586079,0.040640116,4531,False
0b_baseline_best,file,13,3068,53,52,144,143,0.27517849,0.75943655,0.094350629,0.66508592,53,True,32.62895,-0.035483255,782,False
0b_baseline_best,file,13,1464,27,26,128,127,7.5822229,0.00050942763,0.67868972,-0.67818029,128,False,179.9082,0.084487927,3068,False
0b_baseline_best,file,13,11718,199,198,119,118,7.6013556,0.00049977365,0.30832022,-0.30782045,119,False,170.21149,0.033894132,1464,False
0b_baseline_best,file,13,736,14,13,74,73,1.8800756,0.15257858,0.34902725,-0.19644867,74,False,201.51986,0.0067717776,11718,False
0b_baseline_best,file,13,10670,182,181,175,174,1.3634394,0.2557795,0.14671478,0.10906473,182,True,119.50495,0.0099142801,736,False
0b_baseline_best,file,13,7916,135,134,118,117,0.92360967,0.3970831,0.19183882,0.20524429,135,True,115.77941,-0.14549896,10670,False
0b_baseline_best,file,13,8376,143,142,137,136,2.9724622,0.051177159,0.15141173,-0.10023457,137,False,90.814215,0.013362828,7916,False
0b_baseline_best,file,13,4061,70,69,18,17,0.0017179982,0.99828351,0.00028536763,0.99799814,70,True,0.21664275,0.041729811,8376,False
0b_baseline_best,file,13,6612,113,112,115,114,0.02179224,0.9784435,0.015829567,0.96261394,113,True,5.7761665,-0.097880526,4061,False
0b_baseline_best,file,13,6151,106,105,8,7,0.5385226,0.58360982,0.14837247,0.43523735,106,True,56.199079,0.11030818,6612,False
0b_baseline_best,file,13,4937,85,84,132,131,0.0064721024,0.99354881,0.0033441,0.99020471,85,True,0.99517349,-0.0039942647,6151,False
0b_baseline_best,file,13,6726,115,114,117,116,0.21741036,0.80459976,0.033168953,0.77143081,115,True,25.805275,-0.033674931,4937,False
0b_baseline_best,file,13,8770,150,149,194,193,0.0030452092,0.99695945,0.0010679702,0.99589148,150,True,0.43413768,0.026474984,6726,False
0b_baseline_best,file,13,4112,71,70,61,60,1.4355853,0.23797604,0.097025208,0.14095084,71,True,109.6077,0.0153575,8770,False
0b_baseline_best,file,13,6465,111,110,112,111,0.14412354,0.86578077,0.10096988,0.76481089,111,True,22.374099,0.054117252,4112,False
0b_baseline_best,file,13,2001,36,35,189,188,0.2429585,0.78430408,0.20734093,0.57696316,36,True,49.043628,0.027365751,6465,False
0b_baseline_best,file,13,7827,134,133,9,8,0.0021784401,0.99782395,0.00024434298,0.99757961,134,True,0.26788174,0.1056453,2001,False
0b_baseline_best,file,13,11579,197,196,193,192,0.24458355,0.78303057,0.050118685,0.73291188,197,True,34.832515,0.0017970216,7827,False
0b_baseline_best,file,13,7688,132,131,159,158,0.18537574,0.83079207,0.043604739,0.78718733,132,True,28.981282,0.14598298,11579,False
0b_baseline_best,file,13,6623,114,113,85,84,0.0050142249,0.99499834,0.0013994287,0.99359891,114,True,0.56562643,-0.024698891,7688,False
0b_baseline_best,file,13,2550,45,44,72,71,1.7670043,0.17084405,0.268352,-0.097507954,72,False,163.09813,0.0054744327,6623,False
0b_baseline_best,file,13,6381,109,108,166,165,0.029817067,0.97062308,0.0031842974,0.96743878,109,True,4.0727999,0.026630116,2550,False
0b_baseline_best,file,13,10708,182,181,175,174,0.017089726,0.98305547,0.01481967,0.9682358,182,True,3.3658124,0.10402034,6381,False
0b_baseline_best,file,13,479,9,8,26,25,0.36764792,0.69236088,0.14271574,0.54964514,9,True,49.101158,-0.031469363,10708,False
0b_baseline_best,file,13,4952,85,84,135,134,0.60375571,0.54675436,0.079863086,0.46689127,85,True,71.716706,0.02962805,479,False
0b_baseline_best,file,13,10656,181,180,168,167,0.018187655,0.98197675,0.0045172479,0.9774595,181,True,3.1809773,0.058777412,4952,False
0b_baseline_best,file,13,3630,63,62,62,61,0.026856482,0.97350097,0.017842963,0.955658,63,True,5.0242882,0.033600904,10656,False
0b_baseline_best,file,13,10772,183,182,184,183,0.10648227,0.89899099,0.025267648,0.87372334,183,True,18.008872,0.099325462,3630,False
0b_baseline_best,file,13,4129,71,70,72,71,3.7774572,0.022880798,0.74085343,-0.71797263,72,False,129.72584,-0.040968425,10772,False
0b_baseline_best,file,13,11036,188,187,44,43,0.016661542,0.98347652,0.0026478847,0.98082863,188,True,2.8771414,0.0017247804,4129,False
0b_baseline_best,file,13,5450,94,93,93,92,0.0018641253,0.99813759,0.00086111494,0.99727648,94,True,0.31259804,-0.075739151,11036,False
0b_baseline_best,file,13,4776,82,81,80,79,1.6651495,0.18916239,0.66803426,-0.47887187,80,False,126.69881,0.075190646,5450,False
0b_baseline_best,file,13,6166,106,105,89,88,0.083977699,0.91945177,0.008263777,0.911188,106,True,11.522178,0.0045245438,4776,False
0b_baseline_best,file,13,6776,116,115,115,114,4.5365286,0.010710522,0.28242549,-0.27171497,115,False,171.49828,0.054585779,6166,False
0b_baseline_best,file,13,5910,101,100,146,145,0.00012313561,0.99987686,3.3057226e-05,0.9998438,101,True,0.021434121,-0.07794387,6776,False
0b_baseline_best,file,13,2998,52,51,46,45,0.0024284415,0.99757451,0.00043154947,0.99714296,52,True,0.38853687,-0.10420782,5910,False
0b_baseline_best,file,13,3365,58,57,8,7,0.052656256,0.94870609,0.021370441,0.92733565,58,True,7.6258221,-0.06396606,2998,False
0b_baseline_best,file,13,10968,187,186,190,189,0.82795072,0.4369438,0.14685231,0.29009148,187,True,116.32342,0.17472061,3365,False
0b_baseline_best,file,13,10980,187,186,190,189,0.14759021,0.86278462,0.07575722,0.7870274,187,True,34.522628,0.48315275,10968,True
0b_baseline_best,file,13,9585,163,162,182,181,0.045659784,0.95536691,0.022175234,0.93319168,163,True,6.4188302,-0.1608897,10980,False
0b_baseline_best,file,13,5511,95,94,96,95,0.38035348,0.68361974,0.059570059,0.62404968,95,True,50.086804,0.093658854,9585,False
0b_baseline_best,file,13,1671,30,29,49,48,0.35717401,0.6996507,0.15265386,0.54699685,30,True,60.223773,-0.026127323,5511,False
0b_baseline_best,file,13,3774,65,64,66,65,0.0095975883,0.9904483,0.005548202,0.98490009,65,True,1.9579101,0.086981847,1671,False
0b_baseline_best,file,13,10791,184,183,183,182,2.1999791,0.11080548,0.45759067,-0.34678519,183,False,185.44244,-0.12001208,3774,False
0b_baseline_best,file,13,269,5,4,7,6,0.046035659,0.95500791,0.039400466,0.91560744,5,True,14.842364,0.215205,10791,False
0b_baseline_best,file,13,4032,70,69,67,66,0.0036395043,0.9963671,0.0016539411,0.99471316,70,True,0.8683701,0.2536306,269,False
0b_baseline_best,file,13,5581,96,95,139,138,1.1382412,0.32038203,0.47248286,-0.15210083,139,False,112.49182,-0.061257916,4032,False
0b_baseline_best,file,13,9536,163,162,176,175,0.013968208,0.98612887,0.003556241,0.98257263,163,True,2.7992729,0.060421064,5581,False
0b_baseline_best,file,13,2615,46,45,87,86,0.015176656,0.98493791,0.0038701801,0.98106773,46,True,2.3412,0.11893084,9536,False
0b_baseline_best,file,13,2793,49,48,54,53,1.8470652,0.15769932,0.100191,0.05750832,49,True,108.95155,-0.18771506,2615,False
0b_baseline_best,file,13,8764,150,149,194,193,0.18901934,0.82777047,0.097730264,0.73004021,150,True,32.279583,0.092291855,2793,False
0b_baseline_best,file,13,2169,38,37,39,38,0.51285321,0.59878469,0.3058112,0.29297349,38,True,97.618455,-0.019021751,8764,False
0b_baseline_best,file,13,2664,47,46,161,160,0.59335411,0.55247116,0.30558503,0.24688613,47,True,88.791121,-0.088006519,2169,False
0b_baseline_best,file,13,6240,107,106,30,29,4.2000489,0.014994842,0.94813216,-0.93313732,30,False,193.54778,-0.044630235,2664,False
0b_baseline_best,file,13,10156,173,172,175,174,0.36525103,0.69402242,0.10941254,0.58460988,173,True,55.113151,0.063866372,6240,False
0b_baseline_best,file,13,9794,167,166,180,179,0.00070106244,0.99929917,0.00025710018,0.99904207,167,True,0.09214028,-0.11642764,10156,False
0b_baseline_best,file,13,9937,169,168,172,171,4.34235,0.013005924,0.7272042,-0.71419828,172,False,151.94686,0.071305771,9794,False
0b_baseline_best,file,13,9237,158,157,165,164,0.0083316611,0.99170297,0.0064686057,0.98523437,158,True,1.4753797,-0.1794268,9937,False
0b_baseline_best,file,13,8240,141,140,144,143,0.0085717374,0.99146491,0.0038714234,0.98759349,141,True,1.3323414,0.10968471,9237,False
0b_baseline_best,file,13,2115,38,37,39,38,2.5487814,0.078176871,0.79125935,-0.71308248,39,False,167.13433,-0.01625702,8240,False
0b_baseline_best,file,13,2563,45,44,72,71,1.4809121,0.22743015,0.24511173,-0.017681584,72,False,128.22794,-0.0085097703,2115,False
0b_baseline_best,file,13,2526,44,43,72,71,0.76032656,0.46751371,0.26454085,0.20297286,44,True,101.20246,-0.090406887,2563,False
0b_baseline_best,file,13,6959,119,118,130,129,0.052060295,0.94927162,0.015506426,0.93376519,119,True,7.4291242,-0.032940442,2526,False
0b_baseline_best,file,13,10368,177,176,180,179,0.23065095,0.7940166,0.17561144,0.61840516,177,True,49.517757,-0.15085447,6959,False
0b_baseline_best,file,13,6810,117,116,115,114,0.22545801,0.7981506,0.11813086,0.68001974,117,True,31.22756,0.086292983,10368,False
0b_baseline_best,file,13,1601,29,28,30,29,0.16052112,0.85169983,0.051805038,0.79989479,29,True,23.24837,-0.11023658,6810,False
0b_baseline_best,file,13,10767,183,182,125,124,0.14568058,0.86443377,0.077395283,0.78703848,183,True,24.481275,-0.033142386,1601,False
0b_baseline_best,file,13,138,3,2,71,70,0.3174378,0.72801197,0.032051556,0.69596041,3,True,38.945915,0.067278347,10767,False
0b_baseline_best,file,13,11555,197,196,193,192,0.16644198,0.84667194,0.10783938,0.73883256,197,True,28.872804,-0.031842264,138,False
0b_baseline_best,file,13,5018,86,85,46,45,0.0027442437,0.9972595,0.00052497629,0.99673452,86,True,0.39370589,-0.12936114,11555,False
0b_baseline_best,file,13,10036,171,170,166,165,0.46197802,0.63003618,0.18802239,0.44201379,171,True,58.517559,-0.10738386,5018,False
0b_baseline_best,file,13,6388,110,109,71,70,0.0029312286,0.99707305,0.0003809834,0.99669207,110,True,0.40549793,0.0054766532,10036,False
0b_baseline_best,file,13,5211,90,89,25,24,0.00072822277,0.99927205,0.00010626133,0.99916579,90,True,0.11111726,0.076686384,6388,False
0b_baseline_best,file,13,7367,126,125,128,127,3.465199,0.031266786,0.85069704,-0.81943025,128,False,183.20829,-0.11429978,5211,False
0b_baseline_best,file,13,290,6,5,7,6,0.38267913,0.68203169,0.22748438,0.45454732,6,True,52.471185,0.0097080992,7367,False
0b_baseline_best,file,13,8666,148,147,174,173,0.022110034,0.97813261,0.0035124009,0.9746202,148,True,3.2140424,-0.028552989,290,False
0b_baseline_best,file,13,5144,88,87,194,193,1.6494603,0.19215359,0.39972827,-0.20757468,194,False,113.10309,0.041017629,8666,False
0b_baseline_best,file,13,3275,57,56,68,67,0.7632122,0.46616659,0.21399453,0.25217205,57,True,101.96929,-0.015797971,5144,False
0b_baseline_best,file,13,113,2,1,45,44,0.11461149,0.89171249,0.031940006,0.85977248,2,True,18.559714,0.071239946,3275,False
0b_baseline_best,file,13,3819,66,65,65,64,0.27435187,0.7600646,0.18955426,0.57051034,66,True,48.694905,-0.11541114,113,False
0b_baseline_best,file,13,9415,161,160,176,175,2.4904995,0.082868554,0.10728354,-0.024414986,176,False,216.57897,0.036122925,3819,False
0b_baseline_best,file,13,1298,24,23,25,24,0.032578424,0.96794653,0.030121939,0.93782459,24,True,5.509227,-0.019418564,9415,False
0b_baseline_best,file,13,5560,95,94,96,95,0.00046445071,0.99953568,0.00025744273,0.99927824,95,True,0.064122554,-0.022412062,1298,False
0b_baseline_best,file,13,10914,186,185,185,184,0.0011139861,0.99888664,0.00058214075,0.9983045,186,True,0.16871503,0.086677061,5560,False
0b_baseline_best,file,13,4238,73,72,164,163,0.22264637,0.80039781,0.13935561,0.6610422,73,True,39.087432,0.056831534,10914,False
0b_baseline_best,file,13,4661,80,79,79,78,0.001562566,0.99843866,0.00073109951,0.99770756,80,True,0.28666639,-0.08576309,4238,False
0b_baseline_best,file,13,2841,50,49,51,50,0.18053414,0.8348242,0.11869266,0.71613155,50,True,24.835064,-0.19286014,4661,False
0b_baseline_best,file,13,6566,113,112,124,123,4.2354503,0.014473294,0.69371015,-0.67923685,124,False,196.81925,0.0042935189,2841,False
0b_baseline_best,file,13,10350,176,175,163,162,1.6022362,0.20144555,0.41178492,-0.21033937,163,False,129.83763,0.19811082,6566,False
0b_baseline_best,file,13,7555,129,128,195,194,3.7328672,0.023924144,0.23752062,-0.21359648,195,False,139.37456,0.006110064,10350,False
0b_baseline_best,file,13,1074,20,19,77,76,0.004841628,0.99517006,0.0010838445,0.99408621,20,True,0.5755561,-0.01358985,7555,False
0b_baseline_best,file,13,7464,128,127,174,173,0.00078944984,0.99921083,0.00022091679,0.99898992,128,True,0.097543226,0.013599735,1074,False
0b_baseline_best,file,13,8913,152,151,155,154,0.030810498,0.96965933,0.0074036447,0.96225568,152,True,6.0764778,-0.10225918,7464,False
0b_baseline_best,file,13,3196,56,55,35,34,0.036657721,0.96400607,0.030513437,0.93349263,56,True,6.2818538,0.0022089938,8913,False
0b_baseline_best,file,13,8123,139,138,42,41,0.085640706,0.91792399,0.03187092,0.88605307,139,True,13.859797,0.20380654,3196,False
0b_baseline_best,file,13,7080,121,120,127,126,0.0039898329,0.99601811,0.0024542732,0.99356384,121,True,0.69931351,0.016696696,8123,False
0b_baseline_best,file,13,3435,60,59,62,61,1.4970086,0.22379863,0.43449169,-0.21069306,62,False,100.59908,0.079126903,7080,False
0b_baseline_best,file,13,6277,108,107,107,106,1.6198158,0.19793513,0.76062143,-0.56268629,107,False,159.47004,-0.057699111,3435,False
0b_baseline_best,file,13,6248,107,106,108,107,0.1371443,0.87184441,0.045091923,0.82675249,107,True,22.38786,-0.36768782,6277,False
0b_baseline_best,file,13,1241,23,22,100,99,1.8483118,0.15750284,0.13499615,0.022506699,23,True,118.9419,0.12358264,6248,False
0b_baseline_best,file,13,11303,192,191,94,93,0.72730863,0.48320773,0.050142091,0.43306564,192,True,94.028129,-0.1204455,1241,False
0b_baseline_best,file,13,6956,119,118,117,116,0.00098025426,0.99902022,0.00028407859,0.99873614,119,True,0.13150555,0.024827054,11303,False
0b_baseline_best,file,13,9150,156,155,128,127,0.00027426297,0.99972576,7.8738936e-05,0.99964702,156,True,0.038434051,0.037597041,6956,False
0b_baseline_best,file,13,1514,27,26,49,48,0.45753849,0.63283944,0.21878943,0.41405001,27,True,54.263676,-0.038336992,9150,False
0b_baseline_best,file,13,1639,29,28,30,29,0.37491557,0.68734729,0.15234123,0.53500606,29,True,52.547641,0.14198817,1514,False
0b_baseline_best,file,13,1375,25,24,24,23,0.085184626,0.91834271,0.071730815,0.84661189,25,True,12.567085,-0.099576308,1639,False
0b_baseline_best,file,13,4127,71,70,3,2,0.11250815,0.89359009,0.076723501,0.81686659,71,True,20.404476,0.19612367,1375,False
0b_baseline_best,file,13,6533,112,111,93,92,0.080936521,0.92225224,0.050254557,0.87199768,112,True,14.716225,0.10299776,4127,False
0b_baseline_best,file,13,7844,134,133,9,8,0.0050409124,0.99497175,0.0012978474,0.9936739,134,True,0.62338606,-0.0079948087,6533,False
0b_baseline_best,file,13,8500,145,144,143,142,3.1044233,0.044850379,0.84286863,-0.79801825,143,False,179.25702,0.04334032,7844,False
0b_baseline_best,file,13,7770,133,132,127,126,1.8640753,0.1550395,0.15476879,0.0002707094,133,True,133.09502,-0.12846387,8500,False
0b_baseline_best,file,13,9211,157,156,175,174,0.013789861,0.98630476,0.0079515949,0.97835317,157,True,3.199715,0.14596234,7770,False
0b_baseline_best,file,13,2502,44,43,31,30,2.483259,0.083470754,0.075493008,0.0079777464,44,True,133.47145,0.077961428,9211,False
0b_baseline_best,file,13,8194,140,139,139,138,0.0047327168,0.99527848,0.001692183,0.99358629,140,True,0.4692874,0.053851914,2502,False
0b_baseline_best,file,13,1426,26,25,27,26,0.1830501,0.83272642,0.13815144,0.69457498,26,True,35.855142,0.017026277,8194,False
0b_baseline_best,file,13,8057,138,137,137,136,0.025575278,0.97474897,0.0017203651,0.9730286,138,True,3.7900516,-0.051199662,1426,False
0b_baseline_best,file,13,1802,32,31,31,30,0.92685354,0.3957971,0.19341213,0.20238498,32,True,103.17718,-0.0016329512,8057,False
0b_baseline_best,file,13,4599,79,78,80,79,1.3492849,0.25942573,0.54187417,-0.28244844,80,False,108.59849,0.096530138,1802,False
0b_baseline_best,file,13,5159,89,88,46,45,0.003083596,0.99692118,0.0004223845,0.9964988,89,True,0.48777584,-0.0029644303,4599,False
0b_baseline_best,file,13,8734,149,148,120,119,0.011120249,0.98894137,0.0058502373,0.98309113,149,True,1.6938428,0.015340062,5159,False
0b_baseline_best,file,13,4520,78,77,150,149,3.7750201,0.022936627,0.30995989,-0.28702326,150,False,135.87393,-0.047412449,8734,False
0b_baseline_best,file,13,1188,22,21,92,91,2.829277,0.059055537,0.094938956,-0.035883419,92,False,139.90129,0.048869439,4520,False
0b_baseline_best,file,13,264,5,4,7,6,0.31411761,0.73043311,0.13847509,0.59195802,5,True,46.968,0.10316245,1188,False
0b_baseline_best,file,13,1749,31,30,33,32,3.7746725,0.022944601,0.57772046,-0.55477586,33,False,167.30863,-0.12433112,264,False
0b_baseline_best,file,13,11302,192,191,124,123,0.00049102172,0.9995091,0.00013305026,0.99937605,192,True,0.090601886,-0.11742551,1749,False
0b_baseline_best,file,13,2933,51,50,50,49,0.098717786,0.90599835,0.053370122,0.85262823,51,True,14.702247,0.12435194,11302,False
0b_baseline_best,file,13,9650,164,163,159,158,0.0027062006,0.99729747,0.0018306572,0.99546681,164,True,0.58357254,-0.1585325,2933,False
0b_baseline_best,file,13,10149,173,172,170,169,4.7450838,0.0086943321,0.44602329,-0.43732895,170,False,107.38449,-0.14180987,9650,False
0b_baseline_best,file,13,2467,43,42,39,38,2.3344419,0.096864529,0.76756078,-0.67069625,39,False,161.02133,-0.057220089,10149,False
0b_baseline_best,file,13,6135,105,104,22,21,0.65313458,0.52041197,0.42577004,0.094641924,105,True,151.03487,-0.069033002,2467,False
0b_baseline_best,file,13,1581,28,27,190,189,0.0040794732,0.99592882,0.0011498192,0.994779,28,True,0.79529039,0.12545475,6135,False
0b_baseline_best,file,13,8782,150,149,131,130,0.27092841,0.76267111,0.055050388,0.70762073,150,True,36.760439,0.051362096,1581,False
0b_baseline_best,file,13,8635,147,146,111,110,0.6691224,0.51215786,0.11529985,0.39685801,147,True,81.643664,-0.0071301865,8782,False
0b_baseline_best,file,13,566,11,10,9,8,0.31421697,0.73036057,0.093664169,0.6366964,11,True,42.600687,0.039914164,8635,False
0b_baseline_best,file,13,8751,149,148,99,98,0.019099142,0.98108208,0.014156605,0.96692548,149,True,3.4972995,0.03186653,566,False
0b_baseline_best,file,13,6529,112,111,115,114,1.4657953,0.2308943,0.18275791,0.048136383,112,True,192.45691,-0.16682024,8751,False
0b_baseline_best,file,13,4639,80,79,79,78,0.010083567,0.98996711,0.0035578061,0.9864093,80,True,1.6595741,0.12612175,6529,False
0b_baseline_best,file,13,10452,178,177,181,180,0.0091104284,0.99093097,0.0052094534,0.98572152,178,True,1.6805524,-0.046390518,4639,False
0b_baseline_best,file,13,8335,142,141,141,140,0.0073989411,0.99262834,0.00083480339,0.99179353,142,True,1.3968797,-0.052753943,10452,False
0b_baseline_best,file,13,1149,21,20,158,157,0.027661432,0.97271764,0.0073882299,0.96532941,21,True,3.8802811,0.070333913,8335,False
0b_baseline_best,file,13,4254,73,72,164,163,0.00026949588,0.99973053,4.9338407e-05,0.99968119,73,True,0.038342059,-0.02797956,1149,False
0b_baseline_best,file,13,4526,78,77,103,102,0.27178657,0.76201689,0.081339829,0.68067706,78,True,37.318094,0.13221842,4254,False
0b_baseline_best,file,13,4356,75,74,73,72,0.10378927,0.90141523,0.028709121,0.87270611,75,True,15.256178,0.017155614,4526,False
0b_baseline_best,file,13,2372,42,41,41,40,0.0011073179,0.99889332,0.00020304714,0.99869027,42,True,0.13351702,0.066721466,4356,False
0b_baseline_best,file,13,9117,156,155,152,151,3.963778,0.01899123,0.90424532,-0.88525409,152,False,180.89975,-0.051181299,2372,False
0b_baseline_best,file,13,6481,111,110,112,111,0.0088311341,0.99120772,0.0040445477,0.98716317,111,True,1.1095542,0.07406846,9117,False
0b_baseline_best,file,13,1855,33,32,32,31,0.44732106,0.63933861,0.21350075,0.42583786,33,True,51.042726,-0.055717666,6481,False
0b_baseline_best,file,13,7482,128,127,126,125,0.015923247,0.98420286,0.003742798,0.98046006,128,True,2.5354719,0.0095254464,1855,False
0b_baseline_best,file,13,641,12,11,98,97,3.9935856,0.018433502,0.18191127,-0.16347777,98,False,134.40501,0.085600183,7482,False
0b_baseline_best,file,13,3930,68,67,69,68,0.14072467,0.86872846,0.099899888,0.76882857,68,True,18.755029,-0.042936728,641,False
0b_baseline_best,file,13,2088,37,36,43,42,4.5817213,0.010237261,0.59882188,-0.58858462,43,False,133.24242,0.12411033,3930,False
0b_baseline_best,file,13,3431,60,59,62,61,4.5692911,0.010365305,0.77674288,-0.76637757,62,False,168.50907,0.094476044,2088,False
0b_baseline_best,file,13,2718,48,47,192,191,0.0050258492,0.99498677,0.0011767332,0.99381004,48,True,0.72572548,-0.080724172,3431,False
0b_baseline_best,file,13,415,8,7,5,4,0.53631812,0.58489782,0.37310731,0.2117905,8,True,91.665154,0.053080204,2718,False
0b_baseline_best,file,13,9953,170,169,162,161,0.0023478104,0.99765491,0.00034723317,0.99730768,170,True,0.3047114,-0.033707431,415,False
0b_baseline_best,file,13,2684,47,46,177,176,0.042868238,0.95803761,0.021577837,0.93645978,47,True,7.0207141,0.012687332,9953,False
0b_baseline_best,file,13,4006,69,68,38,37,0.99075145,0.37129757,0.16862485,0.20267272,69,True,109.674,-0.14553388,2684,False
0b_baseline_best,file,13,148,3,2,1,0,0.78834617,0.45459598,0.36626351,0.088332474,3,True,77.055842,-0.12054857,4006,False
0b_baseline_best,file,13,1017,19,18,76,75,1.1184136,0.32679781,0.094194509,0.2326033,19,True,84.553801,0.14623918,148,False
0b_baseline_best,file,13,671,13,12,108,107,0.0051593967,0.99485391,0.0018518049,0.99300211,13,True,0.63081058,-0.042346449,1017,False
0b_baseline_best,file,13,151,3,2,9,8,1.7206839,0.17894371,0.59837949,-0.41943578,9,False,159.65922,-0.09648466,671,False
0b_baseline_best,file,13,4617,80,79,79,78,1.3004063,0.27242106,0.3148607,-0.04243964,79,False,102.24737,-0.020917544,151,False
0b_baseline_best,file,13,7287,125,124,131,130,5.8218632,0.0029620817,0.85848111,-0.85551903,131,False,220.64576,-0.046933335,4617,False
0b_baseline_best,file,13,9512,162,161,169,168,0.10738251,0.89818203,0.073504224,0.82467781,162,True,15.276334,0.020268994,7287,False
0b_baseline_best,file,13,10901,185,184,91,90,1.389172,0.24928163,0.21489407,0.034387559,185,True,130.53091,0.045824487,9512,False
0b_baseline_best,file,13,3701,64,63,84,83,0.98127508,0.37483287,0.1827299,0.19210297,64,True,135.05014,-0.055136938,10901,False
0b_baseline_best,file,13,4894,84,83,45,44,0.62753004,0.5339089,0.37468526,0.15922365,84,True,87.68156,0.0080523987,3701,False
0b_baseline_best,file,13,7407,127,126,129,128,3.7304935,0.023980998,0.5331881,-0.50920711,129,False,215.60314,-0.131519,4894,False
0b_baseline_best,file,13,4422,76,75,39,38,0.055215251,0.94628143,0.015272738,0.93100869,76,True,11.153242,-0.142717,7407,False
0b_baseline_best,file,13,6208,107,106,29,28,1.8352405,0.15957512,0.57548875,-0.41591363,29,False,152.98121,-0.043876274,4422,False
0b_baseline_best,file,13,7375,126,125,124,123,0.4045082,0.66730493,0.168715,0.49858993,126,True,68.20253,0.0081362157,6208,False
0b_baseline_best,file,13,3555,62,61,64,63,2.565136,0.076908723,0.81660908,-0.73970036,64,False,166.61734,0.15055709,7375,False
0b_baseline_best,file,13,9793,167,166,157,156,0.62573242,0.53486955,0.10136663,0.43350292,167,True,56.234916,-0.014076917,3555,False
0b_baseline_best,file,13,303,6,5,7,6,0.0038757222,0.99613178,0.0038571085,0.99227467,6,True,1.1669093,0.052478302,9793,False
0b_baseline_best,file,13,9474,162,161,170,169,0.1385437,0.8706252,0.090512134,0.78011306,162,True,22.845618,0.11311302,303,False
0b_baseline_best,file,13,4449,77,76,38,37,0.012649657,0.98743004,0.0088698855,0.97856015,77,True,1.9684016,0.16663083,9474,False
0b_baseline_best,file,13,4363,75,74,170,169,0.31499484,0.72979265,0.063987985,0.66580467,75,True,41.742774,0.026771133,4449,False
0b_baseline_best,file,13,6394,110,109,150,149,0.020863593,0.97935253,0.0040942808,0.97525825,110,True,2.219922,0.10008573,4363,False
0b_baseline_best,file,13,5235,90,89,46,45,0.052143015,0.94919312,0.0082842605,0.94090886,90,True,9.1971368,0.0021130065,6394,False
0b_baseline_best,file,13,9193,157,156,175,174,0.014142998,0.98595655,0.011580289,0.97437626,157,True,2.6667885,-0.015285895,5235,False
0b_baseline_best,file,13,3990,69,68,68,67,0.4506588,0.63720822,0.29702097,0.34018725,69,True,65.762598,-0.18297793,9193,False
0b_baseline_best,file,13,1790,32,31,101,100,2.5412655,0.078766651,0.10288323,-0.024116576,101,False,136.517,-0.22954882,3990,False
0b_baseline_best,file,13,181,4,3,97,96,3.1372828,0.043400571,0.11852892,-0.075128347,97,False,161.64654,0.16353435,1790,False
0b_baseline_best,file,13,710,13,12,132,131,2.106781,0.12162887,0.090277463,0.03135141,13,True,110.81745,0.22690389,181,False
0b_baseline_best,file,13,11178,190,189,189,188,0.035450578,0.96517044,0.025481179,0.93968926,190,True,5.0127799,0.1141057,710,False
0b_baseline_best,file,13,5845,100,99,101,100,0.1103708,0.89550203,0.031090749,0.86441128,100,True,16.615614,-0.090305678,11178,False
0b_baseline_best,file,13,8544,146,145,144,143,0.009804545,0.99024338,0.0063590007,0.98388437,146,True,2.217263,-0.17714908,5845,False
0b_baseline_best,file,13,6326,109,108,95,94,0.0016087459,0.99839252,0.00041939592,0.99797313,109,True,0.21023484,0.00050270953,8544,False
0b_baseline_best,file,13,4683,81,80,159,158,0.53591907,0.58513129,0.36675134,0.21837994,81,True,68.86483,0.09380976,6326,False
0b_baseline_best,file,13,9125,156,155,152,151,0.015263303,0.98485261,0.005130847,0.97972177,156,True,2.2469305,0.015994431,4683,False
0b_baseline_best,file,13,3979,69,68,119,118,1.2619878,0.28309074,0.16003032,0.12306042,69,True,110.16423,0.073664005,9125,False
0b_baseline_best,file,13,6330,109,108,21,20,0.11868586,0.88808674,0.029398791,0.85868794,109,True,14.12529,-0.0024619042,3979,False
0b_baseline_best,file,13,1259,23,22,72,71,2.4883294,0.08304859,0.69151235,-0.60846376,72,False,165.73331,0.025546316,6330,False
0b_baseline_best,file,13,7930,136,135,137,136,1.8584492,0.15591423,0.82839191,-0.67247768,137,False,199.30228,0.057207278,1259,False
0b_baseline_best,file,13,2286,40,39,102,101,0.72865367,0.48255822,0.45359355,0.028964669,40,True,98.011119,0.045620353,7930,False
0b_baseline_best,file,13,6891,118,117,76,75,0.60233521,0.54753155,0.11086192,0.43666963,118,True,62.384263,-0.039683603,2286,False
0b_baseline_best,file,13,9317,159,158,164,163,0.0096396208,0.99040669,0.0050004176,0.98540627,159,True,1.4546192,0.085516378,6891,False
0b_baseline_best,file,13,2279,40,39,78,77,0.30394778,0.73789942,0.2224853,0.51541412,40,True,73.257379,-0.011776885,9317,False
0b_baseline_best,file,13,11516,196,195,199,198,1.0184093,0.36116901,0.37610337,-0.014934361,199,False,78.319516,-0.13374903,2279,False
0b_baseline_best,file,13,1717,31,30,33,32,0.0057640527,0.9942525,0.0026640825,0.99158842,31,True,0.82190309,0.091095893,11516,False
0b_baseline_best,file,13,3371,59,58,62,61,3.3258331,0.035942562,0.17549348,-0.13955092,62,False,129.58469,0.080428891,1717,False
0b_baseline_best,file,13,11075,189,188,190,189,0.0015962491,0.99840504,0.0003393759,0.99806566,189,True,0.2365689,-0.0020465224,3371,False
0b_baseline_best,file,13,2038,36,35,24,23,0.17508331,0.83938712,0.020248977,0.81913814,36,True,22.146682,0.050461458,11075,False
0b_baseline_best,file,13,6845,117,116,116,115,3.0480361,0.047452025,0.21937576,-0.17192373,116,False,177.23951,0.086310972,2038,False
0b_baseline_best,file,13,7382,126,125,124,123,1.2323158,0.29161647,0.69276017,-0.4011437,124,False,150.9721,-0.20090793,6845,False
0b_baseline_best,file,13,3016,53,52,86,85,0.26403424,0.76794726,0.07476601,0.69318125,53,True,35.587738,0.11402071,7382,False
0b_baseline_best,file,13,5196,89,88,90,89,0.00035541895,0.99964464,9.5345815e-05,0.99954929,89,True,0.042680673,0.1285857,3016,False
0b_baseline_best,file,13,4439,77,76,20,19,0.17618878,0.83845967,0.024785636,0.81367403,77,True,26.538169,-0.01949206,5196,False
0b_baseline_best,file,13,11759,200,199,168,167,0.43863508,0.64491612,0.086108595,0.55880752,200,True,59.30326,-0.018121472,4439,False
0b_baseline_best,file,13,11421,194,193,36,35,0.062741555,0.93918616,0.02073808,0.91844808,194,True,9.9506372,-0.010815279,11759,False
0b_baseline_best,file,13,3928,68,67,32,31,1.5092953,0.22106571,0.18428202,0.036783695,68,True,129.33166,-0.16005659,11421,False
0b_baseline_best,file,13,7969,136,135,135,134,12.344286,4.3545629e-06,0.99734336,-0.99733901,135,False,267.89589,-0.046977798,3928,False
0b_baseline_best,file,13,1491,27,26,107,106,4.8500028,0.0078283548,0.59744358,-0.58961523,107,False,211.87912,0.095092193,7969,False
0b_baseline_best,file,13,6000,103,102,77,76,0.026940383,0.97341925,0.0087234685,0.96469578,103,True,4.0483483,-0.023530978,1491,False
0b_baseline_best,file,13,3208,56,55,130,129,0.0012020989,0.99879861,0.00043846227,0.99836015,56,True,0.1888693,0.018945938,6000,False
0b_baseline_best,file,13,5522,95,94,96,95,0.0050480291,0.99496472,0.002298414,0.9926663,95,True,0.68144684,0.11062725,3208,False
0b_baseline_best,file,13,8626,147,146,146,145,0.012762888,0.98731822,0.0079125976,0.97940562,147,True,1.7343548,-0.0081215389,5522,False
0b_baseline_best,file,13,1332,24,23,5,4,0.77230942,0.461945,0.19582438,0.26612061,24,True,73.301578,0.029005099,8626,False
0b_baseline_best,file,13,3799,66,65,59,58,0.083039135,0.92031515,0.063081041,0.85723411,66,True,13.238723,-0.051495977,1332,False
0b_baseline_best,file,13,861,16,15,97,96,0.00045491836,0.99954516,0.00028366948,0.99926149,16,True,0.085290513,0.035336812,3799,False
0b_baseline_best,file,13,8361,143,142,145,144,0.31488025,0.72987628,0.25369257,0.47618371,143,True,47.992698,0.054044642,861,False
0b_baseline_best,file,13,1973,35,34,119,118,0.050360065,0.95088696,0.028757207,0.92212976,35,True,10.727602,0.083171206,8361,False
0b_baseline_best,file,13,1837,33,32,31,30,0.71897191,0.48725295,0.22653081,0.26072215,33,True,66.127667,-0.11809988,1973,False
0b_baseline_best,file,13,4840,83,82,191,190,0.48378584,0.61644518,0.046058644,0.57038654,83,True,51.139996,-0.021841204,1837,False
0b_baseline_best,file,13,8917,152,151,157,156,0.94726717,0.38779935,0.3418822,0.045917153,152,True,109.7971,-0.036611441,4840,False
0b_baseline_best,file,13,2827,49,48,29,28,5.4362974,0.0043555805,0.51957673,-0.51522115,29,False,172.05708,0.084393884,8917,False
0b_baseline_best,file,13,5699,98,97,169,168,0.030165169,0.97028524,0.015630098,0.95465514,98,True,5.9084286,-0.0086146977,2827,False
0b_baseline_best,file,13,8653,148,147,156,155,1.7589053,0.1722333,0.1064884,0.065744899,148,True,158.11236,0.028615955,5699,False
0b_baseline_best,file,13,7111,122,121,127,126,0.0052125263,0.99480104,0.0013416167,0.99345943,122,True,0.9401245,-0.12200286,8653,False
0b_baseline_best,file,13,6416,110,109,194,193,0.0002934502,0.99970657,8.8607616e-05,0.99961796,110,True,0.039361852,0.034112834,7111,False
0b_baseline_best,file,13,2343,41,40,91,90,0.25079718,0.77818018,0.12922746,0.64895272,41,True,41.640531,0.076919956,6416,False
0b_baseline_best,file,13,7633,131,130,125,124,0.66491288,0.51431835,0.30019054,0.21412781,131,True,127.50519,-0.083772222,2343,False
0b_baseline_best,file,13,1571,28,27,188,187,0.00025996167,0.99974006,8.538305e-05,0.99965468,28,True,0.056936957,-0.14053381,7633,False
0b_baseline_best,file,13,1952,35,34,120,119,0.009596644,0.99044925,0.001378151,0.9890711,35,True,1.6625274,-0.061981404,1571,False
0b_baseline_best,file,13,8012,137,136,135,134,0.0052840333,0.99472988,0.0050346293,0.98969525,137,True,1.1974199,0.0069972704,1952,False
0b_baseline_best,file,13,11532,196,195,173,172,0.22326085,0.79990619,0.041268487,0.75863771,196,True,53.43993,-0.11455828,8012,False
0b_baseline_best,file,13,8107,139,138,140,139,1.7782577,0.16893221,0.81738132,-0.64844911,140,False,166.58416,-0.0081432809,11532,False
0b_baseline_best,file,13,7871,135,134,137,136,0.68456388,0.50431013,0.3611989,0.14311123,135,True,59.420503,-0.021964851,8107,False
0b_baseline_best,file,13,1027,19,18,155,154,0.11449318,0.89181805,0.061550304,0.83026774,19,True,15.739576,-0.019426027,7871,False
0b_baseline_best,file,13,3069,53,52,51,50,0.00097394228,0.99902654,0.00016234584,0.99886419,53,True,0.13503721,0.05777056,1027,False
0b_baseline_best,file,13,9721,166,165,165,164,0.5164963,0.59660721,0.13520157,0.46140563,166,True,54.554983,0.011920737,3069,False
0b_baseline_best,file,13,9988,170,169,98,97,0.69385815,0.49964464,0.18556789,0.31407675,170,True,65.990346,0.097538893,9721,False
0b_baseline_best,file,13,5099,88,87,194,193,0.010616138,0.98944002,0.0049707824,0.98446924,88,True,1.6453371,-0.075734265,9988,False
0b_baseline_best,file,13,10420,177,176,180,179,0.24720412,0.78098124,0.024399562,0.75658168,177,True,25.53838,-0.022835584,5099,False
0b_baseline_best,file,13,3164,55,54,48,47,0.0023680283,0.99763477,0.0002289352,0.99740583,55,True,0.33153026,0.037181443,10420,False
0b_baseline_best,file,13,8053,138,137,137,136,0.2186422,0.80360919,0.10925194,0.69435725,138,True,40.784377,-0.029389783,3164,False
0b_baseline_best,file,13,8498,145,144,147,146,3.2263408,0.039702516,0.86140394,-0.82170143,147,False,146.45749,0.057378363,8053,False
0b_baseline_best,file,13,6675,115,114,117,116,0.1193049,0.88753718,0.066639379,0.8208978,115,True,27.030176,-0.031124023,8498,False
0b_baseline_best,file,13,5635,97,96,136,135,0.30861035,0.73446691,0.065611072,0.66885584,97,True,36.580974,-0.086720151,6675,False
0b_baseline_best,file,13,2888,50,49,52,51,0.14713252,0.86317956,0.052987576,0.81019199,50,True,15.791065,0.09316734,5635,False
0b_baseline_best,file,13,3761,65,64,71,70,0.92929047,0.39483374,0.29186407,0.10296968,65,True,143.70392,-0.021527738,2888,False
0b_baseline_best,file,13,4768,82,81,80,79,0.016133824,0.98399562,0.0099893278,0.97400629,82,True,1.8819687,0.045290866,3761,False
0b_baseline_best,file,13,2152,38,37,77,76,0.52371061,0.59231859,0.14828673,0.44403186,38,True,66.348108,-0.078723315,4768,False
0b_baseline_best,file,13,4699,81,80,79,78,0.030479735,0.96998006,0.025095122,0.94488494,81,True,7.0047153,0.050424319,2152,False
0b_baseline_best,file,13,1229,22,21,105,104,0.57573968,0.56228882,0.39746296,0.16482586,22,True,93.0665,-0.024565034,4699,False
0b_baseline_best,file,13,4770,82,81,80,79,0.30366325,0.73810941,0.19735366,0.54075575,82,True,42.57183,-0.10204672,1229,False
0b_baseline_best,file,13,822,15,14,164,163,0.0067507531,0.99327201,0.0016715617,0.99160044,15,True,0.86575598,0.0010033734,4770,False
0b_baseline_best,file,13,11174,190,189,28,27,2.9687743,0.05136624,0.34057882,-0.28921258,28,False,116.06468,-0.069184559,822,False
0b_baseline_best,file,13,1877,34,33,120,119,0.001106127,0.99889451,0.00050359993,0.99839091,34,True,0.21464223,-0.081402138,11174,False
0b_baseline_best,file,13,605,12,11,10,9,0.23639224,0.78947097,0.032363016,0.75710795,12,True,28.81015,0.084526594,1877,False
0b_baseline_best,file,13,5342,92,91,194,193,0.019027447,0.98115242,0.015089534,0.96606288,92,True,3.429108,0.0063263764,605,False
0b_baseline_best,file,13,4858,84,83,141,140,0.0048157657,0.99519581,0.00075015507,0.99444565,84,True,0.70718584,0.047722153,5342,False
0b_baseline_best,file,13,10803,184,183,183,182,0.16057219,0.85165632,0.12013262,0.7315237,184,True,27.465413,0.072139433,4858,False
0b_baseline_best,file,13,5691,98,97,55,54,0.20845112,0.81184071,0.016855748,0.79498496,98,True,30.082942,0.09194652,10803,False
0b_baseline_best,file,13,11484,195,194,181,180,0.00055345474,0.99944669,0.00015606364,0.99929063,195,True,0.10779211,-0.019512046,5691,False
0b_baseline_best,file,13,1299,24,23,5,4,0.0017977281,0.99820387,0.0017497557,0.99645412,24,True,0.40843881,-0.059911474,11484,False
0b_baseline_best,file,13,9021,154,153,181,180,1.7857102,0.16767791,0.66158593,-0.49390802,181,False,192.80945,-0.0046174559,1299,False
0b_baseline_best,file,13,11412,194,193,198,197,0.62077063,0.53753006,0.17502135,0.36250871,194,True,89.238285,-0.074718841,9021,False
0b_baseline_best,file,13,10931,186,185,185,184,0.06826704,0.93401104,0.020754592,0.91325645,186,True,10.959841,0.033738015,11412,False
0b_baseline_best,file,13,9559,163,162,182,181,0.016223203,0.9839077,0.0053824764,0.97852522,163,True,1.9215244,0.041253237,10931,False
0b_baseline_best,file,13,72,2,1,3,2,0.035884019,0.9647522,0.0099203279,0.95483187,2,True,5.3755921,-0.046860849,9559,False
0b_baseline_best,file,13,7761,133,132,132,131,0.0077285557,0.99230123,0.0034153354,0.98888589,133,True,0.91465024,0.084921093,72,False
0b_baseline_best,file,13,5287,91,90,63,62,2.698493,0.067306861,0.55780506,-0.4904982,63,False,183.24027,0.0067684082,7761,False
0b_baseline_best,file,13,4209,73,72,164,163,0.22728981,0.79668987,0.10874979,0.68794008,73,True,41.79601,0.03519124,5287,False
0b_baseline_best,file,13,8378,143,142,146,145,0.80349684,0.44776046,0.20120245,0.24655801,143,True,97.347311,0.051068115,4209,False
0b_baseline_best,file,13,1548,28,27,187,186,0.01404779,0.98605043,0.011769732,0.9742807,28,True,3.3283608,-0.087858304,8378,False
0b_baseline_best,file,13,9783,167,166,180,179,4.3637934,0.012730004,0.96586925,-0.95313924,180,False,188.1162,-0.0067287576,1548,False
0b_baseline_best,file,13,4267,74,73,54,53,0.035448622,0.96517235,0.022269396,0.94290295,74,True,6.5573204,-0.07926847,9783,False
0b_baseline_best,file,13,5492,94,93,73,72,0.0054791989,0.9945358,0.0020903477,0.99244546,94,True,0.84609682,0.13721128,4267,False
0b_baseline_best,file,13,6081,104,103,150,149,0.018519819,0.98165059,0.0053831325,0.97626746,104,True,3.0076852,-0.066536856,5492,False
0b_baseline_best,file,13,7469,128,127,125,124,6.0780125,0.0022927288,0.36134052,-0.35904779,125,False,228.05532,-0.080982787,6081,False
0b_baseline_best,file,13,8975,153,152,155,154,0.22062345,0.80201864,0.17076655,0.6312521,153,True,31.184655,0.1195676,7469,False
0b_baseline_best,file,13,7079,121,120,119,118,3.8805463,0.020639548,0.31100887,-0.29036932,119,False,143.15968,-0.032814422,8975,False
0b_baseline_best,file,13,7290,125,124,129,128,0.14051379,0.86891168,0.06692338,0.8019883,125,True,24.769661,0.077614684,7079,False
0b_baseline_best,file,13,6478,111,110,78,77,1.5665407,0.20876612,0.44362819,-0.23486207,78,False,142.86339,-0.066257521,7290,False
0b_baseline_best,file,13,7254,124,123,126,125,0.35359958,0.70215607,0.10787274,0.59428333,124,True,57.681537,0.1531522,6478,False
0b_baseline_best,file,13,1704,31,30,33,32,0.31200305,0.73197931,0.20517349,0.52680582,31,True,51.28436,-0.12923253,7254,False
0b_baseline_best,file,13,3415,59,58,64,63,1.7515574,0.17350352,0.43555182,-0.2620483,64,False,117.59414,0.10680832,1704,False
0b_baseline_best,file,13,9006,154,153,31,30,0.30886912,0.73427689,0.023295978,0.71098091,154,True,50.761531,0.066460531,3415,False
0b_baseline_best,file,13,6037,104,103,152,151,0.13845038,0.87070644,0.019861134,0.85084531,104,True,20.530171,0.083643631,9006,False
0b_baseline_best,file,13,6111,105,104,92,91,3.1909926,0.041131027,0.86594087,-0.82480984,92,False,164.31512,-0.15541848,6037,False
0b_baseline_best,file,13,5035,87,86,46,45,0.026424682,0.97392142,0.0092696287,0.96465179,87,True,3.8107797,-0.0019852663,6111,False
0b_baseline_best,file,13,9757,166,165,168,167,0.17303672,0.84110671,0.04333929,0.79776742,166,True,27.01861,-0.15118165,5035,False
0b_baseline_best,file,13,8411,144,143,141,140,5.7936463,0.0030468518,0.98280787,-0.97976102,141,False,185.34254,0.037434289,9757,False
0b_baseline_best,file,13,10264,175,174,157,156,1.7568504,0.1725876,0.70151514,-0.52892753,157,False,148.69489,0.063004692,8411,False
0b_baseline_best,file,13,955,18,17,70,69,0.012930593,0.98715264,0.0048426911,0.98230994,18,True,2.6830454,-0.0040169692,10264,False
0b_baseline_best,file,13,762,14,13,54,53,1.0182413,0.36122966,0.51152027,-0.15029061,54,False,119.70553,0.077868941,955,False
0b_baseline_best,file,13,9402,160,159,76,75,0.0049521886,0.99506003,0.0007547508,0.99430528,160,True,0.85772304,-0.039561674,762,False
0b_baseline_best,file,13,11244,191,190,83,82,0.0025399826,0.99746323,0.00044571017,0.99701752,191,True,0.37716126,-0.0048573843,9402,False
0b_baseline_best,file,13,617,12,11,96,95,1.004154,0.36635444,0.046433773,0.31992066,12,True,78.293466,0.14132469,11244,False
0b_baseline_best,file,13,10429,178,177,181,180,3.5424223,0.028943134,0.57928985,-0.55034672,181,False,141.1564,-0.085089759,617,False
0b_baseline_best,file,13,7544,129,128,125,124,0.067733116,0.93450987,0.038128741,0.89638113,129,True,11.336072,-0.0016967585,10429,False
0b_baseline_best,file,13,6861,118,117,130,129,2.2918656,0.10107771,0.78945357,-0.68837586,130,False,160.16147,-0.1382699,7544,False
0b_baseline_best,file,13,9382,160,159,57,56,0.01276077,0.9873203,0.0023351265,0.98498518,160,True,2.2414376,0.10999902,6861,False
0b_baseline_best,file,13,1415,26,25,49,48,2.4374843,0.087380394,0.36231694,-0.27493654,49,False,122.07237,-0.098598645,9382,False
0b_baseline_best,file,13,1897,34,33,35,34,0.052166775,0.94917053,0.022943329,0.9262272,34,True,10.62818,-0.085343764,1415,False
0b_baseline_best,file,13,8323,142,141,27,26,0.24033764,0.78636229,0.043375686,0.7429866,142,True,30.119386,-0.063678721,1897,False
0b_baseline_best,file,13,4275,74,73,111,110,1.3615196,0.25627106,0.13718966,0.11908141,74,True,144.66157,-0.03571094,8323,False
0b_baseline_best,file,13,4612,79,78,82,81,0.21104001,0.80974168,0.13672002,0.67302166,79,True,24.563026,-0.15280102,4275,False
0b_baseline_best,file,13,5800,99,98,183,182,0.13074775,0.87743908,0.021126324,0.85631276,99,True,20.702071,-0.015041599,4612,False
0b_baseline_best,file,13,7074,121,120,113,112,1.8020984,0.1649524,0.19284263,-0.027890235,113,False,111.25362,0.095887718,5800,False
0b_baseline_best,file,13,2325,41,40,32,31,6.3014131,0.0018337115,0.76907396,-0.76724025,32,False,185.54017,-0.02108839,7074,False
0b_baseline_best,file,13,8526,146,145,145,144,1.1896846,0.30431724,0.38173318,-0.077415943,145,False,151.10239,0.075298489,2325,False
0b_baseline_best,file,13,6685,115,114,131,130,7.0145035,0.00089875178,0.96644461,-0.96554586,131,False,189.86012,0.029473824,8526,False
0b_baseline_best,file,13,15,1,0,2,1,0.0096985335,0.99034834,0.0074270307,0.98292131,1,True,1.8695121,0.05340856,6685,False
0b_baseline_best,file,13,2402,42,41,17,16,0.00088592852,0.99911445,0.00053819979,0.99857625,42,True,0.13891129,-0.12556929,15,False
0b_baseline_best,file,13,8836,151,150,57,56,0.0010871936,0.99891341,0.00011842483,0.99879498,151,True,0.17037093,-0.020399168,2402,False
0b_baseline_best,file,13,11647,198,197,150,149,1.1134899,0.32841083,0.28009546,0.048315376,198,True,124.05315,-0.10024382,8836,False
0b_baseline_best,file,13,9326,159,158,99,98,0.025202908,0.97511202,0.0061686155,0.96894341,159,True,3.875701,0.017352667,11647,False
0b_baseline_best,file,13,533,10,9,26,25,0.0040136981,0.99599433,0.00085847953,0.99513585,10,True,0.50571529,0.10627627,9326,False
0b_baseline_best,file,13,11755,200,199,153,152,0.051657699,0.94965386,0.0061756885,0.94347818,200,True,7.0528748,0.097062399,533,False
0b_baseline_best,file,13,5637,97,96,82,81,0.73627245,0.47889569,0.086511143,0.39238455,97,True,61.80843,-0.0017262812,11755,False
0b_baseline_best,file,13,2487,44,43,23,22,0.0021500108,0.99785233,0.00034705535,0.99750527,44,True,0.43300678,0.053253884,5637,False
0b_baseline_best,file,13,7243,124,123,123,122,0.031924073,0.96858013,0.012319688,0.95626044,124,True,5.6569607,-0.030180299,2487,False
0b_baseline_best,file,13,3438,60,59,64,63,1.0062616,0.36558315,0.26948372,0.096099436,60,True,104.37381,-0.049638332,7243,False
0b_baseline_best,file,13,2254,40,39,33,32,1.0608623,0.34615719,0.10222035,0.24393684,40,True,128.29095,0.15075514,3438,False
0b_baseline_best,file,13,368,7,6,6,5,0.15778551,0.85403293,0.11001402,0.74401891,7,True,27.555845,0.0166782,2254,False
0b_baseline_best,file,13,11657,198,197,193,192,0.0058941836,0.99412316,0.0012895936,0.99283357,198,True,0.80895033,0.13478937,368,False
0b_baseline_best,file,13,8625,147,146,141,140,5.4109344,0.0044674631,0.55247843,-0.54801097,141,False,161.7101,0.038644987,11657,False
0b_baseline_best,file,13,6663,114,113,85,84,0.005689261,0.99432689,0.002842803,0.99148409,114,True,0.83634107,-0.043569568,8625,False
0b_baseline_best,file,13,7200,123,122,113,112,0.0030122879,0.99699223,0.0024718305,0.9945204,123,True,0.43624339,-0.156924,6663,False
0b_baseline_best,file,13,9896,169,168,171,170,0.0069327289,0.99309123,0.001902443,0.99118878,169,True,0.861559,0.03400589,7200,False
0b_baseline_best,file,13,3746,65,64,60,59,0.23315378,0.79203176,0.068230979,0.72380079,65,True,31.066301,0.023885155,9896,False
0b_baseline_best,file,13,5003,86,85,23,22,0.36674234,0.69298816,0.06767045,0.62531771,86,True,72.434294,0.11197881,3746,False
0b_baseline_best,file,13,5946,102,101,40,39,0.61268461,0.54189414,0.25062105,0.29127309,102,True,48.789416,-0.01362434,5003,False
0b_baseline_best,file,13,7141,122,121,99,98,2.1436167,0.1172301,0.41774148,-0.30051138,99,False,142.4082,0.12108739,5946,False
0b_baseline_best,file,13,3375,59,58,66,65,0.03447764,0.96610993,0.019161517,0.94694841,59,True,4.8501051,0.0054703566,7141,False
0b_baseline_best,file,13,1165,21,20,158,157,0.015888751,0.98423684,0.0099207163,0.97431612,21,True,2.7073928,0.10107163,3375,False
0b_baseline_best,file,13,1171,21,20,195,194,6.0446372,0.0023705412,0.7792415,-0.77687096,195,False,291.31376,0.061275047,1165,True
0b_baseline_best,file,13,6988,120,119,131,130,0.011884833,0.98818552,0.0031146128,0.98507091,120,True,2.0013839,2.9226665e-06,1171,False
0b_baseline_best,file,13,1860,33,32,31,30,0.10016053,0.90469217,0.023709685,0.88098249,33,True,15.883633,0.14089402,6988,False
0b_baseline_best,file,13,7022,120,119,11,10,3.2399426,0.039166141,0.32790118,-0.28873504,11,False,145.57293,-0.068571081,1860,False
0b_baseline_best,file,13,9421,161,160,177,176,0.00081660773,0.99918371,0.00023045251,0.99895326,161,True,0.14227142,0.018777993,7022,False
0b_baseline_best,file,13,7272,125,124,131,130,0.1758543,0.83874017,0.12625864,0.71248153,125,True,40.311431,0.046110419,9421,False
0b_baseline_best,file,13,32,1,0,3,2,1.7493927,0.17387949,0.81863314,-0.64475365,3,False,181.10035,0.027971518,7272,False
0b_baseline_best,file,13,8997,154,153,117,116,1.4261407,0.24023427,0.21429457,0.025939703,154,True,101.29831,-0.10595647,32,False
0b_baseline_best,file,13,3145,55,54,168,167,0.0008655616,0.99913484,0.0001101033,0.99902474,55,True,0.12688014,-0.042554711,8997,False
0b_baseline_best,file,13,2386,42,41,139,138,0.17300484,0.84113353,0.019096276,0.82203726,42,True,20.678364,-0.034400433,3145,False
0b_baseline_best,file,13,11332,193,192,178,177,0.073385373,0.92924267,0.018800544,0.91044213,193,True,12.223354,-0.076064192,2386,False
0b_baseline_best,file,13,5359,92,91,194,193,0.48489362,0.61576271,0.074314997,0.54144771,92,True,66.190054,-0.037651829,11332,False
0b_baseline_best,file,13,2598,46,45,87,86,0.0099398168,0.99010944,0.0013815562,0.98872789,46,True,1.5887295,-0.053251288,5359,False
0b_baseline_best,file,13,388,8,7,25,24,2.6051402,0.073892765,0.55499202,-0.48109926,25,False,150.27219,-0.16837276,2598,False
0b_baseline_best,file,13,7936,136,135,137,136,0.066561706,0.93560517,0.051061828,0.88454334,136,True,11.26353,0.026270728,388,False
0b_baseline_best,file,13,9947,169,168,163,162,0.0096501289,0.99039626,0.0050722938,0.98532397,169,True,1.6459471,0.13680004,7936,False
0b_baseline_best,file,13,5267,91,90,112,111,0.66470087,0.51442736,0.11028363,0.40414374,91,True,59.162394,0.023841649,9947,False
0b_baseline_best,file,13,9223,157,156,171,170,0.18494384,0.83115095,0.027839372,0.80331158,157,True,43.235638,-0.019660074,5267,False
0b_baseline_best,file,13,10306,175,174,157,156,0.012710629,0.98736984,0.0069337497,0.98043609,175,True,2.6214339,-0.007239422,9223,False
0b_baseline_best,file,13,4853,84,83,45,44,0.45150739,0.63666773,0.067105211,0.56956252,84,True,57.200056,-0.12144219,10306,False
0b_baseline_best,file,13,10599,180,179,182,181,0.0040429058,0.99596524,0.0031295472,0.9928357,180,True,0.76988289,0.1320424,4853,False
0b_baseline_best,file,13,912,17,16,42,41,0.22233918,0.80064374,0.030923799,0.76971994,17,True,33.151866,0.092943221,10599,False
0b_baseline_best,file,13,9503,162,161,167,166,0.05194509,0.94938099,0.03089568,0.91848531,162,True,9.2643969,-0.050211219,912,False
0b_baseline_best,file,13,8233,141,140,144,143,0.71181118,0.49075454,0.13510433,0.35565022,141,True,73.451383,0.013720557,9503,False
0b_baseline_best,file,13,444,9,8,11,10,0.25222024,0.77707356,0.12180094,0.65527262,9,True,29.515681,0.09230313,8233,False
0b_baseline_best,file,13,2198,39,38,43,42,2.8479476,0.057963159,0.13975547,-0.081792314,43,False,136.51859,0.021035734,444,False
0b_baseline_best,file,13,10347,176,175,163,162,0.0085081477,0.99152792,0.0042268387,0.98730108,176,True,1.304534,-0.0078133955,2198,False
0b_baseline_best,file,13,5285,91,90,103,102,0.69550079,0.49882457,0.14421564,0.35460892,91,True,87.961452,-0.048246945,10347,False
0b_baseline_best,file,13,361,7,6,6,5,0.0027314043,0.99727231,0.0014555581,0.99581675,7,True,0.38574599,-0.0011704025,5285,False
0b_baseline_best,file,13,8848,151,150,43,42,0.28974715,0.74845278,0.037249848,0.71120293,151,True,52.258995,-0.082471457,361,False
0b_baseline_best,file,13,2931,51,50,8,7,2.1704357,0.11412789,0.40496865,-0.29084076,8,False,165.18617,-0.047296145,8848,False
0b_baseline_best,file,13,2071,37,36,43,42,5.768146,0.003125547,0.75985605,-0.7567305,43,False,110.82552,-0.084491915,2931,False
0b_baseline_best,file,13,662,13,12,108,107,0.0028269824,0.997177,0.00032562023,0.99685138,13,True,0.44084435,0.0029776367,2071,False
0b_baseline_best,file,13,3271,57,56,192,191,0.037825529,0.96288091,0.0069579412,0.95592297,57,True,5.4226669,0.11155412,662,False
0b_baseline_best,file,13,11283,192,191,57,56,0.0022897711,0.99771285,0.00023914399,0.99747371,192,True,0.35787575,-0.017724705,3271,False
0b_baseline_best,file,13,9371,160,159,183,182,3.2950275,0.037067026,0.11552653,-0.078459509,183,False,147.82934,-0.035151294,11283,False
0b_baseline_best,file,13,511,10,9,12,11,0.0085336789,0.99150264,0.0013429301,0.99015971,10,True,1.0606702,0.073034395,9371,False
0b_baseline_best,file,13,7106,122,121,131,130,0.45436919,0.6348483,0.074758157,0.56009014,122,True,81.544916,0.11840491,511,False
0b_baseline_best,file,13,6182,106,105,84,83,0.0021983047,0.99780411,0.00050214696,0.99730196,106,True,0.27436075,-0.033570027,7106,False
0b_baseline_best,file,13,8405,144,143,65,64,0.81015766,0.44478795,0.15084849,0.29393946,144,True,92.361273,-0.19933064,6182,False
0b_baseline_best,file,13,2439,43,42,174,173,2.9045663,0.054772541,0.72936857,-0.67459603,174,False,155.26779,0.017244729,8405,False
0b_baseline_best,file,13,9446,161,160,163,162,4.5044217,0.011059983,0.17794041,-0.16688043,163,False,132.24587,0.072087344,2439,False
0b_baseline_best,file,13,3497,61,60,66,65,0.86499494,0.42105368,0.19276512,0.22828856,61,True,102.05565,-0.045989442,9446,False
0b_baseline_best,file,13,8172,140,139,16,15,0.17189543,0.84206724,0.073735744,0.7683315,140,True,25.486123,0.012365785,3497,False
0b_baseline_best,file,13,1658,30,29,4,3,4.7695842,0.0084839072,0.23384956,-0.22536565,4,False,162.42926,-0.0037801517,8172,False
0b_baseline_best,file,13,3706,64,63,63,62,1.1535212,0.3155238,0.20591961,0.10960419,64,True,75.594502,0.089131764,1658,False
0b_baseline_best,file,13,5096,88,87,174,173,0.02230031,0.97794652,0.0040550278,0.97389149,88,True,3.3509177,0.014797783,3706,False
0b_baseline_best,file,13,5432,93,92,102,101,4.3322639,0.013137773,0.59825683,-0.58511905,102,False,214.81317,0.12808826,5096,False
0b_baseline_best,file,13,6880,118,117,193,192,3.4456835,0.031882968,0.4657627,-0.43387974,193,False,192.98691,0.1047846,5432,False
0b_baseline_best,file,13,2034,36,35,194,193,0.039240621,0.9615193,0.010701591,0.95081771,36,True,5.7805633,-0.060569831,6880,False
0b_baseline_best,file,13,8949,153,152,170,169,0.88916785,0.41099763,0.20021883,0.2107788,153,True,115.92132,0.10160087,2034,False
0b_baseline_best,file,13,10877,185,184,186,185,6.6323738,0.001317033,0.99227846,-0.99096142,186,False,170.00581,-0.021017844,8949,False
0b_baseline_best,file,13,11558,197,196,196,195,0.00081958552,0.99918073,0.00018448723,0.99899625,197,True,0.13051226,-0.083289448,10877,False
0b_baseline_best,file,13,10353,176,175,182,181,0.040306609,0.96049488,0.0046539675,0.95584091,176,True,5.9616791,-0.0086812612,11558,False
0b_baseline_best,file,13,5997,103,102,76,75,2.149909,0.11649477,0.46178815,-0.34529338,76,False,148.45306,-0.032199309,10353,False
0b_baseline_best,file,13,3787,66,65,65,64,3.6362095,0.026352042,0.48329315,-0.4569411,65,False,162.49544,0.07670986,5997,False
0b_baseline_best,file,13,11232,191,190,188,187,0.49787834,0.6078189,0.31363633,0.29418257,191,True,57.408662,-0.10687736,3787,False
0b_baseline_best,file,13,4848,83,82,31,30,0.72699451,0.48335955,0.10532009,0.37803946,83,True,83.593396,0.16339044,11232,False
0b_baseline_best,file,13,9080,155,154,31,30,3.3829999,0.033945471,0.057836551,-0.02389108,31,False,167.85743,-0.042627581,4848,False
0b_baseline_best,file,13,5394,93,92,19,18,0.026946997,0.97341281,0.0056873038,0.96772551,93,True,6.4001839,0.014911633,9080,False
0b_baseline_best,file,13,4994,86,85,23,22,0.11747071,0.88916653,0.022930911,0.86623562,86,True,22.121086,0.17060114,5394,False
0b_baseline_best,file,13,11088,189,188,36,35,0.004782903,0.99522853,0.0025487372,0.99267979,189,True,0.69091389,-0.085094914,4994,False
0b_baseline_best,file,13,4716,81,80,192,191,0.18279573,0.83293825,0.084772319,0.74816594,81,True,39.693003,-0.053606247,11088,False
0b_baseline_best,file,13,10989,187,186,190,189,0.31419092,0.73037958,0.25937924,0.47100034,187,True,81.97709,0.015601353,4716,False
0b_baseline_best,file,13,8410,144,143,145,144,6.4989619,0.0015050006,0.76786619,-0.76636119,145,False,249.51221,0.054703902,10989,False
0b_baseline_best,file,13,10124,172,171,16,15,0.078481056,0.9245196,0.052463822,0.87205578,172,True,12.226559,0.0063447237,8410,False
0b_baseline_best,file,13,9855,168,167,166,165,1.2384934,0.28982052,0.30376914,-0.013948619,166,False,139.26814,-0.034328611,10124,False
0b_baseline_best,file,13,1603,29,28,142,141,5.682899,0.0034036764,0.62263691,-0.61923324,142,False,136.13229,0.044785228,9855,False
0b_baseline_best,file,13,10539,179,178,154,153,0.037508443,0.96318626,0.01868034,0.94450592,179,True,5.5769381,-0.01688603,1603,False
0b_baseline_best,file,13,3160,55,54,96,95,0.20184997,0.81721753,0.1076108,0.70960673,55,True,34.276219,0.018741844,10539,False
0b_baseline_best,file,13,6513,112,111,111,110,0.10373737,0.90146202,0.097143188,0.80431883,112,True,18.667152,-0.038245709,3160,False
0b_baseline_best,file,13,7430,127,126,128,127,0.14859548,0.86191767,0.034961037,0.82695664,127,True,16.553878,0.042852547,6513,False
0b_baseline_best,file,13,1772,32,31,33,32,3.6414444,0.026214449,0.62992114,-0.60370669,33,False,120.66344,-0.1548205,7430,False
0b_baseline_best,file,13,5158,89,88,106,105,0.00022253898,0.9997775,2.1998059e-05,0.9997555,89,True,0.032180695,0.080463402,1772,False
0b_baseline_best,file,13,10638,181,180,195,194,0.0018697176,0.99813205,0.0011222513,0.9970098,181,True,0.35471903,0.034630072,5158,False
0b_baseline_best,file,13,2832,50,49,51,50,0.082185663,0.92110091,0.023479449,0.89762147,50,True,10.837345,0.013333594,10638,False
0b_baseline_best,file,13,10225,174,173,156,155,2.3178504,0.09848506,0.17772652,-0.079241462,156,False,162.54488,0.0089794982,2832,False
0b_baseline_best,file,13,460,9,8,11,10,0.082448386,0.92085898,0.046734672,0.87412431,9,True,9.8209633,-0.099954258,10225,False
0b_baseline_best,file,13,7417,127,126,120,119,7.8736806,0.00038063084,0.79829168,-0.79791105,120,False,213.19797,-0.030685451,460,False
0b_baseline_best,file,13,3546,61,60,141,140,0.26266485,0.76899958,0.034924868,0.73407471,61,True,33.202045,-0.10256027,7417,False
0b_baseline_best,file,13,5772,99,98,149,148,0.021793991,0.97844177,0.0080218669,0.97041991,99,True,3.1912351,0.076939433,3546,False
0b_baseline_best,file,13,11034,188,187,191,190,0.010324285,0.98972881,0.0076651652,0.98206364,188,True,2.0771563,-0.033835352,5772,False
0b_baseline_best,file,13,8042,137,136,118,117,2.3496466,0.095402859,0.16171192,-0.066309057,118,False,128.86886,-0.10262661,11034,False
0b_baseline_best,file,13,1670,30,29,27,26,5.595891,0.0037130904,0.89635682,-0.89264373,27,False,179.97525,-0.018249722,8042,False
0b_baseline_best,file,13,11448,195,194,130,129,0.014040972,0.98605716,0.0091046384,0.97695252,195,True,3.4109329,-0.013665211,1670,False
0b_baseline_best,file,13,5979,103,102,39,38,0.15467428,0.85669416,0.036333822,0.82036034,103,True,22.349295,0.085750432,11448,False
0b_baseline_best,file,13,7152,123,122,125,124,1.9848999,0.13739437,0.1570002,-0.01960583,125,False,116.15954,-0.067301289,5979,False
0b_baseline_best,file,13,2554,45,44,63,62,0.95541894,0.38465098,0.44163561,-0.056984633,63,False,93.483449,-0.13799271,7152,False
0b_baseline_best,file,13,115,2,1,3,2,0.026612284,0.97373873,0.0064526228,0.96728611,2,True,4.7775504,-0.012478667,2554,False
0b_baseline_best,file,13,9090,155,154,153,152,0.029391404,0.97103631,0.018436817,0.9525995,155,True,4.5603101,0.14654163,115,False
0b_baseline_best,file,13,313,6,5,7,6,0.0071233115,0.99290198,0.0017364963,0.99116548,6,True,1.4791132,0.034194804,9090,False
0b_baseline_best,file,13,5206,90,89,1,0,0.15809098,0.8537721,0.049159661,0.80461244,90,True,31.794057,-0.061373487,313,False
0b_baseline_best,file,13,10103,172,171,200,199,1.1251961,0.32458881,0.099567547,0.22502126,172,True,100.47306,0.044915562,5206,False
0b_baseline_best,file,13,10552,180,179,16,15,0.019908957,0.98028791,0.0090037901,0.97128412,180,True,3.0324707,-0.045080449,10103,False
0b_baseline_best,file,13,345,7,6,5,4,0.009726041,0.9903211,0.0074309432,0.98289016,7,True,1.7407372,0.048041972,10552,False
0b_baseline_best,file,13,9955,170,169,153,152,0.56400573,0.56892556,0.049813353,0.51911221,170,True,66.731264,-0.028443404,345,False
0b_baseline_best,file,13,7995,137,136,136,135,0.70024294,0.4964647,0.12514469,0.37132001,137,True,73.836402,-0.07852432,9955,False
0b_baseline_best,file,13,7867,135,134,102,101,0.25525931,0.7747156,0.13342386,0.64129174,135,True,46.472598,0.12299458,7995,False
0b_baseline_best,file,13,2741,48,47,192,191,0.00033301531,0.99966705,4.4733162e-05,0.99962232,48,True,0.04933014,-0.054729592,7867,False
0b_baseline_best,file,13,213,4,3,198,197,1.5095847,0.22100173,0.079671443,0.14133029,4,True,143.17551,-0.020223763,2741,False
0b_baseline_best,file,13,5874,101,100,100,99,0.0094458563,0.99059862,0.0026034038,0.98799522,101,True,1.6476011,-0.016302025,213,False
0b_baseline_best,file,13,11493,196,195,199,198,0.036645193,0.96401811,0.025161661,0.93885645,196,True,6.073237,0.041117566,5874,False
0b_baseline_best,file,13,2334,41,40,135,134,0.048996273,0.95218468,0.03459315,0.91759153,41,True,8.9459708,-0.15216012,11493,False
0b_baseline_best,file,13,409,8,7,5,4,1.5786626,0.20625074,0.26323035,-0.056979612,5,False,132.41649,0.068693491,2334,False
0b_baseline_best,file,13,10558,180,179,182,181,0.0031085524,0.99689627,0.0017080504,0.99518822,180,True,0.44359046,-0.073931171,409,False
0b_baseline_best,file,13,9888,168,167,162,161,0.0069996142,0.99302483,0.0055992906,0.98742554,168,True,1.2337714,0.29330007,10558,False
0b_baseline_best,file,13,11206,191,190,42,41,0.035128824,0.96548104,0.010021,0.95546004,191,True,5.7153771,-0.047402673,9888,False
0b_baseline_best,file,13,10180,173,172,179,178,0.14657454,0.86366135,0.039111808,0.82454954,173,True,21.63763,0.10303228,11206,False
0b_baseline_best,file,13,6068,104,103,127,126,1.5840398,0.20514467,0.3015554,-0.096410722,127,False,132.29304,0.19640494,10180,False
0b_baseline_best,file,13,3310,58,57,25,24,0.004855271,0.99515653,0.00072762527,0.9944289,58,True,0.71105324,0.054015906,6068,False
0b_baseline_best,file,13,10086,172,171,173,172,0.09700641,0.90755022,0.019069994,0.88848022,172,True,9.8793381,0.061950542,3310,False
0b_baseline_best,file,13,4027,70,69,68,67,4.1475973,0.015802344,0.39946011,-0.38365776,68,False,97.528925,-0.017693479,10086,False
0b_baseline_best,file,13,4929,85,84,118,117,0.0080949562,0.9919377,0.0012487784,0.99068892,85,True,1.5273938,-0.021460482,4027,False
0b_baseline_best,file,13,5875,101,100,145,144,0.1284889,0.87942332,0.045206644,0.83421668,101,True,15.537971,-0.028024255,4929,False
0b_baseline_best,file,13,6291,108,107,107,106,0.056450386,0.94511336,0.046757668,0.89835569,108,True,10.77039,-0.027968545,5875,False
0b_baseline_best,file,13,3867,67,66,68,67,0.82433063,0.43852848,0.48287863,-0.044350147,68,False,91.852805,0.110245,6291,False
0b_baseline_best,file,13,3363,58,57,25,24,1.3544534,0.25808829,0.23281641,0.025271878,58,True,112.76049,0.025487175,3867,False
0b_baseline_best,file,13,5957,102,101,40,39,0.19675539,0.82139152,0.046142839,0.77524868,102,True,29.935588,0.12835546,3363,False
0b_baseline_best,file,13,1343,25,24,23,22,0.34214061,0.71024835,0.26419181,0.44605654,25,True,43.264932,-0.07383748,5957,False
0b_baseline_best,file,13,10014,171,170,99,98,2.920687,0.053896651,0.13892397,-0.085027322,99,False,136.22851,0.162733,1343,False
0b_baseline_best,file,13,3605,62,61,74,73,4.636477,0.0096917804,0.20383525,-0.19414347,74,False,153.5893,-0.1185474,10014,False
0b_baseline_best,file,13,11366,193,192,178,177,0.15572441,0.85579503,0.027553326,0.8282417,193,True,22.404807,0.034499584,3605,False
0b_baseline_best,file,13,7676,131,130,119,118,0.29790619,0.74237096,0.070212312,0.67215865,131,True,48.185741,0.021599854,11366,False
0b_baseline_best,file,13,10852,185,184,112,111,0.0022518295,0.9977507,0.00068302942,0.99706767,185,True,0.35167792,-0.050944599,7676,False
0b_baseline_best,file,13,2635,46,45,65,64,0.85473645,0.42539528,0.15077622,0.27461906,46,True,101.5613,0.10138137,10852,False
0b_baseline_best,file,13,7837,134,133,9,8,0.72964162,0.48208174,0.18234345,0.29973829,134,True,76.413909,-0.092850385,2635,False
0b_baseline_best,file,13,9657,165,164,166,165,0.0090122595,0.99102825,0.0058680978,0.98516015,165,True,1.7198955,0.066191734,7837,False
0b_baseline_best,file,13,4392,76,75,26,25,0.46418872,0.62864488,0.16340713,0.46523775,76,True,62.524643,0.023648433,9657,False
0b_baseline_best,file,13,225,4,3,54,53,0.051378943,0.94991863,0.016367463,0.93355116,4,True,8.6592205,0.059299741,4392,False
0b_baseline_best,file,13,55,1,0,31,30,0.28166321,0.75452775,0.10188325,0.65264449,1,True,50.195475,-0.12829989,225,False
0b_baseline_best,file,13,4845,83,82,69,68,0.0076561589,0.99237305,0.00078450295,0.99158855,83,True,1.2972134,-0.10152582,55,False
0b_baseline_best,file,13,3657,63,62,60,59,0.41871983,0.65788853,0.11907149,0.53881704,63,True,65.886513,0.12714195,4845,False
0b_baseline_best,file,13,8870,151,150,152,151,0.065244861,0.93683803,0.0065172892,0.93032074,151,True,7.7940707,0.0016510257,3657,False
0b_baseline_best,file,13,9664,165,164,158,157,0.0056830975,0.99433303,0.0012299357,0.99310309,165,True,0.9694308,0.018413568,8870,False
0b_baseline_best,file,13,5922,102,101,39,38,2.2350953,0.10698193,0.60561675,-0.49863482,39,False,188.12552,-0.074882326,9664,False
0b_baseline_best,file,13,2094,37,36,39,38,2.0022321,0.13503356,0.60188365,-0.46685009,39,False,162.61876,0.11532207,5922,False
0b_baseline_best,file,13,9063,155,154,153,152,0.57212681,0.56432396,0.41471979,0.14960417,155,True,82.728443,-0.073549035,2094,False
0b_baseline_best,file,13,7197,123,122,124,123,0.16727492,0.84596699,0.056721732,0.78924526,123,True,20.551944,0.046818088,9063,False
0b_baseline_best,file,13,4604,79,78,112,111,0.93182385,0.39383477,0.057839856,0.33599491,79,True,99.793446,0.058450007,7197,False
0b_baseline_best,file,13,10665,182,181,180,179,0.080220111,0.92291319,0.038193833,0.88471936,182,True,14.050372,0.018702333,4604,False
0b_baseline_best,file,13,8730,149,148,120,119,0.076186806,0.92664307,0.032558259,0.89408481,149,True,10.773144,0.10671445,10665,False
0b_baseline_best,file,13,6794,117,116,119,118,0.0067466092,0.99327612,0.0015524802,0.99172364,117,True,1.3547094,0.034759926,8730,False
0b_baseline_best,file,13,11456,195,194,199,198,0.0022479044,0.99775463,0.00062757358,0.99712706,195,True,0.46297275,-0.22823904,6794,False
0b_baseline_best,file,13,10255,175,174,157,156,0.0074289967,0.99259853,0.0044611935,0.98813734,175,True,1.4708013,0.036760152,11456,False
0b_baseline_best,file,13,10426,177,176,182,181,0.0023921703,0.99761069,0.00090794981,0.99670274,177,True,0.41746966,-0.010647957,10255,False
0b_baseline_best,file,13,7265,124,123,123,122,0.045602839,0.95542133,0.021805855,0.93361547,124,True,6.8579664,0.067266711,10426,False
0b_baseline_best,file,13,10209,174,173,195,194,0.03838896,0.96233857,0.009181153,0.95315741,174,True,7.7800035,-0.073570445,7265,False
0b_baseline_best,file,13,7740,132,131,133,132,0.50708669,0.60224754,0.054548312,0.54769922,132,True,66.38039,0.013332625,10209,False
0b_baseline_best,file,13,1974,35,34,67,66,0.010934435,0.98912513,0.0014605946,0.98766454,35,True,2.0424587,-0.070728342,7740,False
0b_baseline_best,file,13,10503,179,178,173,172,2.4417164,0.087011367,0.66947007,-0.5824587,173,False,160.26831,0.029940448,1974,False
0b_baseline_best,file,13,8679,148,147,116,115,0.0070586833,0.99296618,0.0020894026,0.99087677,148,True,1.3195414,-0.10690225,10503,False
0b_baseline_best,file,13,5721,98,97,16,15,5.0816989,0.0062093521,0.3534084,-0.34719904,16,False,116.02566,-0.081578248,8679,False
0b_baseline_best,file,13,545,11,10,9,8,0.14068128,0.86876619,0.025353674,0.84341251,11,True,20.951823,-0.067385524,5721,False
0b_baseline_best,file,13,8129,139,138,42,41,0.013255566,0.9868319,0.0027066141,0.98412529,139,True,1.4762504,0.12214525,545,False
0b_baseline_best,file,13,2176,39,38,37,36,1.6364589,0.19466817,0.19116533,0.0035028458,39,True,131.14334,-0.016788119,8129,False
0b_baseline_best,file,13,1034,19,18,155,154,0.0013500871,0.99865085,0.00019374532,0.9984571,19,True,0.18843154,-0.013988755,2176,False
0b_baseline_best,file,13,4167,72,71,92,91,0.31802163,0.72758704,0.055925779,0.67166127,72,True,48.978727,0.041834996,1034,False
0b_baseline_best,file,13,5465,94,93,112,111,0.087754093,0.91598612,0.039377417,0.8766087,94,True,15.910524,0.005035012,4167,False
0b_baseline_best,file,13,6768,116,115,130,129,0.10628325,0.89916992,0.050838526,0.8483314,116,True,17.304914,0.0012462562,5465,False
0b_baseline_best,file,13,984,18,17,174,173,0.01609488,0.98403394,0.002239075,0.98179487,18,True,3.2068567,0.052307651,6768,False
0b_baseline_best,file,13,10060,171,170,162,161,0.25718403,0.7732259,0.036711153,0.73651475,171,True,35.063269,-0.024483996,984,False
0b_baseline_best,file,13,8280,141,140,144,143,2.4878516,0.083088294,0.40875325,-0.32566495,144,False,138.31008,0.062827256,10060,False
0b_baseline_best,file,13,7704,132,131,119,118,3.6526992,0.025921067,0.56276077,-0.5368397,119,False,174.75024,-0.018148157,8280,False
0b_baseline_best,file,13,2932,51,50,50,49,0.068333954,0.93394852,0.056086712,0.87786181,51,True,14.322343,0.013140187,7704,False
0b_baseline_best,file,13,9308,159,158,114,113,0.0057133231,0.99430299,0.00085833162,0.99344466,159,True,0.93933207,0.027737283,2932,False
0b_baseline_best,file,13,3289,57,56,6,5,0.34580275,0.70765203,0.027665965,0.67998607,57,True,48.465713,0.038570176,9308,False
0b_baseline_best,file,13,3205,56,55,34,33,0.24157323,0.78539127,0.062990405,0.72240087,56,True,30.049097,0.064874282,3289,False
0b_baseline_best,file,13,9290,158,157,21,20,0.0081240442,0.99190885,0.0026913949,0.98921745,158,True,1.2190071,0.21788114,3205,False
0b_baseline_best,file,13,9869,168,167,200,199,0.17734566,0.83749026,0.045595065,0.7918952,168,True,26.650363,-0.035002283,9290,False
0b_baseline_best,file,13,4485,77,76,38,37,0.0036700293,0.9963367,0.0013693125,0.99496739,77,True,0.58155133,-0.063135425,9869,False
0b_baseline_best,file,13,8564,146,145,147,146,0.59798908,0.54991639,0.34048754,0.20942885,146,True,67.526926,0.021106726,4485,False
0b_baseline_best,file,13,8881,152,151,172,171,0.0020273624,0.99797469,0.0010677547,0.99690694,152,True,0.4012994,0.089738213,8564,False
0b_baseline_best,file,13,1058,20,19,170,169,0.21335161,0.80787206,0.073890604,0.73398145,20,True,33.432231,0.13017472,8881,False
0b_baseline_best,file,13,929,17,16,137,136,0.65780407,0.51798755,0.06546858,0.45251897,17,True,62.705187,0.052929836,1058,False
0b_baseline_best,file,13,10633,181,180,184,183,0.58191502,0.55882716,0.091413699,0.46741346,181,True,68.940667,0.058903166,929,False
0b_baseline_best,file,13,6757,116,115,130,129,1.1960565,0.30238432,0.46983325,-0.16744894,130,False,148.33965,-0.031009038,10633,False
0b_baseline_best,file,13,3123,54,53,14,13,0.012488733,0.98758894,0.0064901835,0.98109876,54,True,2.3953131,0.098919629,6757,False
0b_baseline_best,file,13,6283,108,107,23,22,0.037702587,0.96299928,0.021712314,0.94128697,108,True,8.4012254,0.0075358994,3123,False
0b_baseline_best,file,13,3114,54,53,15,14,0.0032574469,0.99674785,0.0011116794,0.99563617,54,True,0.54584937,-0.00019008213,6283,False
0b_baseline_best,file,13,11057,188,187,191,190,0.025103632,0.97520882,0.010642314,0.9645665,188,True,3.9490792,-0.034842804,3114,False
0b_baseline_best,file,13,1103,20,19,200,199,0.04506864,0.95593184,0.021298226,0.93463362,20,True,5.4358438,0.0086584485,11057,False
0b_baseline_best,file,13,9607,164,163,171,170,0.0055902814,0.9944253,0.0015483533,0.99287694,164,True,0.9523761,0.010257242,1103,False
0b_baseline_best,file,13,1186,22,21,105,104,0.038815856,0.96192783,0.0098585272,0.9520693,22,True,6.4188161,-0.041574123,9607,False
0b_baseline_best,file,13,7585,130,129,31,30,3.918843,0.019864062,0.13504899,-0.11518492,31,False,142.83762,-0.18797419,1186,False
0b_baseline_best,file,13,1286,23,22,7,6,2.5684257,0.076656133,0.16741204,-0.09075591,7,False,123.59863,-0.13016936,7585,False
0b_baseline_best,file,13,4426,76,75,160,159,0.29724401,0.7428627,0.062211622,0.68065108,76,True,40.157299,0.062121029,1286,False
0b_baseline_best,file,13,3621,63,62,178,177,0.83666688,0.43315187,0.061135262,0.37201661,63,True,104.3717,-0.030345294,4426,False
0b_baseline_best,file,13,3866,67,66,35,34,0.022951201,0.97731018,0.00512174,0.97218844,67,True,3.9351844,-0.010048755,3621,False
0b_baseline_best,file,13,9639,164,163,152,151,3.5533917,0.028627383,0.22698069,-0.1983533,152,False,148.3133,-0.015459916,3866,False
0b_baseline_best,file,13,8083,138,137,111,110,0.021997506,0.9782427,0.011087848,0.96715485,138,True,3.3467639,0.11345486,9639,False
0b_baseline_best,file,13,1436,26,25,108,107,4.3305416,0.013160416,0.42688954,-0.41372912,108,False,218.40143,-0.013970836,8083,False
0b_baseline_best,file,13,5050,87,86,137,136,1.2367359,0.29033032,0.05864295,0.23168737,87,True,83.027762,-0.039994597,1436,False
0b_baseline_best,file,13,6935,119,118,118,117,2.2345247,0.10704299,0.16260298,-0.055559985,118,False,111.15561,0.010043457,5050,False
0b_baseline_best,file,13,11423,194,193,195,194,0.051441222,0.9498595,0.040466603,0.9093929,194,True,12.207558,-0.14756381,6935,False
0b_baseline_best,file,13,11347,193,192,195,194,0.023519812,0.97675461,0.012575588,0.96417902,193,True,3.6191386,0.14190363,11423,False
0b_baseline_best,file,13,10212,174,173,173,172,0.40172377,0.66916555,0.19630896,0.4728566,174,True,61.89643,0.0067054082,11347,False
0b_baseline_best,file,13,6587,113,112,123,122,0.0037494851,0.99625754,0.0027658939,0.99349165,113,True,0.59233252,-0.011350318,10212,False
0b_baseline_best,file,13,6137,105,104,22,21,0.56982017,0.56562716,0.39068383,0.17494333,105,True,122.92507,0.13848667,6587,False
0b_baseline_best,file,13,11074,189,188,36,35,0.00047660436,0.99952352,4.6806217e-05,0.99947671,189,True,0.065963147,0.084615669,6137,False
0b_baseline_best,file,13,7561,129,128,131,130,0.0087475907,0.99129057,0.0058585899,0.98543198,129,True,2.2627753,0.0060244087,11074,False
0b_baseline_best,file,13,5796,99,98,125,124,0.068804011,0.93350965,0.011940993,0.92156865,99,True,9.7737373,0.051723886,7561,False
0b_baseline_best,file,13,2455,43,42,102,101,2.8149776,0.059906058,0.43152434,-0.37161828,102,False,209.55912,-0.23370222,5796,False
0b_baseline_best,file,13,10437,178,177,195,194,1.1720401,0.3097344,0.11878388,0.19095052,178,True,175.74629,-0.010066009,2455,False
0b_baseline_best,file,13,5857,100,99,23,22,0.095281266,0.90911722,0.02925322,0.879864,100,True,13.179191,-0.088757062,10437,False
0b_baseline_best,file,13,3092,54,53,14,13,0.044810042,0.95617908,0.03788317,0.91829591,54,True,8.7221328,0.0715868,5857,False
0b_baseline_best,file,13,275,5,4,89,88,5.5696888,0.003811666,0.30867225,-0.30486058,89,False,129.69315,0.014733605,3092,False
0b_baseline_best,file,13,823,15,14,14,13,0.0052522533,0.99476153,0.0006295545,0.99413197,15,True,0.72168221,-0.095199198,275,False
0b_baseline_best,file,13,10795,184,183,183,182,0.2416148,0.78535861,0.080210425,0.70514818,184,True,29.936728,0.064671464,823,False
0b_baseline_best,file,13,7766,133,132,132,131,0.22819801,0.79596663,0.048201852,0.74776477,133,True,42.218663,0.02903875,10795,False
0b_baseline_best,file,13,744,14,13,54,53,1.4336681,0.23843275,0.56243044,-0.32399769,54,False,180.49477,0.10045811,7766,False
0b_baseline_best,file,13,11685,199,198,195,194,0.029592337,0.97084123,0.017922824,0.9529184,199,True,6.4280626,-0.052483293,744,False
0b_baseline_best,file,13,10734,183,182,184,183,0.029435275,0.9709937,0.026510466,0.94448323,183,True,5.6542552,0.29916111,11685,False
0b_baseline_best,file,13,3690,64,63,62,61,0.011240019,0.98882294,0.0089250701,0.97989787,64,True,2.0880976,0.14101316,10734,False
0b_baseline_best,file,13,9269,158,157,165,164,0.0021359741,0.99786633,0.00060239265,0.99726394,158,True,0.34995355,-0.11499244,3690,False
0b_baseline_best,file,13,5852,100,99,101,100,0.11522593,0.89116478,0.020664888,0.87049989,100,True,20.302972,0.034967892,9269,False
0b_baseline_best,file,13,2966,52,51,50,49,0.0097823525,0.99026531,0.0040642614,0.98620105,52,True,1.6450063,0.020247681,5852,False
0b_baseline_best,file,13,2953,52,51,50,49,0.040236648,0.96056211,0.030712131,0.92984998,52,True,6.3587545,0.50536569,2966,True
0b_baseline_best,file,13,6638,114,113,85,84,0.010503016,0.98955196,0.004309617,0.98524234,114,True,1.56359,0.062084515,2953,False
0b_baseline_best,file,13,8966,153,152,179,178,0.31884187,0.72699046,0.10396887,0.62302159,153,True,46.278191,-0.18045956,6638,False
0b_baseline_best,file,13,5646,97,96,30,29,0.11846489,0.88828301,0.026182842,0.86210017,97,True,21.853611,0.054862562,8966,False
0b_baseline_best,file,13,2734,48,47,191,190,0.00062041107,0.99937975,8.0693237e-05,0.99929906,48,True,0.088635538,-0.019192423,5646,False
0b_baseline_best,file,13,3949,68,67,69,68,0.093701534,0.91055447,0.037722223,0.87283225,68,True,12.765115,-0.013717181,2734,False
0b_baseline_best,file,13,8324,142,141,30,29,1.8229656,0.16154596,0.34867355,-0.18712759,30,False,145.68167,0.0016932613,3949,False
0b_baseline_best,file,13,8209,140,139,139,138,0.0014981724,0.99850297,0.00070449157,0.99779848,140,True,0.16386995,-0.097115241,8324,False
0b_baseline_best,file,13,11708,199,198,11,10,4.3091688,0.013444717,0.24648754,-0.23304283,11,False,133.52254,0.1046892,8209,False
0b_baseline_best,file,13,515,10,9,109,108,0.040035781,0.96075505,0.0042371741,0.95651788,10,True,4.5711158,0.00069468883,11708,False
0b_baseline_best,file,13,3542,61,60,102,101,0.044186231,0.95677578,0.0047734608,0.95200232,61,True,6.652171,-0.013433846,515,False
0b_baseline_best,file,13,11652,198,197,104,103,0.10580775,0.89959759,0.054056495,0.84554109,198,True,19.561733,-0.043106103,3542,False
0b_baseline_best,file,13,4289,74,73,72,71,4.7243543,0.0088764457,0.17275445,-0.16387801,72,False,164.44132,0.066492563,11652,False
0b_baseline_best,file,13,4332,75,74,168,167,0.031176629,0.96930432,0.0099306023,0.95937372,75,True,4.9790315,0.0028610195,4289,False
0b_baseline_best,file,13,4183,72,71,23,22,0.076224469,0.9266082,0.015876938,0.91073127,72,True,12.789902,0.10550121,4332,False
0b_baseline_best,file,13,5357,92,91,105,104,3.6471875,0.026064334,0.97156334,-0.945499,105,False,230.76991,0.081329123,4183,False
0b_baseline_best,file,13,10491,179,178,152,151,0.40583792,0.66641819,0.083823897,0.5825943,179,True,57.952908,0.070819161,5357,False
0b_baseline_best,file,13,1357,25,24,72,71,3.7203369,0.024225801,0.65903294,-0.63480714,72,False,245.06335,-0.12509283,10491,False
0b_baseline_best,file,13,9675,165,164,156,155,0.086822674,0.91683966,0.029864348,0.88697531,165,True,13.010779,-0.077132569,1357,False
0b_baseline_best,file,13,570,11,10,9,8,1.8643229,0.1550011,0.81612694,-0.66112584,9,False,189.79362,0.087799449,9675,False
0b_baseline_best,file,13,862,16,15,14,13,0.0016755126,0.99832588,0.00059873704,0.99772715,16,True,0.22930214,-0.018432656,570,False
0b_baseline_best,file,13,8466,145,144,143,142,0.24395756,0.78352088,0.12538719,0.65813369,145,True,28.023334,-0.038860025,862,False
0b_baseline_best,file,13,2787,49,48,11,10,0.66449344,0.51453412,0.18318309,0.33135103,49,True,64.800169,0.08409532,8466,False
0b_baseline_best,file,13,2661,47,46,55,54,0.00794678,0.99208474,0.0029711153,0.98911363,47,True,1.2360425,-0.0050176436,2787,False
0b_baseline_best,file,13,10932,186,185,111,110,3.8054757,0.022248615,0.52588189,-0.50363327,111,False,260.79043,-0.027965401,2661,False
0b_baseline_best,file,13,7598,130,129,133,132,3.2121768,0.040268857,0.77007765,-0.72980879,133,False,214.83617,0.020041922,10932,False
0b_baseline_best,file,13,5609,96,95,95,94,0.022120761,0.97812212,0.0028666442,0.97525547,96,True,3.1708792,0.063020726,7598,False
0b_baseline_best,file,13,7001,120,119,34,33,0.0094976956,0.99054724,0.0016779267,0.98886931,120,True,1.3496214,0.0077783713,5609,False
0b_baseline_best,file,13,7653,131,130,104,103,0.00082172954,0.99917859,0.00018588998,0.9989927,131,True,0.11415481,0.19103278,7001,False
0b_baseline_best,file,13,9715,166,165,165,164,0.014014994,0.98608273,0.0028519686,0.98323076,166,True,2.3925153,-0.037341776,7653,False
0b_baseline_best,file,13,7616,130,129,133,132,4.9699917,0.0069432068,0.2099762,-0.20303299,133,False,146.56373,-0.11593026,9715,False
0b_baseline_best,file,13,1905,34,33,172,171,0.0035733439,0.99643302,0.00039144396,0.99604158,34,True,0.57107969,-0.089521573,7616,False
0b_baseline_best,file,13,5621,96,95,55,54,0.040708881,0.96010858,0.01367355,0.94643503,96,True,5.6877055,-0.0678401,1905,False
0b_baseline_last,file,19,3891,67,66,68,67,0.40480313,0.66710812,0.21598129,0.45112683,67,True,56.483579,,-1,False
0b_baseline_last,file,19,5405,93,92,19,18,0.0086576585,0.99137974,0.0057629319,0.98561681,93,True,1.3008129,0.011645822,3891,False
0b_baseline_last,file,19,920,17,16,139,138,0.46556056,0.62778312,0.17076614,0.45701697,17,True,83.08451,0.044637317,5405,False
0b_baseline_last,file,19,5043,87,86,134,133,0.019714249,0.98047882,0.0024125606,0.97806626,87,True,2.3091549,0.077999615,920,False
0b_baseline_last,file,19,11743,200,199,168,167,0.022537524,0.97771454,0.018318813,0.95939573,200,True,4.5493226,0.027798324,5043,False
0b_baseline_last,file,19,3563,62,61,65,64,2.3870285,0.091902375,0.68132311,-0.58942074,65,False,143.74631,0.019469778,11743,False
0b_baseline_last,file,19,956,18,17,22,21,0.075294293,0.92747051,0.031870149,0.89560036,18,True,12.950058,-0.047400465,3563,False
0b_baseline_last,file,19,11179,190,189,192,191,0.34146339,0.71072948,0.1660278,0.54470168,190,True,57.065517,0.2414508,956,False
0b_baseline_last,file,19,4184,72,71,92,91,0.00059574976,0.99940443,0.00019992996,0.9992045,72,True,0.11151179,-0.090679243,11179,False
0b_baseline_last,file,19,881,16,15,42,41,0.0021181309,0.99788409,0.00035239241,0.9975317,16,True,0.31576372,-0.047320049,4184,False
0b_baseline_last,file,19,2199,39,38,102,101,0.036267035,0.96438271,0.011396924,0.95298578,39,True,5.5593799,0.019604107,881,False
0b_baseline_last,file,19,4531,78,77,112,111,0.12652288,0.881154,0.051911417,0.82924258,78,True,21.068304,-0.045531066,2199,False
0b_baseline_last,file,19,782,15,14,164,163,0.0050560944,0.99495667,0.00049144361,0.99446523,15,True,0.67072749,0.029519397,4531,False
0b_baseline_last,file,19,3068,53,52,144,143,0.1812731,0.83420753,0.060858749,0.77334879,53,True,23.462739,0.0076424512,782,False
0b_baseline_last,file,19,1464,27,26,128,127,6.5244789,0.0014670838,0.62548822,-0.62402114,128,False,170.5787,0.044837275,3068,False
0b_baseline_last,file,19,11718,199,198,35,34,6.9681678,0.00094137614,0.29469153,-0.29375016,35,False,164.80713,0.028920166,1464,False
0b_baseline_last,file,19,736,14,13,54,53,1.9671286,0.13985786,0.41706577,-0.27720791,54,False,203.06152,-0.046982295,11718,False
0b_baseline_last,file,19,10670,182,181,180,179,1.0865519,0.33737782,0.22715606,0.11022176,182,True,107.08445,0.00099795556,736,False
0b_baseline_last,file,19,7916,135,134,118,117,0.98177564,0.37464526,0.14822316,0.2264221,135,True,119.54893,-0.1244729,10670,False
0b_baseline_last,file,19,8376,143,142,137,136,2.486603,0.08319208,0.1608614,-0.077669322,137,False,91.711534,0.019883839,7916,False
0b_baseline_last,file,19,4061,70,69,67,66,0.0040816106,0.99592674,0.00088600034,0.99504074,70,True,0.52038036,0.045297186,8376,False
0b_baseline_last,file,19,6612,113,112,115,114,0.008161054,0.99187213,0.0034773818,0.98839475,113,True,1.6340724,-0.086479298,4061,False
0b_baseline_last,file,19,6151,106,105,8,7,0.4191052,0.65763503,0.12109138,0.53654365,106,True,51.772838,0.085081516,6612,False
0b_baseline_last,file,19,4937,85,84,132,131,0.0094608534,0.99058378,0.0059112194,0.98467256,85,True,1.4587874,0.023081616,6151,False
0b_baseline_last,file,19,6726,115,114,198,197,0.24801479,0.78034842,0.033497531,0.74685089,115,True,29.891853,-0.044730123,4937,False
0b_baseline_last,file,19,8770,150,149,194,193,0.0017206162,0.99828088,0.00095140177,0.99732948,150,True,0.27478137,0.025794821,6726,False
0b_baseline_last,file,19,4112,71,70,61,60,2.0439508,0.12951601,0.1272126,0.0023034066,71,True,134.54731,0.0052773835,8770,False
0b_baseline_last,file,19,6465,111,110,112,111,0.08514379,0.9183802,0.038067777,0.88031242,111,True,11.705325,0.087863129,4112,False
0b_baseline_last,file,19,2001,36,35,189,188,0.1168253,0.88974065,0.10692421,0.78281643,36,True,26.626927,0.0072894561,6465,False
0b_baseline_last,file,19,7827,134,133,9,8,0.0017439409,0.99825758,0.00024592673,0.99801165,134,True,0.21396985,0.089774071,2001,False
0b_baseline_last,file,19,11579,197,196,193,192,0.1900218,0.82694113,0.0317754,0.79516573,197,True,25.980984,-0.017200179,7827,False
0b_baseline_last,file,19,7688,132,131,159,158,0.061002765,0.94082063,0.010152373,0.93066826,132,True,9.2361152,0.10247025,11579,False
0b_baseline_last,file,19,6623,114,113,85,84,0.0041696997,0.995839,0.001453975,0.99438502,114,True,0.52091715,0.03058519,7688,False
0b_baseline_last,file,19,2550,45,44,72,71,2.9097321,0.054490328,0.56709266,-0.51260233,72,False,243.79148,0.016297836,6623,False
0b_baseline_last,file,19,6381,109,108,166,165,0.01524628,0.98486936,0.0019497658,0.9829196,109,True,2.172858,-0.0087422768,2550,False
0b_baseline_last,file,19,10708,182,181,175,174,0.018408524,0.98175991,0.016478853,0.96528105,182,True,3.9614669,0.11865804,6381,False
0b_baseline_last,file,19,479,9,8,26,25,0.25727519,0.77315545,0.1043897,0.66876575,9,True,38.431108,-0.022673599,10708,False
0b_baseline_last,file,19,4952,85,84,48,47,0.45667878,0.63338375,0.08112029,0.55226346,85,True,60.47646,0.055147412,479,False
0b_baseline_last,file,19,10656,181,180,168,167,0.024977488,0.97533184,0.0097983098,0.96553353,181,True,4.5819081,0.043875021,4952,False
0b_baseline_last,file,19,3630,63,62,62,61,0.005076258,0.99493659,0.0030343561,0.99190223,63,True,0.99429885,0.014182216,10656,False
0b_baseline_last,file,19,10772,183,182,184,183,0.10006271,0.90478069,0.022066969,0.88271372,183,True,17.833546,0.083629048,3630,False
0b_baseline_last,file,19,4129,71,70,72,71,3.5192506,0.029621625,0.67688191,-0.64726028,72,False,131.66991,-0.069137296,10772,False
0b_baseline_last,file,19,11036,188,187,44,43,0.0097301733,0.99031699,0.0020434533,0.98827353,188,True,1.8419263,0.03763909,4129,False
0b_baseline_last,file,19,5450,94,93,93,92,0.0035877165,0.99641871,0.0011006746,0.99531804,94,True,0.56767762,-0.068121563,11036,False
0b_baseline_last,file,19,4776,82,81,80,79,1.4087074,0.24445908,0.62041008,-0.37595101,80,False,120.19028,0.065814217,5450,False
0b_baseline_last,file,19,6166,106,105,89,88,0.079183407,0.92387044,0.010460795,0.91340965,106,True,11.088754,0.0006229804,4776,False
0b_baseline_last,file,19,6776,116,115,174,173,3.9750187,0.018778948,0.32620633,-0.30742738,174,False,179.23637,0.039334183,6166,False
0b_baseline_last,file,19,5910,101,100,145,144,5.7814836e-05,0.99994218,1.4037259e-05,0.99992815,101,True,0.0099692287,-0.098559507,6776,False
0b_baseline_last,file,19,2998,52,51,46,45,0.0021412082,0.99786109,0.0003228873,0.9975382,52,True,0.35669273,-0.079722651,5910,False
0b_baseline_last,file,19,3365,58,57,8,7,0.056230437,0.94532126,0.023951311,0.92136995,58,True,8.9565929,-0.055755158,2998,False
0b_baseline_last,file,19,10968,187,186,56,55,0.79118681,0.4533065,0.17453764,0.27876885,187,True,121.45638,0.21239119,3365,False
0b_baseline_last,file,19,10980,187,186,190,189,0.024491949,0.97580552,0.01595567,0.95984985,187,True,6.2528375,0.5078257,10968,True
0b_baseline_last,file,19,9585,163,162,182,181,0.061917976,0.93996,0.02546883,0.91449117,163,True,8.4224709,-0.11659375,10980,False
0b_baseline_last,file,19,5511,95,94,96,95,0.20241338,0.8167572,0.057188317,0.75956888,95,True,31.88608,0.077324225,9585,False
0b_baseline_last,file,19,1671,30,29,29,28,0.16671941,0.8464371,0.11114778,0.73528931,30,True,33.639734,0.024622637,5511,False
0b_baseline_last,file,19,3774,65,64,66,65,0.0065484932,0.99347287,0.004821456,0.98865142,65,True,1.5484645,-0.025363911,1671,False
0b_baseline_last,file,19,10791,184,183,183,182,2.4947672,0.082515649,0.70784193,-0.62532628,183,False,179.5951,-0.1773994,3774,False
0b_baseline_last,file,19,269,5,4,7,6,0.037855372,0.96285218,0.031054772,0.93179741,5,True,12.394217,0.19333694,10791,False
0b_baseline_last,file,19,4032,70,69,67,66,0.0046615261,0.99534935,0.0028330844,0.99251626,70,True,1.1564564,0.25643876,269,False
0b_baseline_last,file,19,5581,96,95,139,138,2.1677186,0.11443841,0.82964623,-0.71520782,139,False,179.65396,-0.049107285,4032,False
0b_baseline_last,file,19,9536,163,162,176,175,0.02517036,0.97514379,0.005665801,0.96947799,163,True,4.7891211,0.064290803,5581,False
0b_baseline_last,file,19,2615,46,45,87,86,0.018219847,0.98194516,0.0033847247,0.97856043,46,True,2.9730222,0.10679789,9536,False
0b_baseline_last,file,19,2793,49,48,54,53,1.9498382,0.1422971,0.11934702,0.022950083,49,True,114.98766,-0.21724524,2615,False
0b_baseline_last,file,19,8764,150,149,194,193,0.074532777,0.92817706,0.03973018,0.88844688,150,True,14.526213,0.071029288,2793,False
0b_baseline_last,file,19,2169,38,37,39,38,0.49266881,0.61099362,0.27546874,0.33552489,38,True,98.089883,-0.029194292,8764,False
0b_baseline_last,file,19,2664,47,46,161,160,0.90439385,0.40478715,0.49671626,-0.091929108,161,False,141.98176,-0.09344057,2169,False
0b_baseline_last,file,19,6240,107,106,30,29,4.5210414,0.01087769,0.95829636,-0.94741867,30,False,209.42331,-0.015197558,2664,False
0b_baseline_last,file,19,10156,173,172,175,174,0.49207187,0.6113584,0.14114219,0.47021621,173,True,71.969329,0.094920271,6240,False
0b_baseline_last,file,19,9794,167,166,180,179,0.00012468515,0.99987531,4.0248247e-05,0.99983506,167,True,0.017034129,-0.10620048,10156,False
0b_baseline_last,file,19,9937,169,168,172,171,3.8604763,0.021057967,0.56666499,-0.54560703,172,False,133.20207,0.077640052,9794,False
0b_baseline_last,file,19,9237,158,157,165,164,0.0049122125,0.99509984,0.0034313167,0.99166853,158,True,0.86143612,-0.13733636,9937,False
0b_baseline_last,file,19,8240,141,140,144,143,0.014998876,0.98511302,0.0063568507,0.97875617,141,True,2.572974,0.11289653,9237,False
0b_baseline_last,file,19,2115,38,37,39,38,2.2766402,0.10262843,0.72827506,-0.62564663,39,False,167.99038,-0.047989986,8240,False
0b_baseline_last,file,19,2563,45,44,72,71,1.5530915,0.21159282,0.23521522,-0.023622394,72,False,129.15949,-0.0063718243,2115,False
0b_baseline_last,file,19,2526,44,43,72,71,1.110393,0.32942945,0.35958859,-0.030159146,72,False,132.896,-0.086958085,2563,False
0b_baseline_last,file,19,6959,119,118,130,129,0.12145376,0.88563198,0.027155662,0.85847632,119,True,17.321765,-0.030978717,2526,False
0b_baseline_last,file,19,10368,177,176,180,179,0.060606107,0.94119388,0.046999615,0.89419426,177,True,14.04216,-0.20591106,6959,False
0b_baseline_last,file,19,6810,117,116,115,114,0.16620396,0.84687352,0.087741144,0.75913238,117,True,25.693346,0.094865519,10368,False
0b_baseline_last,file,19,1601,29,28,27,26,0.12133636,0.88573599,0.046089031,0.83964696,29,True,18.837319,-0.049947806,6810,False
0b_baseline_last,file,19,10767,183,182,125,124,0.060687676,0.94111711,0.029806606,0.9113105,183,True,10.379767,-0.022667328,1601,False
0b_baseline_last,file,19,138,3,2,2,1,0.58844262,0.55519128,0.079119436,0.47607184,3,True,65.024752,0.092712294,10767,False
0b_baseline_last,file,19,11555,197,196,193,192,0.28189057,0.75435621,0.16881779,0.58553842,197,True,46.163701,-0.10565468,138,False
0b_baseline_last,file,19,5018,86,85,46,45,0.0024380742,0.99756491,0.0004100654,0.99715485,86,True,0.35360576,-0.12323392,11555,False
0b_baseline_last,file,19,10036,171,170,166,165,1.261127,0.28333452,0.33440045,-0.051065922,166,False,114.12581,-0.098141805,5018,False
0b_baseline_last,file,19,6388,110,109,71,70,0.0018405655,0.99816114,0.00023300284,0.99792813,110,True,0.26571647,0.0049612772,10036,False
0b_baseline_last,file,19,5211,90,89,25,24,0.0011582817,0.99884242,0.00018319314,0.99865923,90,True,0.1838901,0.11020992,6388,False
0b_baseline_last,file,19,7367,126,125,128,127,3.9196184,0.019848669,0.87828106,-0.85843239,128,False,190.20698,-0.11189531,5211,False
0b_baseline_last,file,19,290,6,5,7,6,0.34103137,0.71103662,0.23403463,0.47700199,6,True,51.704038,0.00016651854,7367,False
0b_baseline_last,file,19,8666,148,147,166,165,0.013543742,0.98654759,0.002357821,0.98418977,148,True,2.0703584,-0.071368294,290,False
0b_baseline_last,file,19,5144,88,87,194,193,1.905087,0.1488097,0.43012631,-0.28131661,194,False,122.24047,0.03889128,8666,False
0b_baseline_last,file,19,3275,57,56,68,67,0.59170133,0.55338496,0.14744054,0.40594442,57,True,84.475029,-0.041399958,5144,False
0b_baseline_last,file,19,113,2,1,45,44,0.036916368,0.96375674,0.0071126861,0.95664405,2,True,5.9284807,0.11521679,3275,False
0b_baseline_last,file,19,3819,66,65,65,64,0.32726747,0.72089088,0.24764217,0.47324871,66,True,60.658013,-0.073989796,113,False
0b_baseline_last,file,19,9415,161,160,176,175,2.2332428,0.10718029,0.11032702,-0.0031467304,176,False,250.30322,0.03515829,3819,False
0b_baseline_last,file,19,1298,24,23,25,24,0.052730557,0.94863558,0.049165472,0.89947011,24,True,9.70106,-0.033240352,9415,False
0b_baseline_last,file,19,5560,95,94,96,95,0.00018892887,0.99981111,0.00013046201,0.99968065,95,True,0.027739004,-0.0089689493,1298,False
0b_baseline_last,file,19,10914,186,185,185,184,0.00087485183,0.99912554,0.00061838847,0.99850715,186,True,0.13814531,0.067303647,5560,False
0b_baseline_last,file,19,4238,73,72,164,163,0.31350878,0.730878,0.20685765,0.52402034,73,True,56.445949,0.012654941,10914,False
0b_baseline_last,file,19,4661,80,79,82,81,0.0032308307,0.99677438,0.0019964119,0.99477796,80,True,0.61202432,-0.12379617,4238,False
0b_baseline_last,file,19,2841,50,49,51,50,0.18404923,0.83189487,0.11644636,0.71544851,50,True,25.655427,-0.15704681,4661,False
0b_baseline_last,file,19,6566,113,112,124,123,3.8679559,0.02090105,0.62025869,-0.59935764,124,False,190.96259,0.019154316,2841,False
0b_baseline_last,file,19,10350,176,175,163,162,1.8127193,0.16320971,0.53577983,-0.37257013,163,False,151.50582,0.21319455,6566,False
0b_baseline_last,file,19,7555,129,128,149,148,3.7561035,0.023374645,0.1448919,-0.12151726,149,False,136.90031,-0.0095232924,10350,False
0b_baseline_last,file,19,1074,20,19,77,76,0.0050619063,0.99495089,0.0014092192,0.99354167,20,True,0.5973398,0.049815097,7555,False
0b_baseline_last,file,19,7464,128,127,174,173,0.00037794124,0.99962211,9.1475908e-05,0.99953063,128,True,0.049803345,0.0039864915,1074,False
0b_baseline_last,file,19,8913,152,151,155,154,0.044995252,0.956002,0.0095694149,0.94643258,152,True,8.9014185,-0.062455245,7464,False
0b_baseline_last,file,19,3196,56,55,35,34,0.0033263611,0.99667919,0.0017114592,0.99496773,56,True,0.51602879,-0.046451151,8913,False
0b_baseline_last,file,19,8123,139,138,42,41,0.011338795,0.98872524,0.0056078839,0.98311736,139,True,1.8711238,0.087927417,3196,False
0b_baseline_last,file,19,7080,121,120,127,126,0.0020450884,0.99795699,0.0011364665,0.99682052,121,True,0.35935373,0.0075067959,8123,False
0b_baseline_last,file,19,3435,60,59,66,65,2.2669899,0.10362361,0.55849999,-0.45487638,66,False,117.7393,0.08002696,7080,False
0b_baseline_last,file,19,6277,108,107,107,106,2.0195,0.13272183,0.83081496,-0.69809313,107,False,174.50473,-0.03960979,3435,False
0b_baseline_last,file,19,6248,107,106,108,107,0.065429226,0.93666536,0.020956816,0.91570854,107,True,11.034616,-0.38983063,6277,False
0b_baseline_last,file,19,1241,23,22,100,99,1.4438378,0.23602022,0.13294427,0.10307595,23,True,113.75561,0.07678432,6248,False
0b_baseline_last,file,19,11303,192,191,114,113,1.609448,0.19999799,0.09765543,0.10234256,192,True,151.90724,-0.11759171,1241,False
0b_baseline_last,file,19,6956,119,118,130,129,0.0017478679,0.99825364,0.00047909774,0.99777455,119,True,0.24402107,0.016212061,11303,False
0b_baseline_last,file,19,9150,156,155,128,127,0.00056096073,0.99943918,0.00012857675,0.9993106,156,True,0.079030582,0.091921913,6956,False
0b_baseline_last,file,19,1514,27,26,29,28,0.2877126,0.74997711,0.1008026,0.64917451,27,True,37.131377,-0.049382211,9150,False
0b_baseline_last,file,19,1639,29,28,30,29,0.2284867,0.79573685,0.12154494,0.67419191,29,True,37.45965,0.091998556,1514,False
0b_baseline_last,file,19,1375,25,24,24,23,0.019137269,0.98104471,0.013639785,0.96740492,25,True,2.7579997,-0.06857327,1639,False
0b_baseline_last,file,19,4127,71,70,3,2,0.060823526,0.94098926,0.037129115,0.90386014,71,True,10.959736,0.18263163,1375,False
0b_baseline_last,file,19,6533,112,111,93,92,0.11036205,0.89550984,0.060253747,0.83525609,112,True,18.506227,0.10609004,4127,False
0b_baseline_last,file,19,7844,134,133,9,8,0.0048186132,0.995193,0.0014639099,0.99372909,134,True,0.63736458,0.0054307189,6533,False
0b_baseline_last,file,19,8500,145,144,143,142,3.0780139,0.046050634,0.86916053,-0.8231099,143,False,186.89659,0.034317078,7844,False
0b_baseline_last,file,19,7770,133,132,127,126,2.3742347,0.093085691,0.1721279,-0.079042211,127,False,149.00396,-0.12276627,8500,False
0b_baseline_last,file,19,9211,157,156,175,174,0.015176773,0.98493779,0.0090035321,0.97593425,157,True,3.5466642,0.14709685,7770,False
0b_baseline_last,file,19,2502,44,43,33,32,2.2013934,0.11064887,0.073643163,0.037005708,44,True,135.10464,0.070737477,9211,False
0b_baseline_last,file,19,8194,140,139,139,138,0.0035714433,0.99643493,0.00199971,0.99443522,140,True,0.41229955,0.044504217,2502,False
0b_baseline_last,file,19,1426,26,25,27,26,0.22251068,0.80050647,0.16313021,0.63737626,26,True,47.741584,0.010583023,8194,False
0b_baseline_last,file,19,8057,138,137,136,135,0.045271348,0.95573813,0.0052387835,0.95049934,138,True,7.1250902,-0.080669328,1426,False
0b_baseline_last,file,19,1802,32,31,31,30,0.58396637,0.55768198,0.14523673,0.41244525,32,True,82.096668,0.033456362,8057,False
0b_baseline_last,file,19,4599,79,78,80,79,0.89779162,0.4074685,0.39867249,0.0087960064,79,True,89.439185,0.092875791,1802,False
0b_baseline_last,file,19,5159,89,88,46,45,0.0028639513,0.99714017,0.00037903627,0.99676113,89,True,0.46849084,0.010968719,4599,False
0b_baseline_last,file,19,8734,149,148,150,149,0.031627517,0.96886742,0.011733553,0.95713387,149,True,5.0907296,0.066935542,5159,False
0b_baseline_last,file,19,4520,78,77,150,149,4.3573408,0.012812416,0.47011206,-0.45729964,150,False,155.09889,-0.037723058,8734,False
0b_baseline_last,file,19,1188,22,21,92,91,2.0353391,0.13063619,0.19687611,-0.066239923,92,False,131.04002,0.056244799,4520,False
0b_baseline_last,file,19,264,5,4,7,6,0.20611089,0.81374282,0.098438352,0.71530446,5,True,32.031345,0.099363826,1188,False
0b_baseline_last,file,19,1749,31,30,33,32,4.4678683,0.011471743,0.68149602,-0.67002428,33,False,189.26636,-0.074714158,264,False
0b_baseline_last,file,19,11302,192,191,112,111,0.0010639727,0.99893659,0.00025774792,0.99867885,192,True,0.20890347,-0.063587629,1749,False
0b_baseline_last,file,19,2933,51,50,50,49,0.073147841,0.92946339,0.044090033,0.88537335,51,True,11.328836,0.1218514,11302,False
0b_baseline_last,file,19,9650,164,163,159,158,0.0015387611,0.99846244,0.0010079314,0.99745451,164,True,0.34253991,-0.14731588,2933,False
0b_baseline_last,file,19,10149,173,172,170,169,5.1576624,0.0057551363,0.43618274,-0.4304276,170,False,116.4049,-0.13233526,9650,False
0b_baseline_last,file,19,2467,43,42,39,38,2.4466345,0.086584494,0.69069326,-0.60410877,39,False,150.36815,-0.086489431,10149,False
0b_baseline_last,file,19,6135,105,104,22,21,0.43925714,0.64451504,0.33821562,0.30629942,105,True,122.93917,-0.087169858,2467,False
0b_baseline_last,file,19,1581,28,27,190,189,0.0077479556,0.99228197,0.002260844,0.99002113,28,True,1.4782289,0.12252298,6135,False
0b_baseline_last,file,19,8782,150,149,131,130,0.1953744,0.82252663,0.035225239,0.7873014,150,True,27.304148,0.037663808,1581,False
0b_baseline_last,file,19,8635,147,146,114,113,0.69872397,0.49721938,0.13472779,0.36249159,147,True,86.408941,-0.00071071296,8782,False
0b_baseline_last,file,19,566,11,10,34,33,0.223479,0.79973167,0.069511034,0.73022064,11,True,34.719348,0.026739217,8635,False
0b_baseline_last,file,19,8751,149,148,99,98,0.022824785,0.97743374,0.012696416,0.96473732,149,True,3.8949718,-0.0074800699,566,False
0b_baseline_last,file,19,6529,112,111,115,114,1.6521243,0.19164237,0.13005637,0.061586007,112,True,197.31294,-0.19423335,8751,False
0b_baseline_last,file,19,4639,80,79,79,78,0.0072369338,0.99278921,0.0031237947,0.98966541,80,True,1.2381791,0.086108212,6529,False
0b_baseline_last,file,19,10452,178,177,181,180,0.0064364513,0.99358422,0.0022338403,0.99135038,178,True,0.98602689,-0.064309928,4639,False
0b_baseline_last,file,19,8335,142,141,141,140,0.0058388389,0.99417818,0.00054936123,0.99362881,142,True,1.165959,-0.0055928301,10452,False
0b_baseline_last,file,19,1149,21,20,158,157,0.031392336,0.96909529,0.0064642918,0.962631,21,True,4.3651953,0.019521237,8335,False
0b_baseline_last,file,19,4254,73,72,74,73,0.00018535326,0.99981469,2.9114581e-05,0.99978557,73,True,0.026904216,-0.036347483,1149,False
0b_baseline_last,file,19,4526,78,77,103,102,0.36366832,0.69512171,0.10032843,0.59479327,78,True,49.722374,0.15209312,4254,False
0b_baseline_last,file,19,4356,75,74,73,72,0.08220356,0.92108446,0.018236347,0.90284812,75,True,12.022209,0.021143836,4526,False
0b_baseline_last,file,19,2372,42,41,17,16,0.00041047254,0.99958962,8.7537257e-05,0.99950208,42,True,0.055254414,0.055759699,4356,False
0b_baseline_last,file,19,9117,156,155,152,151,4.2483025,0.01428847,0.89535874,-0.88107027,152,False,176.33808,-0.038878314,2372,False
0b_baseline_last,file,19,6481,111,110,112,111,0.0097158886,0.99033117,0.0025447248,0.98778645,111,True,1.3837864,0.031268539,9117,False
0b_baseline_last,file,19,1855,33,32,32,31,0.17765661,0.83722985,0.084100701,0.75312915,33,True,23.427094,-0.099055173,6481,False
0b_baseline_last,file,19,7482,128,127,126,125,0.013005551,0.98707867,0.0021568045,0.98492186,128,True,2.1237545,-0.028492613,1855,False
0b_baseline_last,file,19,641,12,11,98,97,3.772068,0.023004437,0.22272874,-0.19972431,98,False,146.80626,0.046054471,7482,False
0b_baseline_last,file,19,3930,68,67,69,68,0.15443355,0.85690045,0.12410595,0.7327945,68,True,24.142859,-0.03084094,641,False
0b_baseline_last,file,19,2088,37,36,43,42,4.8493633,0.0078333635,0.51647913,-0.50864577,43,False,132.37158,0.10814424,3930,False
0b_baseline_last,file,19,3431,60,59,62,61,4.4472365,0.011710883,0.72979361,-0.71808273,62,False,167.98775,0.067452884,2088,False
0b_baseline_last,file,19,2718,48,47,192,191,0.0021920004,0.99781042,0.0003741878,0.99743624,48,True,0.31918857,-0.048803698,3431,False
0b_baseline_last,file,19,415,8,7,5,4,0.67243606,0.51046354,0.4369925,0.07347104,8,True,113.34141,0.033467637,2718,False
0b_baseline_last,file,19,9953,170,169,162,161,0.001801893,0.9981997,0.00028577101,0.99791393,170,True,0.25402772,-0.0022928253,415,False
0b_baseline_last,file,19,2684,47,46,177,176,0.043000482,0.95791095,0.024557868,0.93335309,47,True,7.2091476,0.010918781,9953,False
0b_baseline_last,file,19,4006,69,68,38,37,0.68948537,0.50183427,0.14838432,0.35344996,69,True,93.583404,-0.15332776,2684,False
0b_baseline_last,file,19,148,3,2,1,0,1.0708445,0.34271896,0.39184448,-0.049125522,1,False,101.66699,-0.14255909,4006,False
0b_baseline_last,file,19,1017,19,18,76,75,1.1566515,0.31453764,0.080539532,0.23399811,19,True,83.253566,0.15987078,148,False
0b_baseline_last,file,19,671,13,12,108,107,0.0073103081,0.99271637,0.0025208995,0.99019547,13,True,0.94876442,-0.070597959,1017,False
0b_baseline_last,file,19,151,3,2,9,8,2.2543988,0.10493663,0.66496128,-0.56002465,9,False,163.60951,-0.045498166,671,False
0b_baseline_last,file,19,4617,80,79,79,78,1.5697312,0.20810112,0.2468344,-0.038733274,79,False,110.76224,-0.034612719,151,False
0b_baseline_last,file,19,7287,125,124,131,130,6.3343573,0.0017742856,0.91990507,-0.91813078,131,False,227.01111,-0.062979986,4617,False
0b_baseline_last,file,19,9512,162,161,169,168,0.07743714,0.92548519,0.054500487,0.87098471,162,True,11.633598,0.032646959,7287,False
0b_baseline_last,file,19,10901,185,184,91,90,1.1584498,0.31397253,0.13149719,0.18247534,185,True,119.39259,0.021389598,9512,False
0b_baseline_last,file,19,3701,64,63,84,83,1.2402924,0.28929961,0.25847602,0.030823588,64,True,168.62594,-0.04944856,10901,False
0b_baseline_last,file,19,4894,84,83,45,44,0.82297939,0.4391214,0.41743451,0.021686882,84,True,105.80773,-0.06535816,3701,False
0b_baseline_last,file,19,7407,127,126,129,128,4.2557039,0.014183103,0.37201023,-0.35782713,129,False,219.16154,-0.11909442,4894,False
0b_baseline_last,file,19,4422,76,75,39,38,0.011109521,0.98895198,0.0020969231,0.98685506,76,True,1.9810738,-0.15728063,7407,False
0b_baseline_last,file,19,6208,107,106,29,28,1.8736186,0.15356696,0.50217336,-0.34860641,29,False,157.68261,-0.04673808,4422,False
0b_baseline_last,file,19,7375,126,125,124,123,0.31193173,0.73203146,0.1764798,0.55555166,126,True,52.270048,0.010351942,6208,False
0b_baseline_last,file,19,3555,62,61,64,63,3.3696108,0.034403026,0.91741604,-0.88301301,64,False,191.90181,0.13758344,7375,False
0b_baseline_last,file,19,9793,167,166,161,160,0.34568235,0.70773727,0.097162388,0.61057488,167,True,37.592213,-0.025493308,3555,False
0b_baseline_last,file,19,303,6,5,7,6,0.0053051407,0.9947089,0.0052780947,0.9894308,6,True,1.6482334,0.082320683,9793,False
0b_baseline_last,file,19,9474,162,161,170,169,0.095786057,0.90865839,0.07129319,0.8373652,162,True,17.122883,0.13534659,303,False
0b_baseline_last,file,19,4449,77,76,38,37,0.012789135,0.98729229,0.0094625121,0.97782978,77,True,2.1033733,0.17632118,9474,False
0b_baseline_last,file,19,4363,75,74,170,169,0.2427699,0.78445202,0.059388205,0.72506382,75,True,36.419814,0.0079306911,4449,False
0b_baseline_last,file,19,6394,110,109,150,149,0.015705582,0.98441708,0.0041415258,0.98027556,110,True,1.6226246,0.03859499,4363,False
0b_baseline_last,file,19,5235,90,89,25,24,0.048257168,0.95288873,0.00817033,0.9447184,90,True,9.0789746,0.036970861,6394,False
0b_baseline_last,file,19,9193,157,156,175,174,0.017869785,0.98228896,0.014553309,0.96773565,157,True,3.4357486,-0.026812435,5235,False
0b_baseline_last,file,19,3990,69,68,68,67,0.19747581,0.82080001,0.1373364,0.6834636,69,True,32.367937,-0.1987326,9193,False
0b_baseline_last,file,19,1790,32,31,101,100,2.053535,0.12828064,0.085641697,0.042638943,32,True,129.35272,-0.22024685,3990,False
0b_baseline_last,file,19,181,4,3,97,96,2.9325233,0.053262476,0.12367256,-0.070410084,97,False,162.14096,0.18250179,1790,False
0b_baseline_last,file,19,710,13,12,166,165,2.1287434,0.11898671,0.075982317,0.043004394,13,True,110.38544,0.22528611,181,False
0b_baseline_last,file,19,11178,190,189,189,188,0.032023367,0.96848392,0.022243192,0.94624073,190,True,4.7701444,0.11309079,710,False
0b_baseline_last,file,19,5845,100,99,101,100,0.082235619,0.9210549,0.02268823,0.89836667,100,True,11.95189,-0.046865751,11178,False
0b_baseline_last,file,19,8544,146,145,144,143,0.018720843,0.9814533,0.01229874,0.96915456,146,True,4.2792782,-0.16141043,5845,False
0b_baseline_last,file,19,6326,109,108,95,94,0.00063244364,0.99936777,0.00016821867,0.99919955,109,True,0.090202046,0.010227989,8544,False
0b_baseline_last,file,19,4683,81,80,159,158,0.42616123,0.65301102,0.31252462,0.34048641,81,True,65.292122,0.087717743,6326,False
0b_baseline_last,file,19,9125,156,155,152,151,0.025981195,0.97435343,0.007346936,0.9670065,156,True,3.8092216,0.017989961,4683,False
0b_baseline_last,file,19,3979,69,68,17,16,0.99894583,0.36826745,0.083393157,0.28487429,69,True,98.691494,0.10933989,9125,False
0b_baseline_last,file,19,6330,109,108,21,20,0.059236232,0.94248408,0.014627133,0.92785695,109,True,8.0502745,-0.036620105,3979,False
0b_baseline_last,file,19,1259,23,22,72,71,2.8392053,0.058472112,0.62678307,-0.56831096,72,False,170.05632,-0.033085854,6330,False
0b_baseline_last,file,19,7930,136,135,137,136,0.99328369,0.37035856,0.61497742,-0.24461886,137,False,154.50895,0.032202813,1259,False
0b_baseline_last,file,19,2286,40,39,102,101,0.32796142,0.7203908,0.25616658,0.46422422,40,True,55.882047,0.058796687,7930,False
0b_baseline_last,file,19,6891,118,117,76,75,0.87678587,0.41611823,0.16917221,0.24694602,118,True,83.510973,-0.01413026,2286,False
0b_baseline_last,file,19,9317,159,158,164,163,0.0070279064,0.99299675,0.0038613507,0.9891354,159,True,1.1452507,0.043352119,6891,False
0b_baseline_last,file,19,2279,40,39,78,77,0.12000348,0.88691735,0.074585371,0.81233198,40,True,30.537487,0.03279909,9317,False
0b_baseline_last,file,19,11516,196,195,199,198,1.2691076,0.28108236,0.47544321,-0.19436085,199,False,88.15584,-0.12877906,2279,False
0b_baseline_last,file,19,1717,31,30,33,32,0.010030342,0.9900198,0.0068327743,0.98318702,31,True,1.4666963,0.085499292,11516,False
0b_baseline_last,file,19,3371,59,58,143,142,2.9279728,0.053505391,0.19174297,-0.13823758,143,False,119.23236,0.091845993,1717,False
0b_baseline_last,file,19,11075,189,188,36,35,0.00059408182,0.9994061,0.00013667518,0.99926942,189,True,0.092231521,-0.015933855,3371,False
0b_baseline_last,file,19,2038,36,35,24,23,0.1282057,0.87967241,0.028804451,0.85086796,36,True,17.207668,0.027463552,11075,False
0b_baseline_last,file,19,6845,117,116,126,125,2.9276218,0.053524178,0.28854942,-0.23502525,126,False,187.78354,0.088147947,2038,False
0b_baseline_last,file,19,7382,126,125,124,123,1.4823714,0.22709849,0.76613152,-0.53903303,124,False,165.25836,-0.20027015,6845,False
0b_baseline_last,file,19,3016,53,52,86,85,0.14833479,0.86214244,0.032827359,0.82931508,53,True,22.845887,0.078318028,7382,False
0b_baseline_last,file,19,5196,89,88,90,89,0.00023600654,0.99976403,6.899966e-05,0.99969503,89,True,0.029692981,0.12779006,3016,False
0b_baseline_last,file,19,4439,77,76,20,19,0.17259264,0.84148031,0.033712886,0.80776743,77,True,27.242769,-0.025822758,5196,False
0b_baseline_last,file,19,11759,200,199,161,160,0.20376322,0.81565547,0.062257972,0.7533975,200,True,35.735627,-0.015000303,4439,False
0b_baseline_last,file,19,11421,194,193,36,35,0.04814516,0.95299542,0.019867344,0.93312808,194,True,8.0728467,0.032049767,11759,False
0b_baseline_last,file,19,3928,68,67,32,31,2.0422521,0.12973621,0.3444106,-0.21467438,32,False,159.45941,-0.16577877,11421,False
0b_baseline_last,file,19,7969,136,135,135,134,9.7339554,5.9237551e-05,0.98613375,-0.98607452,135,False,276.10039,-0.069369924,3928,False
0b_baseline_last,file,19,1491,27,26,107,106,5.1976161,0.0055297301,0.66303122,-0.65750149,107,False,243.84879,0.082839149,7969,False
0b_baseline_last,file,19,6000,103,102,77,76,0.024123363,0.97616529,0.0062907515,0.96987454,103,True,3.8178906,0.00536226,1491,False
0b_baseline_last,file,19,3208,56,55,130,129,0.00028677643,0.99971324,6.2775725e-05,0.99965047,56,True,0.047693761,0.033800138,6000,False
0b_baseline_last,file,19,5522,95,94,96,95,0.0027012073,0.99730241,0.0017094014,0.99559301,95,True,0.40971602,0.11173196,3208,False
0b_baseline_last,file,19,8626,147,146,146,145,0.0082441736,0.9917897,0.0044154916,0.98737421,147,True,1.1900139,-0.035457465,5522,False
0b_baseline_last,file,19,1332,24,23,5,4,0.64165074,0.52642274,0.17502676,0.35139598,24,True,71.615706,0.042369037,8626,False
0b_baseline_last,file,19,3799,66,65,59,58,0.028175337,0.97221786,0.024315486,0.94790237,66,True,4.8926506,-0.046899928,1332,False
0b_baseline_last,file,19,861,16,15,97,96,0.00080731697,0.99919301,0.00062005868,0.99857295,16,True,0.16336862,0.022245219,3799,False
0b_baseline_last,file,19,8361,143,142,145,144,0.27325583,0.76089811,0.22884488,0.53205323,143,True,46.174835,0.039764737,861,False
0b_baseline_last,file,19,1973,35,34,119,118,0.064684182,0.93736345,0.01681041,0.92055304,35,True,12.672345,0.095387769,8361,False
0b_baseline_last,file,19,1837,33,32,31,30,0.39565629,0.67323804,0.10998873,0.56324931,33,True,44.811019,-0.14810018,1973,False
0b_baseline_last,file,19,4840,83,82,33,32,0.46017003,0.63117635,0.044856377,0.58631998,83,True,53.549146,-0.00065723963,1837,False
0b_baseline_last,file,19,8917,152,151,157,156,1.1280814,0.32365361,0.29993248,0.023721129,152,True,123.95777,-0.063617394,4840,False
0b_baseline_last,file,19,2827,49,48,29,28,6.5789165,0.0013893537,0.48523208,-0.48384273,29,False,168.62437,0.10210163,8917,False
0b_baseline_last,file,19,5699,98,97,169,168,0.01739894,0.98275155,0.008289705,0.97446184,98,True,3.4649164,-0.073542648,2827,False
0b_baseline_last,file,19,8653,148,147,76,75,1.4483918,0.23494782,0.14221838,0.092729434,148,True,153.61224,0.019859686,5699,False
0b_baseline_last,file,19,7111,122,121,127,126,0.0019126709,0.99808913,0.00043356002,0.99765557,122,True,0.35309543,-0.19724016,8653,False
0b_baseline_last,file,19,6416,110,109,194,193,0.00039212167,0.99960798,0.00014721588,0.99946076,110,True,0.055960626,0.02906925,7111,False
0b_baseline_last,file,19,2343,41,40,91,90,0.22196965,0.80093968,0.13655946,0.66438022,41,True,39.243019,0.055901358,6416,False
0b_baseline_last,file,19,7633,131,130,125,124,0.74550325,0.47449544,0.30434066,0.17015478,131,True,135.22736,-0.073018605,2343,False
0b_baseline_last,file,19,1571,28,27,188,187,0.00031442466,0.99968565,0.00011177874,0.99957387,28,True,0.070784133,-0.14032887,7633,False
0b_baseline_last,file,19,1952,35,34,120,119,0.036952443,0.96372199,0.0041712266,0.95955076,35,True,5.9498707,-0.0208942,1571,False
0b_baseline_last,file,19,8012,137,136,135,134,0.0038642036,0.99614328,0.0034061531,0.99273713,137,True,0.81340457,0.0072386392,1952,False
0b_baseline_last,file,19,11532,196,195,173,172,0.12545477,0.88209563,0.01337114,0.8687245,196,True,26.895242,-0.1000737,8012,False
0b_baseline_last,file,19,8107,139,138,140,139,1.0057374,0.36577481,0.62937826,-0.26360345,140,False,148.85665,0.014218073,11532,False
0b_baseline_last,file,19,7871,135,134,137,136,0.8183378,0.44116437,0.38602057,0.055143803,135,True,66.780818,-0.019770259,8107,False
0b_baseline_last,file,19,1027,19,18,155,154,0.061477516,0.94037408,0.025866471,0.91450761,19,True,8.5382688,-0.0075452463,7871,False
0b_baseline_last,file,19,3069,53,52,51,50,0.0007784912,0.9992218,0.00011451993,0.99910728,53,True,0.11214921,0.014478768,1027,False
0b_baseline_last,file,19,9721,166,165,165,164,0.4427532,0.64226574,0.091012105,0.55125363,166,True,46.935257,0.0017226489,3069,False
0b_baseline_last,file,19,9988,170,169,98,97,0.47944105,0.61912936,0.16090211,0.45822725,170,True,56.072832,0.088855654,9721,False
0b_baseline_last,file,19,5099,88,87,194,193,0.010017478,0.99003255,0.0049202307,0.98511232,88,True,1.5899797,-0.032021315,9988,False
0b_baseline_last,file,19,10420,177,176,180,179,0.17424834,0.84008825,0.016141361,0.82394689,177,True,19.092436,-0.0041709263,5099,False
0b_baseline_last,file,19,3164,55,54,12,11,0.0010165768,0.99898392,0.00010862062,0.9988753,55,True,0.16059242,0.013772416,10420,False
0b_baseline_last,file,19,8053,138,137,137,136,0.26974958,0.76357067,0.099543139,0.66402753,138,True,48.731646,-0.066923103,3164,False
0b_baseline_last,file,19,8498,145,144,147,146,3.2662418,0.038149528,0.88343513,-0.8452856,147,False,164.58532,0.074398905,8053,False
0b_baseline_last,file,19,6675,115,114,117,116,0.2860052,0.75125873,0.15467846,0.59658027,115,True,63.66105,-0.016678117,8498,False
0b_baseline_last,file,19,5635,97,96,136,135,0.090387873,0.91357678,0.016733887,0.8968429,97,True,12.272785,-0.1125986,6675,False
0b_baseline_last,file,19,2888,50,49,52,51,0.10256147,0.90252268,0.036617719,0.86590496,50,True,11.772807,0.11524618,5635,False
0b_baseline_last,file,19,3761,65,64,71,70,1.5835211,0.20525111,0.51092541,-0.3056743,71,False,200.39252,-0.025730936,2888,False
0b_baseline_last,file,19,4768,82,81,80,79,0.0064617977,0.99355906,0.0034752726,0.99008379,82,True,0.80334998,0.079641051,3761,False
0b_baseline_last,file,19,2152,38,37,32,31,0.60055935,0.54850477,0.16217688,0.38632789,38,True,88.187942,-0.024230972,4768,False
0b_baseline_last,file,19,4699,81,80,79,78,0.038687188,0.96205163,0.032753546,0.92929808,81,True,9.3201917,0.041990604,2152,False
0b_baseline_last,file,19,1229,22,21,105,104,0.62945879,0.53288013,0.41677362,0.11610651,22,True,101.56831,0.014623002,4699,False
0b_baseline_last,file,19,4770,82,81,80,79,0.13170187,0.87660229,0.080421716,0.79618058,82,True,19.634052,-0.10478728,1229,False
0b_baseline_last,file,19,822,15,14,164,163,0.0089222323,0.99111748,0.002196349,0.98892113,15,True,1.1785979,0.0079843224,4770,False
0b_baseline_last,file,19,11174,190,189,28,27,2.4525895,0.086070411,0.25048697,-0.16441656,28,False,120.77256,-0.08585254,822,False
0b_baseline_last,file,19,1877,34,33,120,119,0.00066282233,0.99933738,0.00018655912,0.99915082,34,True,0.12293119,-0.043769622,11174,False
0b_baseline_last,file,19,605,12,11,10,9,0.084908269,0.91859657,0.023455897,0.89514067,12,True,10.328403,0.10876419,1877,False
0b_baseline_last,file,19,5342,92,91,194,193,0.012581265,0.98749757,0.0094703883,0.97802718,92,True,2.2053684,0.0012107507,605,False
0b_baseline_last,file,19,4858,84,83,66,65,0.003596744,0.99640971,0.00052775361,0.99588196,84,True,0.5391052,0.075086042,5342,False
0b_baseline_last,file,19,10803,184,183,183,182,0.14642267,0.86379254,0.11378036,0.75001217,184,True,25.589615,0.087569049,4858,False
0b_baseline_last,file,19,5691,98,97,55,54,0.12922394,0.87877715,0.014383034,0.86439411,98,True,19.233652,0.052452001,10803,False
0b_baseline_last,file,19,11484,195,194,181,180,0.00075967057,0.99924064,0.00018229213,0.99905834,195,True,0.13819344,-0.019106734,5691,False
0b_baseline_last,file,19,1299,24,23,5,4,0.0024282038,0.99757475,0.002243259,0.99533149,24,True,0.56390569,-0.055432536,11484,False
0b_baseline_last,file,19,9021,154,153,181,180,1.2238883,0.29408446,0.5451262,-0.25104174,181,False,178.13305,-0.0039436784,1299,False
0b_baseline_last,file,19,11412,194,193,198,197,0.29906207,0.74151337,0.088011131,0.65350224,194,True,46.459523,-0.10688746,9021,False
0b_baseline_last,file,19,10931,186,185,185,184,0.066075526,0.93606019,0.037829891,0.8982303,186,True,9.7721181,0.062104551,11412,False
0b_baseline_last,file,19,9559,163,162,182,181,0.039252199,0.96150821,0.0081360824,0.95337213,163,True,4.6911472,0.031708754,10931,False
0b_baseline_last,file,19,72,2,1,59,58,0.010594788,0.98946112,0.0030157208,0.9864454,2,True,1.7059807,-0.032955741,9559,False
0b_baseline_last,file,19,7761,133,132,132,131,0.011771148,0.98829788,0.005249701,0.98304818,133,True,1.3675574,0.086070478,72,False
0b_baseline_last,file,19,5287,91,90,63,62,3.2575631,0.038482059,0.6525256,-0.61404354,63,False,209.96338,0.0054147551,7761,False
0b_baseline_last,file,19,4209,73,72,164,163,0.18098466,0.83444816,0.094552115,0.73989604,73,True,34.348988,0.043237124,5287,False
0b_baseline_last,file,19,8378,143,142,146,145,0.37394109,0.68801743,0.071205728,0.6168117,143,True,55.62735,0.031867325,4209,False
0b_baseline_last,file,19,1548,28,27,187,186,0.017406438,0.98274416,0.013234765,0.96950939,28,True,4.2964654,-0.10536734,8378,False
0b_baseline_last,file,19,9783,167,166,180,179,4.3017936,0.013544243,0.94778222,-0.93423798,180,False,190.53205,-0.0028534092,1548,False
0b_baseline_last,file,19,4267,74,73,54,53,0.022715483,0.97754055,0.014136719,0.96340383,74,True,4.6516958,-0.042851445,9783,False
0b_baseline_last,file,19,5492,94,93,73,72,0.0057102414,0.99430603,0.0015862845,0.99271974,94,True,0.88954082,0.13557751,4267,False
0b_baseline_last,file,19,6081,104,103,150,149,0.015772471,0.98435128,0.0043948386,0.97995644,104,True,2.4461684,-0.070724518,5492,False
0b_baseline_last,file,19,7469,128,127,125,124,5.3958025,0.0045355791,0.34955609,-0.34502051,125,False,234.94331,-0.07125398,6081,False
0b_baseline_last,file,19,8975,153,152,155,154,0.077405475,0.92551452,0.058549982,0.86696454,153,True,12.099164,0.12368069,7469,False
0b_baseline_last,file,19,7079,121,120,119,118,3.849937,0.021281077,0.36059871,-0.33931764,119,False,150.08696,-0.092407675,8975,False
0b_baseline_last,file,19,7290,125,124,129,128,0.12254999,0.88466167,0.064276673,0.820385,125,True,22.032351,0.072762131,7079,False
0b_baseline_last,file,19,6478,111,110,78,77,1.2688555,0.28115326,0.41207957,-0.13092631,78,False,138.5866,-0.087450941,7290,False
0b_baseline_last,file,19,7254,124,123,126,125,0.31368387,0.73074996,0.14030524,0.59044473,124,True,51.377982,0.15973901,6478,False
0b_baseline_last,file,19,1704,31,30,33,32,1.0793426,0.33981887,0.5848465,-0.24502763,33,False,134.01694,-0.11905589,7254,False
0b_baseline_last,file,19,3415,59,58,64,63,1.6375341,0.19445896,0.36045733,-0.16599837,64,False,117.02938,0.088791793,1704,False
0b_baseline_last,file,19,9006,154,153,165,164,0.23051587,0.79412383,0.022801217,0.77132261,154,True,40.576461,0.066576533,3415,False
0b_baseline_last,file,19,6037,104,103,152,151,0.12907445,0.87890851,0.0093348632,0.86957365,104,True,18.445518,0.071427252,9006,False
0b_baseline_last,file,19,6111,105,104,92,91,3.2261274,0.039710987,0.90650338,-0.86679239,92,False,179.12443,-0.14442154,6037,False
0b_baseline_last,file,19,5035,87,86,46,45,0.045510691,0.95550936,0.011897615,0.94361175,87,True,6.4103603,-0.0032070296,6111,False
0b_baseline_last,file,19,9757,166,165,167,166,0.18331015,0.83250993,0.067335993,0.76517394,166,True,30.256637,-0.12708747,5035,False
0b_baseline_last,file,19,8411,144,143,141,140,5.632525,0.003579525,0.98519921,-0.98161969,141,False,204.38591,0.045103718,9757,False
0b_baseline_last,file,19,10264,175,174,157,156,1.9115803,0.14784655,0.73582077,-0.58797422,157,False,152.13988,0.064697108,8411,False
0b_baseline_last,file,19,955,18,17,70,69,0.013065561,0.98701942,0.0037982846,0.98322114,18,True,2.7014006,-0.0089719398,10264,False
0b_baseline_last,file,19,762,14,13,54,53,1.00972,0.36432096,0.52807194,-0.16375098,54,False,125.72768,0.068438532,955,False
0b_baseline_last,file,19,9402,160,159,164,163,0.0034498007,0.99655616,0.00075133413,0.99580483,160,True,0.65278167,-0.033365939,762,False
0b_baseline_last,file,19,11244,191,190,83,82,0.0020858929,0.99791628,0.0003308228,0.99758546,191,True,0.3373777,0.0049384118,9402,False
0b_baseline_last,file,19,617,12,11,96,95,0.66660947,0.51344651,0.046635013,0.4668115,12,True,62.014614,0.099384891,11244,False
0b_baseline_last,file,19,10429,178,177,181,180,3.1098349,0.044608314,0.42652839,-0.38192008,181,False,145.12456,-0.092062397,617,False
0b_baseline_last,file,19,7544,129,128,125,124,0.08582332,0.91775638,0.049042717,0.86871366,129,True,14.636343,0.0036754971,10429,False
0b_baseline_last,file,19,6861,118,117,130,129,2.4965541,0.082368337,0.82002467,-0.73765633,130,False,164.43622,-0.1250683,7544,False
0b_baseline_last,file,19,9382,160,159,57,56,0.0065078707,0.99351329,0.0020218024,0.99149148,160,True,1.1342859,0.08750232,6861,False
0b_baseline_last,file,19,1415,26,25,49,48,1.8809519,0.15244493,0.2311462,-0.078701273,49,False,119.27721,-0.1140069,9382,False
0b_baseline_last,file,19,1897,34,33,35,34,0.025724584,0.97460347,0.0080691278,0.96653435,34,True,5.0034675,-0.074595079,1415,False
0b_baseline_last,file,19,8323,142,141,27,26,0.15556902,0.855928,0.047666859,0.80826114,142,True,21.689174,-0.061732909,1897,False
0b_baseline_last,file,19,4275,74,73,79,78,1.0898569,0.33626464,0.076165766,0.26009887,74,True,122.05376,-0.044270947,8323,False
0b_baseline_last,file,19,4612,79,78,82,81,0.21657927,0.8052687,0.1438622,0.6614065,79,True,26.359537,-0.12020533,4275,False
0b_baseline_last,file,19,5800,99,98,37,36,0.29490009,0.74460596,0.063006371,0.68159959,99,True,46.013025,-0.013595737,4612,False
0b_baseline_last,file,19,7074,121,120,113,112,1.795601,0.16602764,0.21716909,-0.051141456,113,False,121.61812,0.067593877,5800,False
0b_baseline_last,file,19,2325,41,40,32,31,5.9485731,0.0026095614,0.66745329,-0.66484373,32,False,189.50213,-0.04540549,7074,False
0b_baseline_last,file,19,8526,146,145,145,144,1.949329,0.14236958,0.62402946,-0.48165987,145,False,196.1084,0.069030491,2325,False
0b_baseline_last,file,19,6685,115,114,131,130,6.9913654,0.00091978966,0.96772623,-0.96680644,131,False,198.14483,0.08709077,8526,False
0b_baseline_last,file,19,15,1,0,2,1,0.021011969,0.97920722,0.017562808,0.96164441,1,True,4.4378455,0.077662672,6685,False
0b_baseline_last,file,19,2402,42,41,17,16,0.00058609952,0.99941409,0.00037363221,0.99904045,42,True,0.097585612,-0.15210487,15,False
0b_baseline_last,file,19,8836,151,150,57,56,0.00030655929,0.99969351,4.355163e-05,0.99964996,151,True,0.053288601,-0.030638622,2402,False
0b_baseline_last,file,19,11647,198,197,150,149,0.8856256,0.41245607,0.25591755,0.15653852,198,True,98.922102,-0.13065532,8836,False
0b_baseline_last,file,19,9326,159,158,99,98,0.021306437,0.97891897,0.0040728096,0.97484616,159,True,3.6056808,-0.019566674,11647,False
0b_baseline_last,file,19,533,10,9,26,25,0.0022057984,0.99779665,0.00053922698,0.99725743,10,True,0.29562666,0.088445383,9326,False
0b_baseline_last,file,19,11755,200,199,153,152,0.028974015,0.97144169,0.0034485064,0.96799318,200,True,4.259847,0.074761176,533,False
0b_baseline_last,file,19,5637,97,96,95,94,0.5483827,0.57788366,0.11579001,0.46209365,97,True,53.626641,0.002383483,11755,False
0b_baseline_last,file,19,2487,44,43,23,22,0.00090319844,0.99909723,0.00018145135,0.99891578,44,True,0.18386565,0.010484097,5637,False
0b_baseline_last,file,19,7243,124,123,163,162,0.023638573,0.97663862,0.0072637303,0.96937488,124,True,3.9258282,-0.028906347,2487,False
0b_baseline_last,file,19,3438,60,59,64,63,1.1427757,0.31893256,0.26965603,0.049276531,60,True,108.47287,-0.042212801,7243,False
0b_baseline_last,file,19,2254,40,39,33,32,0.36127603,0.69678664,0.075794615,0.62099203,40,True,62.798231,0.16660107,3438,False
0b_baseline_last,file,19,368,7,6,6,5,0.1173628,0.8892625,0.092252687,0.79700981,7,True,22.589826,-0.0041296419,2254,False
0b_baseline_last,file,19,11657,198,197,193,192,0.0043158247,0.99569345,0.00098790845,0.99470554,198,True,0.62353561,0.072940711,368,False
0b_baseline_last,file,19,8625,147,146,141,140,5.9855032,0.0025149479,0.53350675,-0.5309918,141,False,160.96128,0.037492455,11657,False
0b_baseline_last,file,19,6663,114,113,85,84,0.0059904084,0.9940275,0.003805113,0.99022238,114,True,0.98996793,-0.035002627,8625,False
0b_baseline_last,file,19,7200,123,122,113,112,0.0024919431,0.99751115,0.0017516175,0.99575953,123,True,0.33375805,-0.16322054,6663,False
0b_baseline_last,file,19,9896,169,168,20,19,0.0042395005,0.9957695,0.0013364083,0.99443309,169,True,0.55931416,0.029680103,7200,False
0b_baseline_last,file,19,3746,65,64,60,59,0.1288961,0.87906528,0.02612948,0.85293579,65,True,19.919501,0.0031477691,9896,False
0b_baseline_last,file,19,5003,86,85,23,22,0.54390067,0.58047956,0.090787239,0.48969232,86,True,98.573715,0.13008737,3746,False
0b_baseline_last,file,19,5946,102,101,40,39,0.82884216,0.43655446,0.31782308,0.11873138,102,True,65.034664,0.016221816,5003,False
0b_baseline_last,file,19,7141,122,121,99,98,1.3824087,0.25097331,0.29069683,-0.039723516,99,False,131.70934,0.15391348,5946,False
0b_baseline_last,file,19,3375,59,58,66,65,0.034617905,0.96597445,0.021337686,0.94463676,59,True,5.0171191,-0.014780377,7141,False
0b_baseline_last,file,19,1165,21,20,158,157,0.010758376,0.9892993,0.0063010589,0.98299824,21,True,1.7372188,0.11214757,3375,False
0b_baseline_last,file,19,1171,21,20,195,194,5.8767385,0.0028039152,0.70139247,-0.69858856,195,False,265.08031,0.096785715,1165,True
0b_baseline_last,file,19,6988,120,119,131,130,0.019702679,0.98049015,0.005622277,0.97486787,120,True,3.2182068,-0.00022312443,1171,False
0b_baseline_last,file,19,1860,33,32,166,165,0.037550353,0.96314591,0.0069521083,0.9561938,33,True,6.6942698,0.12048451,6988,False
0b_baseline_last,file,19,7022,120,119,11,10,4.1399899,0.015923018,0.32803804,-0.31211502,11,False,149.05237,-0.093306727,1860,False
0b_baseline_last,file,19,9421,161,160,177,176,0.00054463808,0.99945551,0.00020446797,0.99925104,161,True,0.10056155,0.050438166,7022,False
0b_baseline_last,file,19,7272,125,124,131,130,0.30863371,0.73444974,0.23211341,0.50233634,125,True,67.822895,0.077741442,9421,False
0b_baseline_last,file,19,32,1,0,3,2,2.3007874,0.10017992,0.88991767,-0.78973775,3,False,197.39953,0.030728347,7272,False
0b_baseline_last,file,19,8997,154,153,117,116,1.1258163,0.32438758,0.18131571,0.14307187,154,True,87.972845,-0.082180332,32,False
0b_baseline_last,file,19,3145,55,54,48,47,0.00045479921,0.99954528,6.3255517e-05,0.99948202,55,True,0.068945507,-0.030609607,8997,False
0b_baseline_last,file,19,2386,42,41,139,138,0.10722296,0.89832538,0.037054311,0.86127107,42,True,13.436727,0.011416955,3145,False
0b_baseline_last,file,19,11332,193,192,178,177,0.043281354,0.9576419,0.01416402,0.94347788,193,True,7.7594192,-0.07660748,2386,False
0b_baseline_last,file,19,5359,92,91,194,193,0.15934613,0.85270119,0.040145732,0.81255545,92,True,26.859545,-0.086159996,11332,False
0b_baseline_last,file,19,2598,46,45,87,86,0.0094924998,0.99055243,0.0012191068,0.98933332,46,True,1.5392415,-0.088239018,5359,False
0b_baseline_last,file,19,388,8,7,25,24,3.3423879,0.035352439,0.84565055,-0.81029812,25,False,199.18208,-0.11015979,2598,False
0b_baseline_last,file,19,7936,136,135,137,136,0.032622155,0.96790421,0.018208494,0.94969572,136,True,4.7667162,0.0084016655,388,False
0b_baseline_last,file,19,9947,169,168,163,162,0.0058209426,0.99419594,0.0023253961,0.99187054,169,True,0.98226971,0.14500991,7936,False
0b_baseline_last,file,19,5267,91,90,102,101,0.51403534,0.59807724,0.09668386,0.50139338,91,True,47.218904,0.019482265,9947,False
0b_baseline_last,file,19,9223,157,156,177,176,0.18418509,0.83178186,0.032214381,0.79956748,157,True,38.065569,-0.018798737,5267,False
0b_baseline_last,file,19,10306,175,174,157,156,0.013300033,0.98678803,0.0051590702,0.98162896,175,True,2.6501205,0.014642291,9223,False
0b_baseline_last,file,19,4853,84,83,63,62,0.66209602,0.51576912,0.1614912,0.35427792,84,True,76.237849,-0.070424347,10306,False
0b_baseline_last,file,19,10599,180,179,182,181,0.0069587734,0.99306536,0.0061379126,0.98692744,180,True,1.5278934,0.12190127,4853,False
0b_baseline_last,file,19,912,17,16,42,41,0.13156873,0.876719,0.020582469,0.85613653,17,True,20.434068,0.10117165,10599,False
0b_baseline_last,file,19,9503,162,161,167,166,0.069829404,0.93255287,0.049242429,0.88331044,162,True,13.821597,-0.035755831,912,False
0b_baseline_last,file,19,8233,141,140,144,143,0.98967558,0.37169725,0.16380306,0.20789419,141,True,93.213222,-0.01488588,9503,False
0b_baseline_last,file,19,444,9,8,11,10,0.18939602,0.82745874,0.084000885,0.74345785,9,True,24.288857,0.062033026,8233,False
0b_baseline_last,file,19,2198,39,38,164,163,3.2757366,0.037789024,0.20488901,-0.16709999,164,False,147.35875,0.0064327221,444,False
0b_baseline_last,file,19,10347,176,175,163,162,0.0058589862,0.99415815,0.0024012714,0.99175688,176,True,0.93007693,-0.0081996341,2198,False
0b_baseline_last,file,19,5285,91,90,76,75,0.95145488,0.38617879,0.19653416,0.18964463,91,True,117.59985,-0.045015288,10347,False
0b_baseline_last,file,19,361,7,6,6,5,0.00096572482,0.99903476,0.00039898796,0.99863577,7,True,0.14480422,0.017312168,5285,False
0b_baseline_last,file,19,8848,151,150,43,42,0.066598289,0.93557096,0.01013486,0.9254361,151,True,14.70379,-0.089359014,361,False
0b_baseline_last,file,19,2931,51,50,8,7,2.6188688,0.072885267,0.47649193,-0.40360666,8,False,190.08568,-0.04628326,8848,False
0b_baseline_last,file,19,2071,37,36,43,42,5.8070269,0.0030063551,0.79693234,-0.79392598,43,False,116.74227,-0.095458287,2931,False
0b_baseline_last,file,19,662,13,12,108,107,0.0027751527,0.99722868,0.00043318834,0.99679549,13,True,0.43537585,0.0022974655,2071,False
0b_baseline_last,file,19,3271,57,56,192,191,0.012782661,0.98729867,0.0016196034,0.98567906,57,True,2.0316114,0.11873359,662,False
0b_baseline_last,file,19,11283,192,191,57,56,0.0050473176,0.99496537,0.00058658217,0.99437879,192,True,0.76327601,0.00043537816,3271,False
0b_baseline_last,file,19,9371,160,159,183,182,3.21141,0.040299751,0.12294678,-0.082647033,183,False,149.62385,-0.057545604,11283,False
0b_baseline_last,file,19,511,10,9,27,26,0.0044819852,0.99552804,0.00090375362,0.99462429,10,True,0.61886207,0.055984941,9371,False
0b_baseline_last,file,19,7106,122,121,131,130,0.43072644,0.65003669,0.070738554,0.57929814,122,True,83.346894,0.10408592,511,False
0b_baseline_last,file,19,6182,106,105,84,83,0.0017495339,0.99825197,0.00036358758,0.99788839,106,True,0.23550557,-0.029447783,7106,False
0b_baseline_last,file,19,8405,144,143,65,64,0.54682511,0.57878447,0.1368794,0.44190507,144,True,74.880263,-0.1910486,6182,False
0b_baseline_last,file,19,2439,43,42,174,173,3.0493424,0.047390081,0.79300332,-0.74561324,174,False,168.30516,-0.030378701,8405,False
0b_baseline_last,file,19,9446,161,160,20,19,4.119647,0.016250247,0.16018298,-0.14393274,20,False,140.00252,0.05339739,2439,False
0b_baseline_last,file,19,3497,61,60,66,65,0.76670426,0.46454155,0.3585878,0.10595375,61,True,98.832461,-0.093926822,9446,False
0b_baseline_last,file,19,8172,140,139,16,15,0.057616927,0.94401151,0.017982589,0.92602892,140,True,9.0295604,-0.021117733,3497,False
0b_baseline_last,file,19,1658,30,29,4,3,3.9402018,0.019444292,0.5143916,-0.49494731,4,False,184.42565,0.042909536,8172,False
0b_baseline_last,file,19,3706,64,63,63,62,1.1066039,0.33068007,0.30983499,0.020845085,64,True,77.937843,0.091821228,1658,False
0b_baseline_last,file,19,5096,88,87,174,173,0.02800704,0.97238153,0.0049559353,0.9674256,88,True,4.3220554,0.013154187,3706,False
0b_baseline_last,file,19,5432,93,92,102,101,3.8403914,0.021485191,0.53218085,-0.51069565,102,False,205.10096,0.13692705,5096,False
0b_baseline_last,file,19,6880,118,117,193,192,3.6048617,0.027191207,0.48452228,-0.45733108,193,False,193.32732,0.13705775,5432,False
0b_baseline_last,file,19,2034,36,35,194,193,0.018141298,0.98202229,0.0064039216,0.97561836,36,True,2.7878743,-0.063894072,6880,False
0b_baseline_last,file,19,8949,153,152,170,169,1.1833297,0.30625731,0.25331223,0.052945077,153,True,131.77146,0.077829075,2034,False
0b_baseline_last,file,19,10877,185,184,186,185,6.3741589,0.0017050536,0.99150109,-0.98979604,186,False,156.70618,0.021014825,8949,False
0b_baseline_last,file,19,11558,197,196,196,195,0.0011039836,0.9988966,0.00035321168,0.99854339,197,True,0.17549464,-0.067977766,10877,False
0b_baseline_last,file,19,10353,176,175,182,181,0.029005051,0.97141159,0.0038501862,0.9675614,176,True,4.3079644,-0.015947054,11558,False
0b_baseline_last,file,19,5997,103,102,76,75,2.2759709,0.10269715,0.54000568,-0.43730853,76,False,149.05365,-0.0053900432,10353,False
0b_baseline_last,file,19,3787,66,65,65,64,3.2935388,0.037122253,0.55650914,-0.51938688,65,False,171.92925,0.060003068,5997,False
0b_baseline_last,file,19,11232,191,190,188,187,0.57465911,0.56289673,0.35965422,0.20324251,191,True,68.473047,-0.064213368,3787,False
0b_baseline_last,file,19,4848,83,82,31,30,0.60301536,0.54715925,0.073669374,0.47348988,83,True,73.111264,0.1082728,11232,False
0b_baseline_last,file,19,9080,155,154,2,1,3.4161072,0.032840025,0.067029528,-0.034189504,2,False,159.64491,-0.041705841,4848,False
0b_baseline_last,file,19,5394,93,92,19,18,0.05311441,0.94827151,0.010288276,0.93798324,93,True,12.280569,0.0012487844,9080,False
0b_baseline_last,file,19,4994,86,85,23,22,0.12837106,0.87952697,0.029022031,0.85050494,86,True,24.067195,0.1757972,5394,False
0b_baseline_last,file,19,11088,189,188,36,35,0.002976751,0.9970277,0.001930078,0.99509762,189,True,0.49572418,-0.069420263,4994,False
0b_baseline_last,file,19,4716,81,80,192,191,0.10932248,0.89644128,0.043750182,0.8526911,81,True,23.237101,-0.055734193,11088,False
0b_baseline_last,file,19,10989,187,186,190,189,0.074755482,0.92797035,0.068237022,0.85973333,187,True,23.32931,-0.045262764,4716,False
0b_baseline_last,file,19,8410,144,143,145,144,7.8917022,0.00037383274,0.88706106,-0.88668723,145,False,275.70545,0.034009906,10989,False
0b_baseline_last,file,19,10124,172,171,16,15,0.075018622,0.92772621,0.041091044,0.88663517,172,True,11.274744,-0.00066555478,8410,False
0b_baseline_last,file,19,9855,168,167,162,161,1.1173087,0.32715911,0.34766388,-0.020504773,162,False,133.43896,0.0065906206,10124,False
0b_baseline_last,file,19,1603,29,28,142,141,5.5653152,0.0038283723,0.47481936,-0.47099099,142,False,124.15581,0.067494284,9855,False
0b_baseline_last,file,19,10539,179,178,154,153,0.037644956,0.96305484,0.022390915,0.94066392,179,True,5.9659006,0.0099261391,1603,False
0b_baseline_last,file,19,3160,55,54,96,95,0.24076389,0.78602719,0.11331309,0.67271411,55,True,41.47486,0.020190012,10539,False
0b_baseline_last,file,19,6513,112,111,111,110,0.15717447,0.85455495,0.14173971,0.71281524,112,True,28.031637,-0.02245083,3160,False
0b_baseline_last,file,19,7430,127,126,128,127,0.19672573,0.8214159,0.048449066,0.77296684,127,True,20.660683,0.039322707,6513,False
0b_baseline_last,file,19,1772,32,31,33,32,3.3478808,0.035158783,0.78305817,-0.74789938,33,False,132.22744,-0.13697093,7430,False
0b_baseline_last,file,19,5158,89,88,106,105,0.00016294583,0.99983704,1.4842723e-05,0.9998222,89,True,0.024511457,0.058079101,1772,False
0b_baseline_last,file,19,10638,181,180,195,194,0.004998568,0.99501389,0.002576933,0.99243696,181,True,0.88491546,0.033553244,5158,False
0b_baseline_last,file,19,2832,50,49,51,50,0.068082079,0.93418378,0.017854247,0.91632953,50,True,9.7856533,0.0050031697,10638,False
0b_baseline_last,file,19,10225,174,173,168,167,2.2786908,0.10241821,0.24152501,-0.1391068,168,False,170.26416,8.9182145e-05,2832,False
0b_baseline_last,file,19,460,9,8,11,10,0.05476765,0.9467051,0.027961779,0.91874332,9,True,7.3500488,-0.10091434,10225,False
0b_baseline_last,file,19,7417,127,126,120,119,8.0695267,0.00031293134,0.81788611,-0.81757318,120,False,198.37409,-0.031840758,460,False
0b_baseline_last,file,19,3546,61,60,66,65,0.12212046,0.88504177,0.019640651,0.86540112,61,True,16.254211,-0.092910924,7417,False
0b_baseline_last,file,19,5772,99,98,149,148,0.01934729,0.98083866,0.0072176289,0.97362103,99,True,2.7855885,0.10038936,3546,False
0b_baseline_last,file,19,11034,188,187,191,190,0.0049581197,0.99505413,0.0031865393,0.99186759,188,True,0.99043362,-0.050037099,5772,False
0b_baseline_last,file,19,8042,137,136,118,117,2.2675829,0.1035622,0.19311832,-0.08955612,118,False,127.14293,-0.05563473,11034,False
0b_baseline_last,file,19,1670,30,29,27,26,6.9638162,0.00094548165,0.9727568,-0.97181132,27,False,200.11473,-0.043928672,8042,False
0b_baseline_last,file,19,11448,195,194,130,129,0.02802976,0.97235942,0.01552082,0.9568386,195,True,6.4834844,-0.038586776,1670,False
0b_baseline_last,file,19,5979,103,102,39,38,0.16297342,0.84961379,0.032874521,0.81673926,103,True,24.671278,0.096722524,11448,False
0b_baseline_last,file,19,7152,123,122,125,124,2.2095957,0.109745,0.20611806,-0.096373059,125,False,122.19013,-0.036529798,5979,False
0b_baseline_last,file,19,2554,45,44,63,62,1.4340718,0.23833649,0.65880311,-0.42046662,63,False,138.10574,-0.1203508,7152,False
0b_baseline_last,file,19,115,2,1,3,2,0.012981782,0.98710209,0.0026338401,0.98446825,2,True,2.5057026,-0.051646647,2554,False
0b_baseline_last,file,19,9090,155,154,153,152,0.055150948,0.94634229,0.034729045,0.91161324,155,True,8.8560903,0.1073113,115,False
0b_baseline_last,file,19,313,6,5,7,6,0.0064606136,0.99356019,0.0017998164,0.99176038,6,True,1.430297,0.025576144,9090,False
0b_baseline_last,file,19,5206,90,89,1,0,0.18746465,0.82905841,0.048264857,0.78079355,90,True,36.025793,-0.040212159,313,False
0b_baseline_last,file,19,10103,172,171,200,199,1.6976773,0.18310834,0.21928094,-0.036172599,200,False,129.00901,0.041286475,5206,False
0b_baseline_last,file,19,10552,180,179,16,15,0.020227464,0.97997576,0.004531167,0.97544459,180,True,3.1734489,-0.060726863,10103,False
0b_baseline_last,file,19,345,7,6,5,4,0.0070636547,0.99296123,0.0057839705,0.98717726,7,True,1.4553135,-0.020186224,10552,False
0b_baseline_last,file,19,9955,170,169,153,152,0.42168385,0.65594137,0.044450711,0.61149066,170,True,54.730413,0.022777839,345,False
0b_baseline_last,file,19,7995,137,136,136,135,0.9173094,0.39959273,0.16101082,0.23858191,137,True,104.45174,-0.1066274,9955,False
0b_baseline_last,file,19,7867,135,134,102,101,0.13563448,0.87316173,0.059250154,0.81391158,135,True,22.399934,0.1112462,7995,False
0b_baseline_last,file,19,2741,48,47,47,46,0.0001914318,0.99980861,1.9661635e-05,0.99978895,48,True,0.028917331,-0.042013865,7867,False
0b_baseline_last,file,19,213,4,3,11,10,1.1914208,0.30378935,0.065317318,0.23847203,4,True,125.28026,-0.011615445,2741,False
0b_baseline_last,file,19,5874,101,100,100,99,0.012034194,0.98803794,0.0042852359,0.98375271,101,True,2.3119798,0.0067243405,213,False
0b_baseline_last,file,19,11493,196,195,199,198,0.045648281,0.95537794,0.029217603,0.92616033,196,True,7.6034162,0.038459983,5874,False
0b_baseline_last,file,19,2334,41,40,135,134,0.017254597,0.98289341,0.0094351014,0.97345831,41,True,2.9481013,-0.16753569,11493,False
0b_baseline_last,file,19,409,8,7,5,4,1.3756807,0.25266755,0.24644481,0.0062227398,8,True,140.58391,0.098055262,2334,False
0b_baseline_last,file,19,10558,180,179,182,181,0.0042546946,0.99575436,0.0027396774,0.99301468,180,True,0.68861743,-0.03268391,409,False
0b_baseline_last,file,19,9888,168,167,162,161,0.0072468752,0.99277931,0.005899868,0.98687945,168,True,1.3825711,0.30699612,10558,False
0b_baseline_last,file,19,11206,191,190,42,41,0.037724856,0.96297789,0.012125831,0.95085206,191,True,6.4780576,-0.053451224,9888,False
0b_baseline_last,file,19,10180,173,172,179,178,0.16729277,0.84595191,0.032056089,0.81389583,173,True,25.026263,0.079349938,11206,False
0b_baseline_last,file,19,6068,104,103,131,130,1.3294601,0.2646201,0.24987416,0.014745936,104,True,111.766,0.23656574,10180,False
0b_baseline_last,file,19,3310,58,57,25,24,0.002791439,0.99721247,0.0006094579,0.99660301,58,True,0.42444927,0.021302116,6068,False
0b_baseline_last,file,19,10086,172,171,173,172,0.13375984,0.87480015,0.01769682,0.85710333,172,True,13.746435,0.036384654,3310,False
0b_baseline_last,file,19,4027,70,69,68,67,4.4831538,0.011297725,0.32748795,-0.31619022,68,False,88.880064,-0.024068815,10086,False
0b_baseline_last,file,19,4929,85,84,118,117,0.014903396,0.98520708,0.0017260796,0.983481,85,True,2.9841768,-0.040335744,4027,False
0b_baseline_last,file,19,5875,101,100,145,144,0.13270007,0.87572771,0.071092673,0.80463504,101,True,16.84344,-0.03861629,4929,False
0b_baseline_last,file,19,6291,108,107,107,106,0.093415469,0.910815,0.079721682,0.83109332,108,True,18.626911,0.007227466,5875,False
0b_baseline_last,file,19,3867,67,66,68,67,1.1334035,0.32193571,0.49339634,-0.17146063,68,False,117.19601,0.10316993,6291,False
0b_baseline_last,file,19,3363,58,57,25,24,1.382179,0.25103098,0.24437974,0.0066512376,58,True,119.73777,-0.00066172451,3867,False
0b_baseline_last,file,19,5957,102,101,91,90,0.27734184,0.75779539,0.10455948,0.65323591,102,True,43.402502,0.068408578,3363,False
0b_baseline_last,file,19,1343,25,24,23,22,0.35552841,0.70080304,0.28152949,0.41927356,25,True,48.096161,-0.08596609,5957,False
0b_baseline_last,file,19,10014,171,170,99,98,3.2427092,0.039057933,0.13622519,-0.097167261,99,False,137.01848,0.13226584,1343,False
0b_baseline_last,file,19,3605,62,61,74,73,4.7537355,0.0086194342,0.24603122,-0.23741179,74,False,138.82187,-0.12904025,10014,False
0b_baseline_last,file,19,11366,193,192,178,177,0.10691653,0.8986007,0.019339306,0.87926139,193,True,16.381533,0.061155033,3605,False
0b_baseline_last,file,19,7676,131,130,119,118,0.22808737,0.79605472,0.059138965,0.73691576,131,True,40.670824,0.085693607,11366,False
0b_baseline_last,file,19,10852,185,184,112,111,0.0010587331,0.99894184,0.00026326769,0.99867857,185,True,0.16927582,-0.049651718,7676,False
0b_baseline_last,file,19,2635,46,45,65,64,0.89004445,0.4106375,0.14287555,0.26776195,46,True,102.09476,0.12533623,10852,False
0b_baseline_last,file,19,7837,134,133,9,8,1.0112736,0.36375538,0.25588015,0.10787523,134,True,84.773417,-0.067848778,2635,False
0b_baseline_last,file,19,9657,165,164,166,165,0.0084172487,0.9916181,0.0067382134,0.98487988,165,True,1.7594505,0.059871306,7837,False
0b_baseline_last,file,19,4392,76,75,26,25,0.58963215,0.55453122,0.23098238,0.32354884,76,True,71.565599,0.018698416,9657,False
0b_baseline_last,file,19,225,4,3,27,26,0.026298357,0.97404444,0.013211702,0.96083274,4,True,5.0804367,0.0050988977,4392,False
0b_baseline_last,file,19,55,1,0,31,30,0.18067636,0.83470547,0.048605751,0.78609972,1,True,31.950846,-0.12052401,225,False
0b_baseline_last,file,19,4845,83,82,69,68,0.0075964155,0.99243236,0.0012521566,0.9911802,83,True,1.3497826,-0.09328801,55,False
0b_baseline_last,file,19,3657,63,62,60,59,0.25204939,0.77720636,0.047628298,0.72957806,63,True,46.29694,0.096175114,4845,False
0b_baseline_last,file,19,8870,151,150,152,151,0.01735946,0.98279035,0.0024826729,0.98030768,151,True,2.1723272,-0.00058883999,3657,False
0b_baseline_last,file,19,9664,165,164,158,157,0.0048934696,0.9951185,0.0010739092,0.99404459,165,True,0.89485714,0.0094621475,8870,False
0b_baseline_last,file,19,5922,102,101,39,38,2.62114,0.072719917,0.46125963,-0.38853972,39,False,214.18759,-0.10830229,9664,False
0b_baseline_last,file,19,2094,37,36,39,38,2.5789371,0.075854577,0.65348953,-0.57763495,39,False,186.82101,0.048927902,5922,False
0b_baseline_last,file,19,9063,155,154,153,152,0.88496351,0.41272923,0.57828522,-0.16555598,153,False,121.10726,-0.082773565,2094,False
0b_baseline_last,file,19,7197,123,122,124,123,0.22799465,0.79612851,0.09448459,0.70164392,123,True,30.968827,0.081541951,9063,False
0b_baseline_last,file,19,4604,79,78,93,92,1.2116228,0.29771373,0.045521468,0.25219226,79,True,115.15341,0.040442845,7197,False
0b_baseline_last,file,19,10665,182,181,180,179,0.045565024,0.95545745,0.023957517,0.93149993,182,True,8.1620811,0.027317245,4604,False
0b_baseline_last,file,19,8730,149,148,120,119,0.13487579,0.87382442,0.045972675,0.82785174,149,True,19.27083,0.1073424,10665,False
0b_baseline_last,file,19,6794,117,116,121,120,0.012142548,0.98793089,0.0020352721,0.98589562,117,True,2.5456767,0.022265221,8730,False
0b_baseline_last,file,19,11456,195,194,199,198,0.0046330485,0.99537766,0.0015694135,0.99380825,195,True,0.89721443,-0.1374285,6794,False
0b_baseline_last,file,19,10255,175,174,157,156,0.0084938454,0.9915421,0.0042831777,0.98725892,175,True,1.6691287,-0.07301781,11456,False
0b_baseline_last,file,19,10426,177,176,182,181,0.0010974343,0.99890316,0.00039484366,0.99850831,177,True,0.18715236,-0.0051945275,10255,False
0b_baseline_last,file,19,7265,124,123,126,125,0.040955499,0.95987183,0.027889263,0.93198257,124,True,6.4712349,0.044149623,10426,False
0b_baseline_last,file,19,10209,174,173,195,194,0.047101825,0.95399028,0.01504049,0.93894979,174,True,10.925284,-0.052529834,7265,False
0b_baseline_last,file,19,7740,132,131,133,132,0.27699625,0.75805736,0.029841365,0.72821599,132,True,44.403426,-0.0320924,10209,False
0b_baseline_last,file,19,1974,35,34,140,139,0.065079786,0.9369927,0.015528648,0.92146406,35,True,12.198858,-0.073940672,7740,False
0b_baseline_last,file,19,10503,179,178,173,172,2.2668893,0.10363404,0.50228041,-0.39864637,173,False,156.42106,-0.00070129393,1974,False
0b_baseline_last,file,19,8679,148,147,166,165,0.0029292079,0.99707508,0.00093408063,0.996141,148,True,0.57599908,-0.025022451,10503,False
0b_baseline_last,file,19,5721,98,97,16,15,4.8789415,0.0076050581,0.25291666,-0.24531161,16,False,114.59038,-0.059217342,8679,False
0b_baseline_last,file,19,545,11,10,9,8,0.12579793,0.88179302,0.031601366,0.85019166,11,True,18.457349,-0.081595461,5721,False
0b_baseline_last,file,19,8129,139,138,42,41,0.0021458473,0.99785644,0.00071104517,0.99714539,139,True,0.261228,0.13664344,545,False
0b_baseline_last,file,19,2176,39,38,37,36,1.7879808,0.16729762,0.24674249,-0.07944487,37,False,149.35386,-0.0072769391,8129,False
0b_baseline_last,file,19,1034,19,18,155,154,0.0007815882,0.9992187,0.0001363988,0.9990823,19,True,0.1098686,-0.039390665,2176,False
0b_baseline_last,file,19,4167,72,71,92,91,0.37568548,0.6868183,0.077131853,0.60968645,72,True,56.83552,0.034066891,1034,False
0b_baseline_last,file,19,5465,94,93,112,111,0.082040928,0.92123425,0.04065593,0.88057832,94,True,15.090301,0.012075077,4167,False
0b_baseline_last,file,19,6768,116,115,130,129,0.16168237,0.85071141,0.080546133,0.77016527,116,True,28.051449,0.044649126,5465,False
0b_baseline_last,file,19,984,18,17,67,66,0.022557802,0.97769475,0.0046861921,0.97300856,18,True,4.4561714,0.10448605,6768,False
0b_baseline_last,file,19,10060,171,170,162,161,0.39768976,0.67187041,0.084890597,0.58697981,171,True,53.259218,-0.014093101,984,False
0b_baseline_last,file,19,8280,141,140,144,143,2.3710747,0.09338031,0.51345134,-0.42007103,144,False,132.45778,0.018827245,10060,False
0b_baseline_last,file,19,7704,132,131,119,118,3.5666268,0.028250992,0.57243067,-0.54417968,119,False,164.28452,-0.024366053,8280,False
0b_baseline_last,file,19,2932,51,50,50,49,0.038905755,0.96184134,0.031097556,0.93074379,51,True,7.8919614,-0.014306413,7704,False
0b_baseline_last,file,19,9308,159,158,114,113,0.0043922621,0.99561739,0.00087391847,0.99474347,159,True,0.80495883,0.026323805,2932,False
0b_baseline_last,file,19,3289,57,56,80,79,0.15948996,0.85257852,0.014559916,0.8380186,57,True,25.626201,0.037575219,9308,False
0b_baseline_last,file,19,3205,56,55,34,33,0.055604015,0.94591361,0.014540425,0.93137319,56,True,8.5750284,0.040413083,3289,False
0b_baseline_last,file,19,9290,158,157,137,136,0.0057378584,0.99427855,0.0015660825,0.99271247,158,True,0.85116492,0.22453737,3205,False
0b_baseline_last,file,19,9869,168,167,200,199,0.26102352,0.77026284,0.063295737,0.7069671,168,True,39.156651,0.0047079973,9290,False
0b_baseline_last,file,19,4485,77,76,103,102,0.0025909923,0.99741238,0.0010068935,0.99640549,77,True,0.37299071,-0.022895578,9869,False
0b_baseline_last,file,19,8564,146,145,147,146,0.61841935,0.53879541,0.31668219,0.22211322,146,True,68.791989,0.035174786,4485,False
0b_baseline_last,file,19,8881,152,151,172,171,0.0032947564,0.99671066,0.002020543,0.99469012,152,True,0.7083266,0.083388357,8564,False
0b_baseline_last,file,19,1058,20,19,170,169,0.5388099,0.58344221,0.23287429,0.35056792,20,True,78.928262,0.17362471,8881,False
0b_baseline_last,file,19,929,17,16,137,136,0.34268293,0.70986325,0.040888831,0.66897441,17,True,40.710937,0.032731831,1058,False
0b_baseline_last,file,19,10633,181,180,184,183,0.72432381,0.48465216,0.17029765,0.31435451,181,True,78.931265,0.11051404,929,False
0b_baseline_last,file,19,6757,116,115,130,129,0.81152344,0.44418088,0.41909245,0.025088429,116,True,123.16265,-0.029998488,10633,False
0b_baseline_last,file,19,3123,54,53,14,13,0.0055064666,0.99450868,0.0026789131,0.99182977,54,True,1.014174,0.047916852,6757,False
0b_baseline_last,file,19,6283,108,107,23,22,0.034912538,0.9656899,0.024065534,0.94162436,108,True,8.3829952,-0.034534124,3123,False
0b_baseline_last,file,19,3114,54,53,14,13,0.0025915867,0.99741179,0.0008397515,0.99657204,54,True,0.42498068,0.0097397018,6283,False
0b_baseline_last,file,19,11057,188,187,187,186,0.023577681,0.9766981,0.013095702,0.9636024,188,True,4.5849951,-0.064626696,3114,False
0b_baseline_last,file,19,1103,20,19,200,199,0.057738233,0.94389701,0.027624952,0.91627206,20,True,6.7500905,-0.010893848,11057,False
0b_baseline_last,file,19,9607,164,163,165,164,0.0047781575,0.99523324,0.0013379791,0.99389526,164,True,0.80755241,0.026441024,1103,False
0b_baseline_last,file,19,1186,22,21,105,104,0.028816044,0.97159517,0.011259442,0.96033573,22,True,4.8961026,-0.050400784,9607,False
0b_baseline_last,file,19,7585,130,129,31,30,3.8780284,0.020691581,0.14478305,-0.12409147,31,False,141.72464,-0.12546917,1186,False
0b_baseline_last,file,19,1286,23,22,58,57,2.6135242,0.073275842,0.1782106,-0.10493476,58,False,124.87671,-0.11039078,7585,False
0b_baseline_last,file,19,4426,76,75,160,159,0.17890938,0.8361817,0.050918274,0.78526343,76,True,29.49332,0.046637949,1286,False
0b_baseline_last,file,19,3621,63,62,71,70,0.41591865,0.65973395,0.031611256,0.62812269,63,True,68.978259,-0.086831916,4426,False
0b_baseline_last,file,19,3866,67,66,35,34,0.0079916017,0.99204022,0.0014728131,0.9905674,67,True,1.3669116,-0.050770538,3621,False
0b_baseline_last,file,19,9639,164,163,179,178,3.3862696,0.033834662,0.17670734,-0.14287268,179,False,152.83757,-0.04390634,3866,False
0b_baseline_last,file,19,8083,138,137,111,110,0.021792358,0.97844338,0.01052445,0.96791893,138,True,3.121235,0.12189077,9639,False
0b_baseline_last,file,19,1436,26,25,108,107,3.5644319,0.028313065,0.25893185,-0.23061878,108,False,207.45239,0.010519916,8083,False
0b_baseline_last,file,19,5050,87,86,137,136,1.5150405,0.21979928,0.057789247,0.16201003,87,True,91.652217,-0.024583624,1436,False
0b_baseline_last,file,19,6935,119,118,118,117,2.2556729,0.104803,0.14200146,-0.037198462,118,False,116.5257,0.0072084178,5050,False
0b_baseline_last,file,19,11423,194,193,195,194,0.010434359,0.98961991,0.0065582772,0.98306163,194,True,2.4535997,-0.17506906,6935,False
0b_baseline_last,file,19,11347,193,192,195,194,0.024896562,0.97541082,0.011091405,0.96431941,193,True,3.9322487,0.15766727,11423,False
0b_baseline_last,file,19,10212,174,173,173,172,0.21000497,0.81058019,0.071133412,0.73944678,174,True,33.375987,0.0079764032,11347,False
0b_baseline_last,file,19,6587,113,112,123,122,0.0030196568,0.9969849,0.0023142553,0.99467064,113,True,0.53860762,-0.025680523,10212,False
0b_baseline_last,file,19,6137,105,104,22,21,0.49620593,0.60883623,0.31716135,0.29167488,105,True,117.1919,0.14160854,6587,False
0b_baseline_last,file,19,11074,189,188,36,35,0.00026651646,0.99973351,2.8043924e-05,0.99970546,189,True,0.040295509,0.094866623,6137,False
0b_baseline_last,file,19,7561,129,128,131,130,0.0090889288,0.99095225,0.0074284817,0.98352377,129,True,2.5369903,0.05357794,11074,False
0b_baseline_last,file,19,5796,99,98,125,124,0.095563002,0.9088611,0.015154655,0.89370645,99,True,13.283417,0.1312192,7561,False
0b_baseline_last,file,19,2455,43,42,102,101,3.2251594,0.039749447,0.40990752,-0.37015807,102,False,221.09928,-0.23448905,5796,False
0b_baseline_last,file,19,10437,178,177,69,68,1.1801915,0.30721986,0.15421905,0.15300082,178,True,187.03839,-0.062670471,2455,False
0b_baseline_last,file,19,5857,100,99,23,22,0.12083374,0.88618129,0.037655663,0.84852563,100,True,17.520954,-0.10662824,10437,False
0b_baseline_last,file,19,3092,54,53,14,13,0.038182557,0.96253723,0.0319511,0.93058613,54,True,7.3906166,0.036924741,5857,False
0b_baseline_last,file,19,275,5,4,89,88,5.2674799,0.0051565897,0.42801869,-0.4228621,89,False,138.66733,0.015032955,3092,False
0b_baseline_last,file,19,823,15,14,14,13,0.0081705134,0.99186277,0.00068430981,0.99117846,15,True,1.1400007,-0.059214698,275,False
0b_baseline_last,file,19,10795,184,183,183,182,0.31341502,0.73094648,0.10160501,0.62934148,184,True,39.286374,0.054887721,823,False
0b_baseline_last,file,19,7766,133,132,132,131,0.22399177,0.79932171,0.053524166,0.74579754,133,True,43.022546,0.044247353,10795,False
0b_baseline_last,file,19,744,14,13,54,53,1.6102276,0.19984213,0.58383358,-0.38399145,54,False,186.62426,0.12259565,7766,False
0b_baseline_last,file,19,11685,199,198,196,195,0.012395487,0.98768103,0.0063787992,0.98130223,199,True,2.4457221,-0.075853768,744,False
0b_baseline_last,file,19,10734,183,182,184,183,0.016406279,0.98372757,0.014770056,0.96895752,183,True,3.2197373,0.27328364,11685,False
0b_baseline_last,file,19,3690,64,63,62,61,0.0076815928,0.99234784,0.005277758,0.98707008,64,True,1.4760874,0.13899357,10734,False
0b_baseline_last,file,19,9269,158,157,165,164,0.0025446198,0.99745864,0.0004788214,0.99697982,158,True,0.43184403,-0.11745478,3690,False
0b_baseline_last,file,19,5852,100,99,23,22,0.04380019,0.95714521,0.0096569406,0.94748827,100,True,8.0327952,-0.0016948679,9269,False
0b_baseline_last,file,19,2966,52,51,50,49,0.0093830312,0.99066085,0.0035125341,0.98714831,52,True,1.5090884,-0.0063957903,5852,False
0b_baseline_last,file,19,2953,52,51,50,49,0.041790228,0.95907092,0.028648669,0.93042225,52,True,6.6324214,0.53269913,2966,True
0b_baseline_last,file,19,6638,114,113,85,84,0.0083750468,0.99165994,0.0031285682,0.98853137,114,True,1.3747571,0.067424378,2953,False
0b_baseline_last,file,19,8966,153,152,179,178,0.27386329,0.76043606,0.072385363,0.68805069,153,True,42.271886,-0.17109755,6638,False
0b_baseline_last,file,19,5646,97,96,30,29,0.053068399,0.94831514,0.012744136,0.93557101,97,True,10.580956,-0.0078724897,8966,False
0b_baseline_last,file,19,2734,48,47,191,190,0.0004634975,0.99953663,5.1485647e-05,0.99948515,48,True,0.071073104,-0.060947797,5646,False
0b_baseline_last,file,19,3949,68,67,69,68,0.10026309,0.90459937,0.057104226,0.84749514,68,True,14.370679,0.00029552424,2734,False
0b_baseline_last,file,19,8324,142,141,30,29,1.9794782,0.1381413,0.52038395,-0.38224265,30,False,163.75952,0.034783982,3949,False
0b_baseline_last,file,19,8209,140,139,139,138,0.0013761583,0.9986248,0.00093481177,0.99768999,140,True,0.18787529,-0.066629753,8324,False
0b_baseline_last,file,19,11708,199,198,11,10,4.3195186,0.013306287,0.22677484,-0.21346855,11,False,129.05596,0.086057918,8209,False
0b_baseline_last,file,19,515,10,9,109,108,0.016154937,0.98397487,0.0024422151,0.98153266,10,True,1.8220948,0.0013756969,11708,False
0b_baseline_last,file,19,3542,61,60,26,25,0.031882968,0.96861994,0.0051347902,0.96348515,61,True,5.2244345,-0.037791059,515,False
0b_baseline_last,file,19,11652,198,197,104,103,0.081113949,0.92208862,0.042639852,0.87944877,198,True,15.705873,-0.040019555,3542,False
0b_baseline_last,file,19,4289,74,73,72,71,4.0595541,0.017256711,0.1786814,-0.16142469,72,False,176.92166,0.070054741,11652,False
0b_baseline_last,file,19,4332,75,74,168,167,0.030213401,0.97023845,0.0088942423,0.9613442,75,True,4.7035122,-0.0016872089,4289,False
0b_baseline_last,file,19,4183,72,71,23,22,0.070970789,0.93148911,0.017462147,0.91402696,72,True,12.796418,0.10107986,4332,False
0b_baseline_last,file,19,5357,92,91,105,104,2.2673018,0.1035913,0.89439237,-0.79080107,105,False,231.91276,0.077558094,4183,False
0b_baseline_last,file,19,10491,179,178,154,153,0.19798948,0.82037848,0.032170493,0.78820799,179,True,30.780357,0.11677746,5357,False
0b_baseline_last,file,19,1357,25,24,72,71,3.731384,0.023959653,0.62662923,-0.60266958,72,False,246.04018,-0.13373085,10491,False
0b_baseline_last,file,19,9675,165,164,158,157,0.046280172,0.95477444,0.014581296,0.94019314,165,True,7.1705618,-0.079582537,1357,False
0b_baseline_last,file,19,570,11,10,9,8,2.2385321,0.10661489,0.87682587,-0.77021098,9,False,214.75168,0.064819257,9675,False
0b_baseline_last,file,19,862,16,15,14,13,0.0010966008,0.99890399,0.00029694731,0.99860704,16,True,0.15508446,-0.017374442,570,False
0b_baseline_last,file,19,8466,145,144,143,142,0.18501319,0.83109331,0.15109892,0.67999439,145,True,26.683979,-0.05012989,862,False
0b_baseline_last,file,19,2787,49,48,9,8,0.74497467,0.47474632,0.17360778,0.30113854,49,True,68.529794,0.030911192,8466,False
0b_baseline_last,file,19,2661,47,46,55,54,0.0077897105,0.99224055,0.0024338148,0.98980673,47,True,1.2395955,-0.016976468,2787,False
0b_baseline_last,file,19,10932,186,185,111,110,2.8505764,0.057810996,0.44425568,-0.38644468,111,False,255.48607,0.005787518,2661,False
0b_baseline_last,file,19,7598,130,129,133,132,3.5397911,0.029019389,0.73391104,-0.70489165,133,False,202.50668,0.0089078092,10932,False
0b_baseline_last,file,19,5609,96,95,95,94,0.011363782,0.98870057,0.0018549806,0.98684559,96,True,1.6810774,0.070845545,7598,False
0b_baseline_last,file,19,7001,120,119,34,33,0.009869704,0.99017882,0.0017983969,0.98838043,120,True,1.4494537,0.002639499,5609,False
0b_baseline_last,file,19,7653,131,130,104,103,0.00063685159,0.99936336,0.00012265118,0.99924071,131,True,0.094736576,0.17749564,7001,False
0b_baseline_last,file,19,9715,166,165,165,164,0.0044550453,0.99555486,0.0011246229,0.99443024,166,True,0.78735041,-0.012171567,7653,False
0b_baseline_last,file,19,7616,130,129,133,132,4.7983351,0.0082434583,0.17999111,-0.17174765,133,False,136.40403,-0.095462275,9715,False
0b_baseline_last,file,19,1905,34,33,56,55,0.0038609975,0.99614644,0.001355303,0.99479114,34,True,0.69114428,-0.13403187,7616,False
0b_baseline_last,file,19,5621,96,95,55,54,0.014310354,0.98579156,0.0052439887,0.98054758,96,True,2.1751162,-0.10408926,1905,False
0b_color_jitter_best,file,15,3891,67,66,69,68,2.2586653,0.10448985,0.76220447,-0.65771462,69,False,161.17515,,-1,False
0b_color_jitter_best,file,15,5405,93,92,198,197,0.0017780937,0.99822348,0.00069822039,0.99752526,93,True,0.22758685,0.022174101,3891,False
0b_color_jitter_best,file,15,920,17,16,42,41,0.0018550821,0.99814665,0.0010801717,0.99706648,17,True,0.2881688,0.010028932,5405,False
0b_color_jitter_best,file,15,5043,87,86,75,74,0.02936779,0.97105926,0.0024110898,0.96864817,87,True,2.781315,0.1159949,920,False
0b_color_jitter_best,file,15,11743,200,199,168,167,0.00063363498,0.99936658,0.00024508135,0.9991215,200,True,0.10852359,0.050373734,5043,False
0b_color_jitter_best,file,15,3563,62,61,65,64,1.7805899,0.1685387,0.4343968,-0.2658581,65,False,132.01889,0.085488648,11743,False
0b_color_jitter_best,file,15,956,18,17,105,104,0.078368306,0.92462385,0.02342408,0.90119977,18,True,18.532189,-0.054549706,3563,False
0b_color_jitter_best,file,15,11179,190,189,187,186,0.026954308,0.97340572,0.017196771,0.95620895,190,True,4.1778397,0.083945892,956,False
0b_color_jitter_best,file,15,4184,72,71,71,70,0.013216627,0.98687035,0.0043081804,0.98256217,72,True,1.9472772,0.070221541,11179,False
0b_color_jitter_best,file,15,881,16,15,134,133,0.051534407,0.94977099,0.0045088455,0.94526214,16,True,6.7977686,0.040082903,4184,False
0b_color_jitter_best,file,15,2199,39,38,38,37,0.24707629,0.78108108,0.11698492,0.66409616,39,True,41.176269,-0.0030290132,881,False
0b_color_jitter_best,file,15,4531,78,77,112,111,0.029118761,0.97130108,0.0086897556,0.96261132,78,True,4.0099311,-0.024045439,2199,False
0b_color_jitter_best,file,15,782,15,14,16,15,0.015700301,0.98442233,0.0084966887,0.97592564,15,True,2.3196477,-0.00094214198,4531,False
0b_color_jitter_best,file,15,3068,53,52,51,50,0.48026305,0.61862063,0.31965232,0.29896832,53,True,63.583014,-0.069796956,782,False
0b_color_jitter_best,file,15,1464,27,26,131,130,4.9705515,0.006939318,0.11314306,-0.10620375,131,False,114.44086,-0.03383428,3068,False
0b_color_jitter_best,file,15,11718,199,198,129,128,6.1464682,0.0021410303,0.19551091,-0.19336988,129,False,124.6776,-0.041364356,1464,False
0b_color_jitter_best,file,15,736,14,13,54,53,3.4120817,0.032972496,0.9206419,-0.8876694,54,False,197.53501,-0.068026254,11718,False
0b_color_jitter_best,file,15,10670,182,181,172,171,3.5421047,0.028952323,0.27791879,-0.24896646,172,False,158.91266,0.13190333,736,False
0b_color_jitter_best,file,15,7916,135,134,69,68,0.42012697,0.65696341,0.051444761,0.60551865,135,True,64.201411,-0.22775691,10670,False
0b_color_jitter_best,file,15,8376,143,142,137,136,4.2035065,0.014943086,0.21441606,-0.19947297,137,False,97.858561,0.11520113,7916,False
0b_color_jitter_best,file,15,4061,70,69,67,66,0.00059598801,0.99940419,0.00018543718,0.99921875,70,True,0.07755721,0.039198908,8376,False
0b_color_jitter_best,file,15,6612,113,112,115,114,0.058702074,0.94298768,0.051187564,0.89180012,113,True,14.69005,-0.12440435,4061,False
0b_color_jitter_best,file,15,6151,106,105,58,57,0.57526255,0.56255716,0.21304639,0.34951077,106,True,67.155905,0.04734357,6612,False
0b_color_jitter_best,file,15,4937,85,84,132,131,0.0041577094,0.99585092,0.0019358878,0.99391503,85,True,0.61921165,-0.025145992,6151,False
0b_color_jitter_best,file,15,6726,115,114,198,197,0.16154799,0.85082573,0.037368596,0.81345713,115,True,29.049223,-0.040201942,4937,False
0b_color_jitter_best,file,15,8770,150,149,120,119,0.011569076,0.98849761,0.0016946846,0.98680293,150,True,2.165342,-0.0019160999,6726,False
0b_color_jitter_best,file,15,4112,71,70,61,60,2.9220433,0.053823587,0.66213524,-0.60831166,61,False,138.84089,0.056363024,8770,False
0b_color_jitter_best,file,15,6465,111,110,78,77,0.95002723,0.38673049,0.25396386,0.13276663,111,True,91.479881,0.080443609,4112,False
0b_color_jitter_best,file,15,2001,36,35,189,188,0.19731219,0.8209343,0.12793729,0.69299701,36,True,32.991532,0.13391794,6465,False
0b_color_jitter_best,file,15,7827,134,133,73,72,0.014008294,0.98608935,0.0031105636,0.98297879,134,True,1.8200127,0.050935192,2001,False
0b_color_jitter_best,file,15,11579,197,196,121,120,2.4468751,0.086563669,0.53148925,-0.44492558,121,False,151.7719,-0.083081904,7827,False
0b_color_jitter_best,file,15,7688,132,131,159,158,2.3668778,0.093773037,0.46034551,-0.36657247,159,False,165.58543,0.14411308,11579,False
0b_color_jitter_best,file,15,6623,114,113,118,117,0.0045720567,0.9954384,0.0016172922,0.9938211,114,True,0.9450805,-0.086346792,7688,False
0b_color_jitter_best,file,15,2550,45,44,72,71,3.2976923,0.036968373,0.43439886,-0.39743049,72,False,245.28254,-0.048618584,6623,False
0b_color_jitter_best,file,15,6381,109,108,171,170,0.088321634,0.91546637,0.0084892577,0.90697711,109,True,10.857716,-0.079784087,2550,False
0b_color_jitter_best,file,15,10708,182,181,175,174,0.53574836,0.58523118,0.30382821,0.28140298,182,True,73.947501,0.11567978,6381,False
0b_color_jitter_best,file,15,479,9,8,26,25,0.044599831,0.95638013,0.020495843,0.93588429,9,True,7.0732577,-0.13988716,10708,False
0b_color_jitter_best,file,15,4952,85,84,114,113,0.19256841,0.82483792,0.040222254,0.78461567,85,True,27.883465,-0.045477738,479,False
0b_color_jitter_best,file,15,10656,181,180,195,194,0.19353883,0.82403785,0.024429107,0.79960874,181,True,26.563515,0.077263959,4952,False
0b_color_jitter_best,file,15,3630,63,62,60,59,0.0024443767,0.99755859,0.00055905181,0.99699954,63,True,0.38433985,0.021788599,10656,False
0b_color_jitter_best,file,15,10772,183,182,99,98,0.041558683,0.95929307,0.015546735,0.94374633,183,True,6.5735999,0.050266017,3630,False
0b_color_jitter_best,file,15,4129,71,70,72,71,2.7476895,0.064075731,0.51723439,-0.45315865,72,False,132.00297,-0.019220625,10772,False
0b_color_jitter_best,file,15,11036,188,187,191,190,0.020847481,0.97936833,0.016870219,0.96249811,188,True,3.175429,-0.027054948,4129,False
0b_color_jitter_best,file,15,5450,94,93,112,111,0.027213158,0.97315377,0.0030220211,0.97013175,94,True,4.6365143,-0.11984504,11036,False
0b_color_jitter_best,file,15,4776,82,81,80,79,0.79713726,0.4506171,0.43141413,0.019202977,82,True,79.285212,-0.026948819,5450,False
0b_color_jitter_best,file,15,6166,106,105,151,150,0.088489242,0.91531295,0.005911753,0.90940119,106,True,13.001491,-0.14823657,4776,False
0b_color_jitter_best,file,15,6776,116,115,117,116,3.3158813,0.036302049,0.22945623,-0.19315418,117,False,161.0792,-0.0049985527,6166,False
0b_color_jitter_best,file,15,5910,101,100,143,142,0.0031515714,0.99685341,0.00089051266,0.9959629,101,True,0.44682443,-0.03318646,6776,False
0b_color_jitter_best,file,15,2998,52,51,155,154,0.0024490147,0.997554,0.00033726543,0.99721674,52,True,0.39406707,0.0099815328,5910,False
0b_color_jitter_best,file,15,3365,58,57,106,105,0.0087810326,0.99125743,0.0019656192,0.98929181,58,True,1.4203041,-0.10188063,2998,False
0b_color_jitter_best,file,15,10968,187,186,190,189,0.76632959,0.46471563,0.41078463,0.053930998,187,True,119.36191,0.069931816,3365,False
0b_color_jitter_best,file,15,10980,187,186,192,191,0.022263821,0.97798216,0.010138446,0.96784372,187,True,4.6185806,0.41244424,10968,True
0b_color_jitter_best,file,15,9585,163,162,174,173,0.74443686,0.47500169,0.18663728,0.28836441,163,True,70.277427,0.038066605,10980,False
0b_color_jitter_best,file,15,5511,95,94,47,46,4.4226131,0.012002829,0.15670294,-0.14470011,47,False,136.88615,0.067990259,9585,False
0b_color_jitter_best,file,15,1671,30,29,29,28,1.748795,0.17398348,0.47782212,-0.30383864,29,False,172.287,-0.1067233,5511,False
0b_color_jitter_best,file,15,3774,65,64,66,65,0.044254549,0.9567104,0.025464261,0.93124614,65,True,5.9010261,0.077399843,1671,False
0b_color_jitter_best,file,15,10791,184,183,183,182,4.0947194,0.01666042,0.72447217,-0.70781174,183,False,221.4221,-0.051285446,3774,False
0b_color_jitter_best,file,15,269,5,4,8,7,0.13448249,0.87416822,0.09825556,0.77591266,5,True,33.770328,-0.16433066,10791,False
0b_color_jitter_best,file,15,4032,70,69,67,66,0.0015707785,0.99843043,0.0010866604,0.99734377,70,True,0.25200461,0.049693582,269,False
0b_color_jitter_best,file,15,5581,96,95,139,138,2.4872594,0.083137505,0.35786277,-0.27472527,139,False,164.33373,-0.022010739,4032,False
0b_color_jitter_best,file,15,9536,163,162,175,174,0.20739965,0.81269479,0.029974746,0.78272004,163,True,30.086626,0.20210985,5581,False
0b_color_jitter_best,file,15,2615,46,45,87,86,0.049324032,0.95187265,0.026233215,0.92563943,46,True,9.3408961,-0.044236587,9536,False
0b_color_jitter_best,file,15,2793,49,48,69,68,1.4883174,0.22575219,0.11160713,0.11414506,49,True,132.43506,-0.049664246,2615,False
0b_color_jitter_best,file,15,8764,150,149,194,193,0.046108633,0.95493823,0.016912298,0.93802593,150,True,6.506823,0.10134576,2793,False
0b_color_jitter_best,file,15,2169,38,37,39,38,1.9346712,0.14447176,0.33595747,-0.1914857,39,False,124.73887,-0.022057805,8764,False
0b_color_jitter_best,file,15,2664,47,46,55,54,0.017723637,0.98243248,0.0035638653,0.97886862,47,True,2.6962915,-0.096143421,2169,False
0b_color_jitter_best,file,15,6240,107,106,30,29,0.80418921,0.44745055,0.32870877,0.11874178,107,True,102.56401,-0.026317445,2664,False
0b_color_jitter_best,file,15,10156,173,172,199,198,2.8371367,0.058593195,0.88290608,-0.82431288,199,False,285.04214,0.036386063,6240,False
0b_color_jitter_best,file,15,9794,167,166,176,175,0.0061271447,0.9938916,0.0012060791,0.99268552,167,True,0.91772943,0.095069088,10156,False
0b_color_jitter_best,file,15,9937,169,168,172,171,2.6925728,0.067706518,0.55064017,-0.48293365,172,False,136.84346,0.056835393,9794,False
0b_color_jitter_best,file,15,9237,158,157,165,164,0.92652571,0.39592689,0.55435622,-0.15842932,165,False,110.90538,-0.10159681,9937,False
0b_color_jitter_best,file,15,8240,141,140,146,145,0.061902512,0.93997455,0.040156707,0.89981784,141,True,8.5991149,0.14064379,9237,False
0b_color_jitter_best,file,15,2115,38,37,39,38,2.3021803,0.10004048,0.6085695,-0.50852902,39,False,213.54259,-0.089965483,8240,False
0b_color_jitter_best,file,15,2563,45,44,65,64,1.0089693,0.36459455,0.18239348,0.18220107,45,True,119.81631,0.0046298235,2115,False
0b_color_jitter_best,file,15,2526,44,43,72,71,2.7351005,0.064887494,0.41163376,-0.34674627,72,False,167.89726,-0.24701754,2563,False
0b_color_jitter_best,file,15,6959,119,118,43,42,0.6791091,0.50706857,0.2408281,0.26624048,119,True,98.927771,-0.030061704,2526,False
0b_color_jitter_best,file,15,10368,177,176,140,139,0.0078687211,0.99216217,0.001310326,0.99085184,177,True,1.1475107,-0.03468663,6959,False
0b_color_jitter_best,file,15,6810,117,116,115,114,0.021847527,0.97838938,0.015431397,0.96295799,117,True,3.1368816,-0.022398734,10368,False
0b_color_jitter_best,file,15,1601,29,28,107,106,0.28557363,0.75158298,0.12416679,0.62741619,29,True,35.019169,0.003083699,6810,False
0b_color_jitter_best,file,15,10767,183,182,184,183,0.53456384,0.5859248,0.20792262,0.37800218,183,True,56.083953,-0.034458153,1601,False
0b_color_jitter_best,file,15,138,3,2,1,0,0.10395452,0.90126628,0.026426835,0.87483944,3,True,17.889175,0.041438447,10767,False
0b_color_jitter_best,file,15,11555,197,196,193,192,0.16969152,0.84392512,0.07052926,0.77339586,197,True,28.121723,-0.11914316,138,False
0b_color_jitter_best,file,15,5018,86,85,52,51,0.0029016319,0.99710256,0.0003335716,0.99676899,86,True,0.37658176,0.023161571,11555,False
0b_color_jitter_best,file,15,10036,171,170,10,9,1.0128238,0.36319193,0.14265643,0.2205355,171,True,90.633431,-0.078892906,5018,False
0b_color_jitter_best,file,15,6388,110,109,100,99,0.0036940211,0.9963128,0.0012423298,0.99507047,110,True,0.48441228,0.089997443,10036,False
0b_color_jitter_best,file,15,5211,90,89,25,24,0.00096679665,0.99903369,0.00028162068,0.99875207,90,True,0.14510895,-0.0077008929,6388,False
0b_color_jitter_best,file,15,7367,126,125,128,127,6.8112497,0.0011013156,0.99451137,-0.99341005,128,False,185.19588,-0.036133389,5211,False
0b_color_jitter_best,file,15,290,6,5,40,39,0.014665306,0.98544168,0.0032999238,0.98214176,6,True,2.1651407,-0.039346015,7367,False
0b_color_jitter_best,file,15,8666,148,147,114,113,0.068888582,0.93343067,0.01365914,0.91977153,148,True,9.6999896,-0.030521445,290,False
0b_color_jitter_best,file,15,5144,88,87,121,120,2.9125097,0.054339185,0.39473855,-0.34039937,121,False,153.64342,0.022516954,8666,False
0b_color_jitter_best,file,15,3275,57,56,137,136,5.3136253,0.0049240435,0.89217484,-0.8872508,137,False,259.91,0.0076607119,5144,False
0b_color_jitter_best,file,15,113,2,1,45,44,0.052576408,0.94878185,0.026047949,0.9227339,2,True,9.7652965,0.11896221,3275,False
0b_color_jitter_best,file,15,3819,66,65,62,61,0.21672662,0.80515003,0.135029,0.67012103,66,True,26.053915,-0.0069414743,113,False
0b_color_jitter_best,file,15,9415,161,160,188,187,2.4635592,0.085131414,0.16119801,-0.076066591,188,False,205.47285,0.078433765,3819,False
0b_color_jitter_best,file,15,1298,24,23,25,24,0.10423372,0.90101469,0.088993341,0.81202134,24,True,17.34375,-0.047316779,9415,False
0b_color_jitter_best,file,15,5560,95,94,96,95,0.0024875433,0.99751556,0.0012168102,0.99629875,95,True,0.32391067,0.058190234,1298,False
0b_color_jitter_best,file,15,10914,186,185,185,184,0.030575009,0.96988767,0.028824419,0.94106326,186,True,4.7516962,0.053658485,5560,False
0b_color_jitter_best,file,15,4238,73,72,164,163,1.21667,0.29621491,0.29430357,0.0019113421,73,True,98.203607,-0.17572771,10914,False
0b_color_jitter_best,file,15,4661,80,79,82,81,0.011550104,0.98851633,0.0086968699,0.97981946,80,True,1.5746825,-0.10347195,4238,False
0b_color_jitter_best,file,15,2841,50,49,51,50,0.14843796,0.86205351,0.12208499,0.73996852,50,True,25.871464,-0.031486996,4661,False
0b_color_jitter_best,file,15,6566,113,112,127,126,3.6310558,0.026488205,0.36572018,-0.33923198,127,False,169.31351,0.15302502,2841,False
0b_color_jitter_best,file,15,10350,176,175,182,181,0.85762405,0.42416871,0.22442921,0.1997395,176,True,81.641267,0.11797997,6566,False
0b_color_jitter_best,file,15,7555,129,128,22,21,4.506783,0.0110339,0.32832715,-0.31729325,22,False,132.74636,-0.073594038,10350,False
0b_color_jitter_best,file,15,1074,20,19,200,199,0.0031188915,0.99688596,0.0010151067,0.99587085,20,True,0.3608415,0.031635536,7555,False
0b_color_jitter_best,file,15,7464,128,127,126,125,0.0001386308,0.99986136,5.6123892e-05,0.99980524,128,True,0.017103865,0.054435484,1074,False
0b_color_jitter_best,file,15,8913,152,151,179,178,0.2058765,0.81393361,0.045239668,0.76869394,152,True,37.436433,0.041767442,7464,False
0b_color_jitter_best,file,15,3196,56,55,35,34,0.0011559002,0.99884474,0.00092665287,0.99791809,56,True,0.21595245,-0.010064897,8913,False
0b_color_jitter_best,file,15,8123,139,138,191,190,0.041890606,0.95897466,0.01623548,0.94273918,139,True,5.6611701,0.1207651,3196,False
0b_color_jitter_best,file,15,7080,121,120,119,118,0.0038658662,0.99614161,0.0014586728,0.99468294,121,True,0.54802924,-0.008095166,8123,False
0b_color_jitter_best,file,15,3435,60,59,61,60,5.4239421,0.0044097281,0.41592202,-0.41151229,61,False,115.66834,0.0082434796,7080,False
0b_color_jitter_best,file,15,6277,108,107,107,106,2.2821746,0.10206203,0.82465303,-0.722591,107,False,146.67496,-0.10723384,3435,False
0b_color_jitter_best,file,15,6248,107,106,29,28,0.47282499,0.62323916,0.11192231,0.51131685,107,True,50.531326,-0.27569939,6277,False
0b_color_jitter_best,file,15,1241,23,22,100,99,0.91553974,0.40030053,0.078175686,0.32212485,23,True,78.357283,0.1034296,6248,False
0b_color_jitter_best,file,15,11303,192,191,190,189,3.0077,0.049405176,0.078796647,-0.029391471,190,False,187.91413,-0.079791324,1241,False
0b_color_jitter_best,file,15,6956,119,118,130,129,0.0014811509,0.99851996,0.00079339917,0.99772656,119,True,0.2239447,0.10674583,11303,False
0b_color_jitter_best,file,15,9150,156,155,165,164,0.00038223114,0.99961782,8.2791594e-05,0.99953502,156,True,0.059897742,0.1048733,6956,False
0b_color_jitter_best,file,15,1514,27,26,30,29,0.16228235,0.85020113,0.082597829,0.7676033,27,True,22.272667,-0.082272782,9150,False
0b_color_jitter_best,file,15,1639,29,28,107,106,0.58645803,0.5562942,0.354669,0.2016252,29,True,77.199909,0.049453167,1514,False
0b_color_jitter_best,file,15,1375,25,24,23,22,0.054949444,0.94653302,0.029596029,0.916937,25,True,5.683659,0.026147571,1639,False
0b_color_jitter_best,file,15,4127,71,70,72,71,0.27760124,0.75759888,0.14464937,0.61294951,71,True,45.233819,-0.12938044,1375,False
0b_color_jitter_best,file,15,6533,112,111,111,110,0.79100281,0.45338988,0.2460098,0.20738009,112,True,78.132211,0.014116335,4127,False
0b_color_jitter_best,file,15,7844,134,133,26,25,0.012549245,0.98752916,0.0086304601,0.9788987,134,True,2.0169983,0.11571635,6533,False
0b_color_jitter_best,file,15,8500,145,144,143,142,2.5813861,0.07566905,0.34980878,-0.27413973,143,False,133.86143,0.073625712,7844,False
0b_color_jitter_best,file,15,7770,133,132,119,118,4.8103008,0.0081454068,0.7694422,-0.76129679,119,False,223.14168,-0.097583153,8500,False
0b_color_jitter_best,file,15,9211,157,156,175,174,0.10518856,0.90015477,0.043907098,0.85624767,157,True,18.350085,-0.1512894,7770,False
0b_color_jitter_best,file,15,2502,44,43,62,61,3.9064264,0.020112244,0.11806812,-0.097955877,62,False,116.56491,-0.046745035,9211,False
0b_color_jitter_best,file,15,8194,140,139,16,15,0.0073355143,0.99269134,0.0016862671,0.99100507,140,True,0.82938358,-0.047018004,2502,False
0b_color_jitter_best,file,15,1426,26,25,27,26,0.47217959,0.62364149,0.355665,0.26797649,26,True,86.040002,0.060162729,8194,False
0b_color_jitter_best,file,15,8057,138,137,79,78,0.28635719,0.75099432,0.10698671,0.64400762,138,True,40.117474,0.044323786,1426,False
0b_color_jitter_best,file,15,1802,32,31,33,32,1.4640057,0.23130788,0.26477268,-0.033464804,33,False,168.56215,0.03919358,8057,False
0b_color_jitter_best,file,15,4599,79,78,80,79,2.1451879,0.11704604,0.7375468,-0.62050076,80,False,123.59276,0.032793104,1802,False
0b_color_jitter_best,file,15,5159,89,88,58,57,0.0028219898,0.99718201,0.00036255017,0.99681946,89,True,0.42777364,0.072557813,4599,False
0b_color_jitter_best,file,15,8734,149,148,150,149,0.057242677,0.94436485,0.022428401,0.92193644,149,True,7.9135677,0.063249123,5159,False
0b_color_jitter_best,file,15,4520,78,77,41,40,1.6372845,0.19450749,0.36802149,-0.17351399,41,False,91.377426,0.0017190909,8734,False
0b_color_jitter_best,file,15,1188,22,21,92,91,3.1267688,0.043859284,0.78289479,-0.73903551,92,False,142.82119,0.0070472235,4520,False
0b_color_jitter_best,file,15,264,5,4,7,6,0.071114913,0.93135488,0.017089488,0.91426539,5,True,9.641391,-0.040186982,1188,False
0b_color_jitter_best,file,15,1749,31,30,33,32,3.5629535,0.028354952,0.86796981,-0.83961486,33,False,223.92113,-0.1431065,264,False
0b_color_jitter_best,file,15,11302,192,191,28,27,0.030484937,0.96997505,0.013127486,0.95684757,192,True,7.8372856,-0.082911921,1749,False
0b_color_jitter_best,file,15,2933,51,50,50,49,0.0098228417,0.99022526,0.0042626518,0.9859626,51,True,1.6521458,0.093608619,11302,False
0b_color_jitter_best,file,15,9650,164,163,159,158,0.074936002,0.92780286,0.04524561,0.88255725,164,True,14.993745,0.01899098,2933,False
0b_color_jitter_best,file,15,10149,173,172,170,169,6.0056639,0.0024647524,0.31056589,-0.30810114,170,False,124.33892,-0.082291049,9650,False
0b_color_jitter_best,file,15,2467,43,42,119,118,1.0866671,0.33733892,0.34248564,-0.0051467121,119,False,156.22464,-0.15037872,10149,False
0b_color_jitter_best,file,15,6135,105,104,22,21,0.029847613,0.97059345,0.022090122,0.94850333,105,True,5.890502,0.0067129372,2467,False
0b_color_jitter_best,file,15,1581,28,27,190,189,0.060016219,0.94174927,0.019793598,0.92195568,28,True,10.944788,0.11383881,6135,False
0b_color_jitter_best,file,15,8782,150,149,127,126,0.128227,0.87965369,0.022014314,0.85763938,150,True,19.452419,0.029550052,1581,False
0b_color_jitter_best,file,15,8635,147,146,111,110,0.13485861,0.87383944,0.018214919,0.85562452,147,True,21.282316,-0.083968426,8782,False
0b_color_jitter_best,file,15,566,11,10,9,8,0.037605923,0.96309239,0.015541869,0.94755052,11,True,6.1949552,0.097454177,8635,False
0b_color_jitter_best,file,15,8751,149,148,99,98,0.30395734,0.73789233,0.085631721,0.65226061,149,True,34.726556,-0.01930422,566,False
0b_color_jitter_best,file,15,6529,112,111,173,172,2.2273564,0.10781307,0.1558993,-0.048086233,173,False,211.05813,-0.12297575,8751,False
0b_color_jitter_best,file,15,4639,80,79,67,66,0.098096028,0.90656185,0.045608871,0.86095298,80,True,16.70367,0.014510339,6529,False
0b_color_jitter_best,file,15,10452,178,177,196,195,0.18705827,0.82939541,0.095852628,0.73354279,178,True,36.938239,-0.12667556,4639,False
0b_color_jitter_best,file,15,8335,142,141,141,140,0.005831609,0.99418539,0.00093550794,0.99324988,142,True,0.92988751,-0.16765143,10452,False
0b_color_jitter_best,file,15,1149,21,20,109,108,0.34644747,0.707196,0.27838391,0.42881209,21,True,55.083818,0.064033617,8335,False
0b_color_jitter_best,file,15,4254,73,72,94,93,0.0011817385,0.99881893,0.00029401018,0.99852492,73,True,0.1886589,-0.081767165,1149,False
0b_color_jitter_best,file,15,4526,78,77,103,102,0.19828302,0.82013774,0.098948672,0.72118907,78,True,36.332924,0.081477379,4254,False
0b_color_jitter_best,file,15,4356,75,74,73,72,0.032836974,0.96769631,0.02188761,0.9458087,75,True,5.5900127,-0.093557966,4526,False
0b_color_jitter_best,file,15,2372,42,41,88,87,0.0010549225,0.99894565,0.00039649001,0.99854916,42,True,0.12326176,-0.0011749254,4356,False
0b_color_jitter_best,file,15,9117,156,155,152,151,4.3800373,0.012524892,0.86075264,-0.84822775,152,False,162.12088,-0.02591236,2372,False
0b_color_jitter_best,file,15,6481,111,110,135,134,0.10733593,0.89822388,0.024083413,0.87414046,111,True,17.276545,-0.033594193,9117,False
0b_color_jitter_best,file,15,1855,33,32,32,31,2.1006942,0.12237144,0.4827134,-0.36034197,32,False,137.11157,-0.06682916,6481,False
0b_color_jitter_best,file,15,7482,128,127,126,125,0.027810657,0.97257251,0.013708291,0.95886421,128,True,3.9830044,-0.048804398,1855,False
0b_color_jitter_best,file,15,641,12,11,98,97,3.3327355,0.035695322,0.15587053,-0.12017521,98,False,136.9824,-0.031635772,7482,False
0b_color_jitter_best,file,15,3930,68,67,78,77,2.1711919,0.11404161,0.68996507,-0.57592346,78,False,162.54578,-0.072105611,641,False
0b_color_jitter_best,file,15,2088,37,36,43,42,3.3608303,0.034706429,0.79507673,-0.7603703,43,False,170.30465,0.078459582,3930,False
0b_color_jitter_best,file,15,3431,60,59,59,58,3.2701602,0.038000345,0.38249257,-0.34449223,59,False,159.59779,0.028392759,2088,False
0b_color_jitter_best,file,15,2718,48,47,132,131,0.019926134,0.9802711,0.0077817929,0.97248931,48,True,2.4358904,0.0020400852,3431,False
0b_color_jitter_best,file,15,415,8,7,5,4,0.029972797,0.97047192,0.011652567,0.95881935,8,True,4.7537559,0.060513452,2718,False
0b_color_jitter_best,file,15,9953,170,169,160,159,0.0030938163,0.99691099,0.0015600646,0.99535092,170,True,0.4600028,0.060815558,415,False
0b_color_jitter_best,file,15,2684,47,46,139,138,0.42664951,0.65269226,0.17305431,0.47963795,47,True,72.084103,-0.047267818,9953,False
0b_color_jitter_best,file,15,4006,69,68,83,82,0.19626686,0.8217929,0.10134497,0.72044794,69,True,29.408722,0.031988202,2684,False
0b_color_jitter_best,file,15,148,3,2,1,0,1.1814955,0.30681953,0.66599947,-0.35917994,1,False,182.11779,-0.16379143,4006,False
0b_color_jitter_best,file,15,1017,19,18,76,75,0.41927031,0.65752643,0.071607128,0.58591931,19,True,52.894623,0.17880634,148,False
0b_color_jitter_best,file,15,671,13,12,10,9,0.096794233,0.9077428,0.037554339,0.87018846,13,True,13.116133,-0.17407051,1017,False
0b_color_jitter_best,file,15,151,3,2,9,8,0.343312,0.70941687,0.249547,0.45986986,3,True,71.921255,-0.072548278,671,False
0b_color_jitter_best,file,15,4617,80,79,82,81,0.8417629,0.43095013,0.21575266,0.21519747,80,True,67.114971,-0.0040360945,151,False
0b_color_jitter_best,file,15,7287,125,124,131,130,5.219923,0.0054077441,0.58815694,-0.58274919,131,False,157.5719,0.016042304,4617,False
0b_color_jitter_best,file,15,9512,162,161,169,168,0.10256211,0.90252209,0.068309598,0.83421249,162,True,17.72855,0.061364274,7287,False
0b_color_jitter_best,file,15,10901,185,184,62,61,2.9526479,0.052201301,0.46110603,-0.40890473,62,False,164.24688,0.097707021,9512,False
0b_color_jitter_best,file,15,3701,64,63,62,61,0.47732884,0.62043846,0.17160816,0.44883029,64,True,63.644777,0.01831018,10901,False
0b_color_jitter_best,file,15,4894,84,83,45,44,0.33884057,0.71259606,0.20954379,0.50305226,84,True,48.10789,-0.088212981,3701,False
0b_color_jitter_best,file,15,7407,127,126,131,130,2.2180839,0.1088174,0.26716083,-0.15834343,131,False,129.36859,0.010863896,4894,False
0b_color_jitter_best,file,15,4422,76,75,39,38,0.29970425,0.74103737,0.11443491,0.62660246,76,True,57.551807,-0.14114906,7407,False
0b_color_jitter_best,file,15,6208,107,106,30,29,2.9485927,0.052413415,0.70028996,-0.64787655,30,False,177.89494,-0.11749481,4422,False
0b_color_jitter_best,file,15,7375,126,125,124,123,0.90407449,0.40491647,0.5557183,-0.15080184,124,False,139.28938,-0.044167443,6208,False
0b_color_jitter_best,file,15,3555,62,61,66,65,0.82025802,0.44031802,0.20433898,0.23597904,62,True,83.50814,-0.016549088,7375,False
0b_color_jitter_best,file,15,9793,167,166,161,160,0.96460664,0.38113308,0.20223199,0.17890109,167,True,71.042121,-0.071278568,3555,False
0b_color_jitter_best,file,15,303,6,5,7,6,0.0018052248,0.99819642,0.001752214,0.99644421,6,True,0.56171368,0.043167585,9793,False
0b_color_jitter_best,file,15,9474,162,161,172,171,0.16322012,0.84940422,0.08568801,0.76371621,162,True,25.021596,0.095007564,303,False
0b_color_jitter_best,file,15,4449,77,76,38,37,0.0095827114,0.99046308,0.0071715037,0.98329157,77,True,1.3153263,0.096161025,9474,False
0b_color_jitter_best,file,15,4363,75,74,16,15,0.046903811,0.95417917,0.009245567,0.9449336,75,True,8.3539229,-0.002012938,4449,False
0b_color_jitter_best,file,15,6394,110,109,100,99,0.012455298,0.98762196,0.0011826133,0.98643935,110,True,1.2384386,0.033527513,4363,False
0b_color_jitter_best,file,15,5235,90,89,25,24,0.0073406026,0.99268627,0.0031205411,0.98956573,90,True,1.2821007,-0.075148525,6394,False
0b_color_jitter_best,file,15,9193,157,156,175,174,0.6407243,0.5269106,0.44090495,0.086005658,157,True,84.183277,-0.13700243,5235,False
0b_color_jitter_best,file,15,3990,69,68,67,66,0.53845042,0.58365196,0.23602393,0.34762803,69,True,76.753097,-0.15334689,9193,False
0b_color_jitter_best,file,15,1790,32,31,106,105,3.3420177,0.035365522,0.17499498,-0.13962945,106,False,134.32843,-0.13331689,3990,False
0b_color_jitter_best,file,15,181,4,3,30,29,2.091085,0.12355302,0.38381898,-0.26026597,30,False,178.88944,0.13220153,1790,False
0b_color_jitter_best,file,15,710,13,12,10,9,1.2725291,0.28012225,0.47147056,-0.19134831,10,False,80.905957,0.038954853,181,False
0b_color_jitter_best,file,15,11178,190,189,189,188,0.0081828106,0.99185055,0.0017547929,0.99009576,190,True,1.027897,0.13181332,710,False
0b_color_jitter_best,file,15,5845,100,99,53,52,0.072204702,0.93034041,0.023528064,0.90681235,100,True,10.571321,0.11981626,11178,False
0b_color_jitter_best,file,15,8544,146,145,144,143,0.0011426832,0.99885798,0.00040673895,0.99845124,146,True,0.18543764,0.048779468,5845,False
0b_color_jitter_best,file,15,6326,109,108,98,97,0.0053600408,0.9946543,0.0011585886,0.99349571,109,True,0.65608601,0.024803387,8544,False
0b_color_jitter_best,file,15,4683,81,80,159,158,0.21444936,0.80698568,0.085632987,0.72135269,81,True,25.678994,0.065734218,6326,False
0b_color_jitter_best,file,15,9125,156,155,174,173,0.017477665,0.98267418,0.0083152512,0.97435893,156,True,2.740087,0.021214602,4683,False
0b_color_jitter_best,file,15,3979,69,68,68,67,0.1974171,0.82084817,0.044350199,0.77649797,69,True,26.093884,-0.040126899,9125,False
0b_color_jitter_best,file,15,6330,109,108,10,9,0.49371469,0.6103549,0.13783528,0.47251962,109,True,52.819755,0.022008016,3979,False
0b_color_jitter_best,file,15,1259,23,22,72,71,3.6427152,0.02618116,0.58739555,-0.56121439,72,False,151.38555,-0.059202817,6330,False
0b_color_jitter_best,file,15,7930,136,135,137,136,0.34109163,0.71099377,0.20866644,0.50232732,136,True,53.355836,0.060813066,1259,False
0b_color_jitter_best,file,15,2286,40,39,102,101,0.11098785,0.89494962,0.059320368,0.83562925,40,True,17.508562,-0.038584065,7930,False
0b_color_jitter_best,file,15,6891,118,117,130,129,0.78661585,0.45538327,0.24365376,0.21172951,118,True,88.331824,0.065468342,2286,False
0b_color_jitter_best,file,15,9317,159,158,164,163,0.025235804,0.97507995,0.0085410457,0.96653891,159,True,3.7746515,0.18175729,6891,False
0b_color_jitter_best,file,15,2279,40,39,78,77,0.0073277038,0.99269909,0.0036540015,0.98904509,40,True,1.673726,0.013820993,9317,False
0b_color_jitter_best,file,15,11516,196,195,199,198,1.9034673,0.14905092,0.76023221,-0.61118129,199,False,159.60212,-0.098937816,2279,False
0b_color_jitter_best,file,15,1717,31,30,33,32,0.003923458,0.99608421,0.0015851158,0.9944991,31,True,0.66188122,0.088375999,11516,False
0b_color_jitter_best,file,15,3371,59,58,144,143,3.2811925,0.037583411,0.5209344,-0.48335099,144,False,110.46524,0.054652417,1717,False
0b_color_jitter_best,file,15,11075,189,188,36,35,0.0026376003,0.99736589,0.00031056369,0.99705533,189,True,0.34785316,-0.028997238,3371,False
0b_color_jitter_best,file,15,2038,36,35,88,87,0.60342741,0.54693389,0.073564,0.47336989,36,True,47.627242,0.041016977,11075,False
0b_color_jitter_best,file,15,6845,117,116,119,118,0.75807637,0.46856689,0.41407174,0.054495156,117,True,135.89717,-0.034157197,2038,False
0b_color_jitter_best,file,15,7382,126,125,124,123,0.014909034,0.98520154,0.011082773,0.97411876,126,True,3.4515558,-0.12919883,6845,False
0b_color_jitter_best,file,15,3016,53,52,50,49,2.7544208,0.063645869,0.34680361,-0.28315774,50,False,139.33184,-0.090519751,7382,False
0b_color_jitter_best,file,15,5196,89,88,90,89,0.00026460961,0.99973541,6.535156e-05,0.99967006,89,True,0.035283841,0.096822308,3016,False
0b_color_jitter_best,file,15,4439,77,76,32,31,0.63679498,0.52898514,0.19921549,0.32976966,77,True,74.849843,0.0085642459,5196,False
0b_color_jitter_best,file,15,11759,200,199,68,67,0.429764,0.6506626,0.076723076,0.57393952,200,True,62.811678,-0.10923556,4439,False
0b_color_jitter_best,file,15,11421,194,193,36,35,0.0083681904,0.99166673,0.0017564321,0.9899103,194,True,1.4651207,-0.024071339,11759,False
0b_color_jitter_best,file,15,3928,68,67,31,30,2.8065464,0.060413275,0.12735678,-0.066943508,31,False,141.08563,-0.0098944205,11421,False
0b_color_jitter_best,file,15,7969,136,135,135,134,11.727365,8.0699365e-06,0.99728811,-0.99728004,135,False,230.94786,-0.016867171,3928,False
0b_color_jitter_best,file,15,1491,27,26,9,8,3.1554198,0.04262051,0.72732931,-0.6847088,9,False,159.75809,0.10240935,7969,False
0b_color_jitter_best,file,15,6000,103,102,77,76,0.070120178,0.93228179,0.026319336,0.90596246,103,True,11.546586,0.04282625,1491,False
0b_color_jitter_best,file,15,3208,56,55,158,157,0.0064145387,0.99360597,0.0015940894,0.99201188,56,True,1.1676409,-0.048387951,6000,False
0b_color_jitter_best,file,15,5522,95,94,97,96,0.011572259,0.98849446,0.0039203758,0.98457408,95,True,1.5655253,0.030711368,3208,False
0b_color_jitter_best,file,15,8626,147,146,146,145,0.59799421,0.54991359,0.20640241,0.34351118,147,True,67.380454,0.012773792,5522,False
0b_color_jitter_best,file,15,1332,24,23,5,4,0.022056395,0.97818506,0.006338893,0.97184616,24,True,3.2752328,-0.15983973,8626,False
0b_color_jitter_best,file,15,3799,66,65,59,58,0.022196665,0.97804785,0.019451562,0.95859629,66,True,3.6880865,0.040747425,1332,False
0b_color_jitter_best,file,15,861,16,15,172,171,0.016184498,0.98394579,0.0037471089,0.98019868,16,True,2.4352279,0.010384525,3799,False
0b_color_jitter_best,file,15,8361,143,142,145,144,0.75453961,0.47022706,0.41429755,0.055929512,143,True,71.801146,-0.030442819,861,False
0b_color_jitter_best,file,15,1973,35,34,119,118,0.14181156,0.86778474,0.068048745,0.79973599,35,True,24.704643,0.047461486,8361,False
0b_color_jitter_best,file,15,1837,33,32,31,30,0.84473431,0.4296715,0.3094745,0.120197,33,True,75.989835,-0.014129192,1973,False
0b_color_jitter_best,file,15,4840,83,82,33,32,1.6711317,0.18803415,0.65134841,-0.46331427,33,False,187.81647,-0.19505926,1837,False
0b_color_jitter_best,file,15,8917,152,151,157,156,0.09261287,0.91154629,0.02326704,0.88827925,152,True,18.117188,-0.051723077,4840,False
0b_color_jitter_best,file,15,2827,49,48,29,28,3.9948373,0.018410442,0.59640795,-0.57799751,29,False,205.83423,0.0026973138,8917,False
0b_color_jitter_best,file,15,5699,98,97,95,94,0.66785461,0.51280761,0.39862531,0.11418229,98,True,81.609237,-0.010233703,2827,False
0b_color_jitter_best,file,15,8653,148,147,76,75,1.6582502,0.19047196,0.084300548,0.10617141,148,True,140.88784,0.10416564,5699,False
0b_color_jitter_best,file,15,7111,122,121,120,119,0.18742453,0.82909167,0.14002329,0.68906838,122,True,44.998641,-0.056029624,8653,False
0b_color_jitter_best,file,15,6416,110,109,100,99,0.00042417587,0.99957591,0.00014084615,0.99943507,110,True,0.058393588,-0.23099122,7111,False
0b_color_jitter_best,file,15,2343,41,40,77,76,0.17930922,0.83584738,0.032512717,0.80333466,41,True,24.7209,-0.093751419,6416,False
0b_color_jitter_best,file,15,7633,131,130,104,103,0.050712876,0.95055157,0.038564537,0.91198703,131,True,8.8102086,-0.047038686,2343,False
0b_color_jitter_best,file,15,1571,28,27,187,186,0.0016455217,0.99835581,0.0004001045,0.9979557,28,True,0.42974968,0.10420714,7633,False
0b_color_jitter_best,file,15,1952,35,34,130,129,0.017079296,0.98306572,0.0080334553,0.97503227,35,True,2.7633506,0.11284138,1571,False
0b_color_jitter_best,file,15,8012,137,136,76,75,0.10715336,0.89838791,0.03325009,0.86513782,137,True,18.149313,0.1174029,1952,False
0b_color_jitter_best,file,15,11532,196,195,199,198,0.021016054,0.97920322,0.0065276409,0.97267558,196,True,3.376052,-0.019166616,8012,False
0b_color_jitter_best,file,15,8107,139,138,140,139,1.0972047,0.33380285,0.33748141,-0.0036785603,140,False,118.28749,-0.033445597,11532,False
0b_color_jitter_best,file,15,7871,135,134,137,136,0.76558518,0.46506169,0.25599355,0.20906815,135,True,63.61632,0.022178093,8107,False
0b_color_jitter_best,file,15,1027,19,18,102,101,0.092921428,0.91126508,0.033395469,0.87786961,19,True,13.797731,-0.032511924,7871,False
0b_color_jitter_best,file,15,3069,53,52,51,50,0.00097298954,0.99902749,0.000642934,0.99838456,53,True,0.20165182,0.01339156,1027,False
0b_color_jitter_best,file,15,9721,166,165,165,164,0.3973901,0.67207181,0.11692847,0.55514334,166,True,47.844894,0.0003450524,3069,False
0b_color_jitter_best,file,15,9988,170,169,88,87,0.55471754,0.57423443,0.097018532,0.47721589,170,True,70.049342,0.060376664,9721,False
0b_color_jitter_best,file,15,5099,88,87,194,193,0.039010663,0.96174043,0.024826704,0.93691373,88,True,6.1001267,-0.010396556,9988,False
0b_color_jitter_best,file,15,10420,177,176,180,179,1.4276876,0.23986293,0.30437177,-0.06450884,180,False,117.95971,-0.024124426,5099,False
0b_color_jitter_best,file,15,3164,55,54,168,167,0.00093416439,0.99906629,0.00024822506,0.99881807,55,True,0.14782942,0.048289563,10420,False
0b_color_jitter_best,file,15,8053,138,137,160,159,0.71284962,0.49024519,0.2471768,0.2430684,138,True,93.414665,-0.0078431643,3164,False
0b_color_jitter_best,file,15,8498,145,144,147,146,1.4487264,0.23486923,0.65148687,-0.41661765,147,False,137.87661,0.082820369,8053,False
0b_color_jitter_best,file,15,6675,115,114,117,116,0.26330736,0.76850563,0.22008011,0.54842553,115,True,34.709891,-0.065692813,8498,False
0b_color_jitter_best,file,15,5635,97,96,95,94,0.046887092,0.95419514,0.0057816193,0.94841352,97,True,6.1610943,-0.079390075,6675,False
0b_color_jitter_best,file,15,2888,50,49,52,51,2.9706573,0.051269598,0.67019767,-0.61892807,52,False,122.4369,0.13411271,5635,False
0b_color_jitter_best,file,15,3761,65,64,110,109,3.8690283,0.020878645,0.67574853,-0.65486988,110,False,200.50193,0.19410486,2888,False
0b_color_jitter_best,file,15,4768,82,81,79,78,0.035490617,0.96513182,0.017548107,0.94758371,82,True,4.1331277,0.04498844,3761,False
0b_color_jitter_best,file,15,2152,38,37,77,76,1.3474753,0.25989562,0.1741114,0.085784227,38,True,126.77642,-0.0041407362,4768,False
0b_color_jitter_best,file,15,4699,81,80,80,79,0.040935133,0.95989138,0.018310351,0.94158103,81,True,6.3211723,-0.031878997,2152,False
0b_color_jitter_best,file,15,1229,22,21,105,104,0.70993149,0.49167788,0.47403491,0.017642975,22,True,100.79422,0.087724197,4699,False
0b_color_jitter_best,file,15,4770,82,81,80,79,0.11913887,0.88768452,0.027040703,0.86064382,82,True,15.450643,-0.10441006,1229,False
0b_color_jitter_best,file,15,822,15,14,164,163,0.0061543952,0.99386448,0.0020626942,0.99180178,15,True,0.76558594,0.033317297,4770,False
0b_color_jitter_best,file,15,11174,190,189,187,186,1.2050699,0.29967105,0.14432059,0.15535046,190,True,95.579037,0.048076017,822,False
0b_color_jitter_best,file,15,1877,34,33,36,35,0.00014709345,0.9998529,1.3672943e-05,0.99983922,34,True,0.024727531,0.16864149,11174,False
0b_color_jitter_best,file,15,605,12,11,49,48,0.13505672,0.87366635,0.01069079,0.86297556,12,True,16.462029,0.12739684,1877,False
0b_color_jitter_best,file,15,5342,92,91,22,21,0.008520795,0.9915154,0.0028732654,0.98864213,92,True,1.2207106,-0.040265702,605,False
0b_color_jitter_best,file,15,4858,84,83,146,145,0.040260579,0.9605391,0.022367431,0.93817167,84,True,6.5719261,0.035904096,5342,False
0b_color_jitter_best,file,15,10803,184,183,181,180,0.49285048,0.61088258,0.074258909,0.53662367,184,True,74.585267,0.072977926,4858,False
0b_color_jitter_best,file,15,5691,98,97,21,20,0.45679823,0.63330811,0.081309162,0.55199895,98,True,56.855259,-0.0099890654,10803,False
0b_color_jitter_best,file,15,11484,195,194,199,198,0.00045408428,0.99954599,0.00011713155,0.99942886,195,True,0.081511956,-0.049586505,5691,False
0b_color_jitter_best,file,15,1299,24,23,5,4,0.0041797902,0.99582893,0.0040316433,0.99179728,24,True,0.84848858,-0.0098817902,11484,False
0b_color_jitter_best,file,15,9021,154,153,181,180,0.52514368,0.59147036,0.39611253,0.19535783,154,True,106.17601,0.0068437304,1299,False
0b_color_jitter_best,file,15,11412,194,193,198,197,0.50423145,0.60396957,0.20315051,0.40081906,194,True,54.188698,-0.10498238,9021,False
0b_color_jitter_best,file,15,10931,186,185,185,184,0.011896849,0.98817366,0.0074837431,0.98068992,186,True,1.8203133,0.045704614,11412,False
0b_color_jitter_best,file,15,9559,163,162,88,87,0.84271348,0.43054068,0.046674896,0.38386578,163,True,58.469003,-0.0061396397,10931,False
0b_color_jitter_best,file,15,72,2,1,3,2,0.013241215,0.98684609,0.0028191651,0.98402692,2,True,1.8660616,0.056946018,9559,False
0b_color_jitter_best,file,15,7761,133,132,121,120,0.048035752,0.95309973,0.016681891,0.93641784,133,True,5.8493208,0.1076792,72,False
0b_color_jitter_best,file,15,5287,91,90,71,70,2.2633746,0.10399894,0.44498816,-0.34098922,71,False,153.9107,-0.050982352,7761,False
0b_color_jitter_best,file,15,4209,73,72,74,73,0.052403796,0.94894558,0.044582944,0.90436264,73,True,9.1602299,-0.12916388,5287,False
0b_color_jitter_best,file,15,8378,143,142,146,145,0.44048294,0.64372545,0.17551506,0.4682104,143,True,44.500251,-0.094989556,4209,False
0b_color_jitter_best,file,15,1548,28,27,187,186,0.020845963,0.97936982,0.004566113,0.97480371,28,True,4.3311056,0.0062796789,8378,False
0b_color_jitter_best,file,15,9783,167,166,180,179,5.1936221,0.0055518607,0.970586,-0.96503414,180,False,158.22385,-0.065280005,1548,False
0b_color_jitter_best,file,15,4267,74,73,107,106,0.0027450758,0.99725866,0.0010686383,0.99619002,74,True,0.60046529,-0.096398463,9783,False
0b_color_jitter_best,file,15,5492,94,93,73,72,0.0044392608,0.9955706,0.0012913414,0.99427926,94,True,0.71665182,0.020327986,4267,False
0b_color_jitter_best,file,15,6081,104,103,150,149,0.0063704755,0.99364978,0.0031050546,0.99054473,104,True,1.0990695,-0.0029454554,5492,False
0b_color_jitter_best,file,15,7469,128,127,150,149,4.9996843,0.0067400751,0.32238141,-0.31564133,150,False,185.78134,-0.27818533,6081,False
0b_color_jitter_best,file,15,8975,153,152,155,154,0.10124274,0.90371364,0.034998141,0.8687155,153,True,17.000923,0.11342171,7469,False
0b_color_jitter_best,file,15,7079,121,120,119,118,1.7253089,0.17811804,0.45353946,-0.27542143,119,False,144.38036,-0.13488098,8975,False
0b_color_jitter_best,file,15,7290,125,124,129,128,0.060729969,0.94107735,0.024837269,0.91624008,125,True,10.110411,0.0085971834,7079,False
0b_color_jitter_best,file,15,6478,111,110,78,77,1.2096024,0.29831588,0.47065762,-0.17234173,78,False,120.32994,0.060029673,7290,False
0b_color_jitter_best,file,15,7254,124,123,126,125,0.14556836,0.8645308,0.043008216,0.82152259,124,True,24.903965,0.086391874,6478,False
0b_color_jitter_best,file,15,1704,31,30,33,32,2.6649957,0.069599643,0.42422336,-0.35462372,33,False,172.29436,-0.10065574,7254,False
0b_color_jitter_best,file,15,3415,59,58,146,145,3.3926978,0.033617854,0.353351,-0.31973314,146,False,164.90861,0.015882223,1704,False
0b_color_jitter_best,file,15,9006,154,153,165,164,0.40503585,0.66695291,0.075905949,0.59104696,154,True,55.542879,0.073895166,3415,False
0b_color_jitter_best,file,15,6037,104,103,99,98,0.028026398,0.9723627,0.0035633428,0.96879935,104,True,4.7075264,-0.021654394,9006,False
0b_color_jitter_best,file,15,6111,105,104,92,91,6.434763,0.0016047888,0.85570335,-0.85409857,92,False,134.04509,-0.1246094,6037,False
0b_color_jitter_best,file,15,5035,87,86,86,85,0.10493175,0.90038598,0.017806089,0.88257989,87,True,14.785368,0.068641279,6111,False
0b_color_jitter_best,file,15,9757,166,165,48,47,0.36413753,0.69479561,0.062652573,0.63214304,166,True,45.365192,0.012690899,5035,False
0b_color_jitter_best,file,15,8411,144,143,141,140,3.8520198,0.021236802,0.72413808,-0.70290128,141,False,180.68251,-0.12813549,9757,False
0b_color_jitter_best,file,15,10264,175,174,157,156,0.88213718,0.4138974,0.49615848,-0.082261086,157,False,88.344546,-0.067063981,8411,False
0b_color_jitter_best,file,15,955,18,17,67,66,0.13080131,0.87739211,0.046695262,0.83069685,18,True,33.302593,-0.015829849,10264,False
0b_color_jitter_best,file,15,762,14,13,54,53,0.069253601,0.93309003,0.038169749,0.89492028,14,True,12.322442,-0.017652588,955,False
0b_color_jitter_best,file,15,9402,160,159,79,78,0.00086722907,0.99913317,0.00037131307,0.99876186,160,True,0.15476786,-0.01680688,762,False
0b_color_jitter_best,file,15,11244,191,190,189,188,0.002123246,0.99787903,0.00026449747,0.99761453,191,True,0.30966627,0.074420221,9402,False
0b_color_jitter_best,file,15,617,12,11,108,107,1.2015092,0.30073997,0.18056142,0.12017855,12,True,104.29175,0.034943561,11244,False
0b_color_jitter_best,file,15,10429,178,177,153,152,1.1030513,0.33185694,0.1291976,0.20265934,178,True,118.96029,-0.0043075296,617,False
0b_color_jitter_best,file,15,7544,129,128,125,124,0.95174474,0.38606685,0.58305055,-0.1969837,125,False,138.07714,0.0072193107,10429,False
0b_color_jitter_best,file,15,6861,118,117,130,129,0.81428182,0.44295734,0.49621478,-0.053257436,130,False,98.231227,-0.056917595,7544,False
0b_color_jitter_best,file,15,9382,160,159,79,78,0.18055823,0.83480406,0.047176372,0.78762769,160,True,25.09625,0.064932235,6861,False
0b_color_jitter_best,file,15,1415,26,25,27,26,2.2100143,0.10969907,0.78575528,-0.67605621,27,False,149.99874,-0.20107094,9382,False
0b_color_jitter_best,file,15,1897,34,33,54,53,0.0048282226,0.99518341,0.00072873943,0.99445467,34,True,0.83196316,-0.080748415,1415,False
0b_color_jitter_best,file,15,8323,142,141,103,102,0.092057876,0.91205239,0.025481081,0.88657131,142,True,15.434236,0.089184713,1897,False
0b_color_jitter_best,file,15,4275,74,73,103,102,0.42537642,0.65352374,0.11305012,0.54047363,74,True,66.544139,0.032260217,8323,False
0b_color_jitter_best,file,15,4612,79,78,80,79,0.041686069,0.95917082,0.026311813,0.93285901,79,True,6.8914126,0.063308975,4275,False
0b_color_jitter_best,file,15,5800,99,98,183,182,0.0067157042,0.99330682,0.0035051818,0.98980163,99,True,1.1476671,-0.046640263,4612,False
0b_color_jitter_best,file,15,7074,121,120,115,114,0.43893224,0.64472449,0.10766266,0.53706183,121,True,55.98021,-0.064685355,5800,False
0b_color_jitter_best,file,15,2325,41,40,32,31,6.816566,0.0010954762,0.89957261,-0.89847713,32,False,206.56156,0.084154873,7074,False
0b_color_jitter_best,file,15,8526,146,145,145,144,1.1899829,0.30422649,0.43269849,-0.128472,145,False,142.71777,0.040168851,2325,False
0b_color_jitter_best,file,15,6685,115,114,131,130,6.1814532,0.0020674211,0.77918786,-0.77712044,131,False,167.97875,0.092582134,8526,False
0b_color_jitter_best,file,15,15,1,0,2,1,0.010504314,0.98955065,0.0044473847,0.98510327,1,True,1.830423,0.096002631,6685,False
0b_color_jitter_best,file,15,2402,42,41,17,16,0.0003566106,0.99964345,0.00014006413,0.99950338,42,True,0.045125099,-0.10701492,15,False
0b_color_jitter_best,file,15,8836,151,150,152,151,0.00076872361,0.99923158,0.00019768167,0.9990339,151,True,0.10535946,0.050996486,2402,False
0b_color_jitter_best,file,15,11647,198,197,150,149,0.99873298,0.36834583,0.15779479,0.21055104,198,True,99.410188,-0.039850255,8836,False
0b_color_jitter_best,file,15,9326,159,158,99,98,0.088801481,0.9150272,0.040020667,0.87500653,159,True,12.773805,0.098938547,11647,False
0b_color_jitter_best,file,15,533,10,9,27,26,0.11986201,0.88704282,0.038480327,0.84856249,10,True,11.735929,0.10851595,9326,False
0b_color_jitter_best,file,15,11755,200,199,197,196,0.2719706,0.76187664,0.094592616,0.66728403,200,True,46.368099,0.038756543,533,False
0b_color_jitter_best,file,15,5637,97,96,95,94,0.41629812,0.65948361,0.15587001,0.50361361,97,True,46.65883,-0.14379426,11755,False
0b_color_jitter_best,file,15,2487,44,43,23,22,0.00094464491,0.9990558,0.00050197676,0.99855383,44,True,0.20567041,-0.071801392,5637,False
0b_color_jitter_best,file,15,7243,124,123,126,125,0.15798961,0.85385865,0.14344425,0.71041439,124,True,31.393261,0.08125683,2487,False
0b_color_jitter_best,file,15,3438,60,59,64,63,2.2232006,0.10826206,0.62306041,-0.51479834,64,False,153.21779,-0.037966107,7243,False
0b_color_jitter_best,file,15,2254,40,39,83,82,1.5453483,0.21323758,0.092124373,0.12111321,40,True,151.77015,0.084464249,3438,False
0b_color_jitter_best,file,15,368,7,6,6,5,0.80477327,0.44718927,0.53525352,-0.088064253,6,False,122.31504,-0.00097204505,2254,False
0b_color_jitter_best,file,15,11657,198,197,194,193,0.0038803534,0.99612719,0.0015231816,0.99460401,198,True,0.54808677,0.15281075,368,False
0b_color_jitter_best,file,15,8625,147,146,71,70,3.9397686,0.019452715,0.29671499,-0.27726228,71,False,129.63154,-0.0098061679,11657,False
0b_color_jitter_best,file,15,6663,114,113,151,150,0.0015512587,0.99844992,0.0003696155,0.99808031,114,True,0.23021114,0.030431059,8625,False
0b_color_jitter_best,file,15,7200,123,122,124,123,0.010317914,0.98973513,0.0031410144,0.98659411,123,True,1.3823837,-0.053398027,6663,False
0b_color_jitter_best,file,15,9896,169,168,20,19,0.0085315509,0.99150473,0.0016552041,0.98984952,169,True,1.1820601,0.045496327,7200,False
0b_color_jitter_best,file,15,3746,65,64,66,65,0.44076544,0.64354366,0.1335202,0.51002346,65,True,78.64529,0.083899033,9896,False
0b_color_jitter_best,file,15,5003,86,85,25,24,0.079408385,0.92366266,0.027081652,0.89658101,86,True,18.353722,0.054494686,3746,False
0b_color_jitter_best,file,15,5946,102,101,40,39,0.78552604,0.45587981,0.39387929,0.062000513,102,True,83.585588,0.036869229,5003,False
0b_color_jitter_best,file,15,7141,122,121,99,98,1.1792034,0.30752361,0.09135212,0.21617149,122,True,113.39993,-0.044173626,5946,False
0b_color_jitter_best,file,15,3375,59,58,66,65,0.73971117,0.47725174,0.4400695,0.037182242,59,True,77.412098,-0.0058929624,7141,False
0b_color_jitter_best,file,15,1165,21,20,158,157,0.086475924,0.91715765,0.03975926,0.87739839,21,True,12.209123,0.042206168,3375,False
0b_color_jitter_best,file,15,1171,21,20,195,194,3.9013391,0.020214822,0.68177664,-0.66156182,195,False,330.61233,0.066929098,1165,True
0b_color_jitter_best,file,15,6988,120,119,104,103,0.0044748648,0.99553514,0.0020765411,0.99345859,120,True,0.66317472,0.023850311,1171,False
0b_color_jitter_best,file,15,1860,33,32,31,30,0.075906627,0.92690277,0.068313621,0.85858915,33,True,14.294471,-0.10296239,6988,False
0b_color_jitter_best,file,15,7022,120,119,34,33,5.5273552,0.0039764927,0.20290294,-0.19892645,34,False,126.0812,-0.12654193,1860,False
0b_color_jitter_best,file,15,9421,161,160,42,41,0.021430943,0.97879708,0.0068761772,0.9719209,161,True,3.9703996,0.018438921,7022,False
0b_color_jitter_best,file,15,7272,125,124,131,130,0.25003493,0.77877361,0.19181594,0.58695766,125,True,54.575216,0.025617896,9421,False
0b_color_jitter_best,file,15,32,1,0,3,2,3.0387633,0.047894079,0.93796295,-0.89006887,3,False,192.65235,0.12377785,7272,False
0b_color_jitter_best,file,15,8997,154,153,178,177,0.44899333,0.63827038,0.10535657,0.53291381,154,True,51.240083,-0.010522582,32,False
0b_color_jitter_best,file,15,3145,55,54,48,47,0.0023088008,0.99769384,0.00057204836,0.99712179,55,True,0.32830631,0.050812521,8997,False
0b_color_jitter_best,file,15,2386,42,41,56,55,0.11119577,0.89476359,0.0089531923,0.8858104,42,True,15.284823,0.067042174,3145,False
0b_color_jitter_best,file,15,11332,193,192,178,177,0.0022776395,0.99772495,0.0016440583,0.99608089,193,True,0.42413215,0.024793763,2386,False
0b_color_jitter_best,file,15,5359,92,91,194,193,0.14125632,0.86826676,0.0246611,0.84360566,92,True,19.503826,-0.029358516,11332,False
0b_color_jitter_best,file,15,2598,46,45,45,44,0.00554713,0.99446821,0.0011510958,0.99331712,46,True,0.83218987,0.050067492,5359,False
0b_color_jitter_best,file,15,388,8,7,25,24,0.3100884,0.73338211,0.23703018,0.49635193,8,True,77.225658,-0.15319399,2598,False
0b_color_jitter_best,file,15,7936,136,135,97,96,0.11987406,0.88703215,0.061045095,0.82598706,136,True,19.644066,-0.0023012299,388,False
0b_color_jitter_best,file,15,9947,169,168,163,162,0.014962705,0.98514867,0.009451678,0.97569699,169,True,1.6152844,-0.017987523,7936,False
0b_color_jitter_best,file,15,5267,91,90,78,77,0.21462204,0.80684632,0.059650172,0.74719615,91,True,22.96847,0.015870926,9947,False
0b_color_jitter_best,file,15,9223,157,156,177,176,0.623245,0.53620166,0.051447302,0.48475435,157,True,81.029867,0.063498978,5267,False
0b_color_jitter_best,file,15,10306,175,174,173,172,0.41173741,0.66249824,0.069265611,0.59323262,175,True,64.954023,0.062175521,9223,False
0b_color_jitter_best,file,15,4853,84,83,63,62,0.89223284,0.40973985,0.25268447,0.15705538,84,True,100.90887,-0.10239121,10306,False
0b_color_jitter_best,file,15,10599,180,179,182,181,0.05378532,0.94763553,0.038714562,0.90892097,180,True,8.8676853,0.16381394,4853,False
0b_color_jitter_best,file,15,912,17,16,56,55,0.031957094,0.96854812,0.0081074657,0.96044065,17,True,4.969932,0.041310064,10599,False
0b_color_jitter_best,file,15,9503,162,161,167,166,0.0040408871,0.99596727,0.0010804211,0.99488685,162,True,0.676282,-0.10007788,912,False
0b_color_jitter_best,file,15,8233,141,140,84,83,1.5558448,0.21101105,0.46553043,-0.25451937,84,False,112.76879,0.049003677,9503,False
0b_color_jitter_best,file,15,444,9,8,26,25,0.17167225,0.84225518,0.048304196,0.79395098,9,True,20.140475,0.0037728154,8233,False
0b_color_jitter_best,file,15,2198,39,38,103,102,2.0381536,0.13026901,0.443279,-0.31300999,103,False,136.32471,0.017400769,444,False
0b_color_jitter_best,file,15,10347,176,175,181,180,0.073204018,0.92941117,0.011184009,0.91822716,176,True,9.1775859,-0.074177932,2198,False
0b_color_jitter_best,file,15,5285,91,90,19,18,0.88563222,0.41245335,0.23507647,0.17737688,91,True,115.27378,0.0060889064,10347,False
0b_color_jitter_best,file,15,361,7,6,5,4,0.00040487197,0.99959522,0.00013314831,0.99946208,7,True,0.051299447,-0.03867894,5285,False
0b_color_jitter_best,file,15,8848,151,150,152,151,0.10433286,0.9009254,0.022542363,0.87838303,151,True,21.510292,-0.034926896,361,False
0b_color_jitter_best,file,15,2931,51,50,50,49,4.3555803,0.01283499,0.61437351,-0.60153851,50,False,155.56361,-0.064702307,8848,False
0b_color_jitter_best,file,15,2071,37,36,43,42,3.5353127,0.02914964,0.70258772,-0.67343808,43,False,131.15184,0.020513474,2931,False
0b_color_jitter_best,file,15,662,13,12,108,107,0.0003958157,0.99960428,7.1007787e-05,0.99953328,13,True,0.064358277,0.024900567,2071,False
0b_color_jitter_best,file,15,3271,57,56,192,191,0.0080715427,0.99196094,0.00095969677,0.99100125,57,True,1.1409402,0.094961591,662,False
0b_color_jitter_best,file,15,11283,192,191,13,12,0.0027700409,0.99723381,0.00021978143,0.99701403,192,True,0.48103502,0.019140936,3271,False
0b_color_jitter_best,file,15,9371,160,159,37,36,4.3859887,0.012450573,0.15416515,-0.14171458,37,False,146.08697,0.041854579,11283,False
0b_color_jitter_best,file,15,511,10,9,27,26,0.089488231,0.91439903,0.018784678,0.89561435,10,True,10.151073,0.1596186,9371,False
0b_color_jitter_best,file,15,7106,122,121,118,117,0.63793427,0.52838278,0.24581647,0.28256631,122,True,105.04757,0.015097496,511,False
0b_color_jitter_best,file,15,6182,106,105,84,83,0.011878943,0.98819131,0.0064476859,0.98174362,106,True,1.8777393,-0.098608034,7106,False
0b_color_jitter_best,file,15,8405,144,143,147,146,2.7793868,0.062076572,0.38543969,-0.32336312,147,False,160.43453,-0.22320928,6182,False
0b_color_jitter_best,file,15,2439,43,42,42,41,3.2071559,0.04047155,0.63918626,-0.59871471,42,False,205.39134,0.013664877,8405,False
0b_color_jitter_best,file,15,9446,161,160,163,162,3.527483,0.029378762,0.18631211,-0.15693335,163,False,181.70038,-0.020752031,2439,False
0b_color_jitter_best,file,15,3497,61,60,66,65,0.12180749,0.88531882,0.035339918,0.8499789,61,True,22.983506,-0.14675319,9446,False
0b_color_jitter_best,file,15,8172,140,139,16,15,0.59135467,0.55357683,0.25460964,0.29896718,140,True,69.651767,0.088308004,3497,False
0b_color_jitter_best,file,15,1658,30,29,107,106,4.6884546,0.0092008943,0.71123517,-0.70203427,107,False,215.42245,-0.14125532,8172,False
0b_color_jitter_best,file,15,3706,64,63,63,62,1.7405077,0.17543131,0.25539419,-0.079962879,63,False,84.301686,-0.11875368,1658,False
0b_color_jitter_best,file,15,5096,88,87,36,35,0.041700132,0.95915735,0.01142383,0.94773352,88,True,6.183864,0.012904392,3706,False
0b_color_jitter_best,file,15,5432,93,92,11,10,8.0802135,0.00030960503,0.40246072,-0.40215112,11,False,207.80935,0.077232921,5096,False
0b_color_jitter_best,file,15,6880,118,117,133,132,1.9166268,0.14710233,0.24341565,-0.096313328,133,False,175.21223,0.016081625,5432,False
0b_color_jitter_best,file,15,2034,36,35,194,193,0.070143074,0.93226045,0.010928366,0.92133209,36,True,9.7861822,-0.050478072,6880,False
0b_color_jitter_best,file,15,8949,153,152,161,160,1.0265979,0.35822362,0.22591485,0.13230877,153,True,116.54352,0.016175652,2034,False
0b_color_jitter_best,file,15,10877,185,184,186,185,4.5426989,0.010644638,0.94262296,-0.93197832,186,False,134.94813,0.0085707416,8949,False
0b_color_jitter_best,file,15,11558,197,196,196,195,0.0033984783,0.9966073,0.0026409125,0.99396639,197,True,0.67377345,0.0011842095,10877,False
0b_color_jitter_best,file,15,10353,176,175,161,160,0.019173406,0.98100924,0.0054813339,0.97552791,176,True,2.1566848,-0.096473996,11558,False
0b_color_jitter_best,file,15,5997,103,102,76,75,3.5094023,0.029914787,0.41244745,-0.38253267,76,False,132.04589,-0.0074182916,10353,False
0b_color_jitter_best,file,15,3787,66,65,65,64,4.2315063,0.014530485,0.96041387,-0.94588339,65,False,255.42192,-0.049104115,5997,False
0b_color_jitter_best,file,15,11232,191,190,188,187,1.2210057,0.29493341,0.66908497,-0.37415156,188,False,97.480805,0.0060584121,3787,False
0b_color_jitter_best,file,15,4848,83,82,80,79,0.044215888,0.95674741,0.011498161,0.94524925,83,True,6.2453528,-0.086310154,11232,False
0b_color_jitter_best,file,15,9080,155,154,145,144,5.6051149,0.0036789973,0.26263276,-0.25895376,145,False,137.73679,0.075924061,4848,False
0b_color_jitter_best,file,15,5394,93,92,60,59,0.65034699,0.52186465,0.10379208,0.41807257,93,True,89.60463,-0.044164824,9080,False
0b_color_jitter_best,file,15,4994,86,85,89,88,0.024700614,0.97560197,0.0059513827,0.96965059,86,True,6.3615398,-0.049285193,5394,False
0b_color_jitter_best,file,15,11088,189,188,36,35,0.0010053824,0.99899513,0.00026814669,0.99872698,189,True,0.13316738,-0.049537785,4994,False
0b_color_jitter_best,file,15,4716,81,80,79,78,0.0080966111,0.99193609,0.0016823622,0.99025373,81,True,1.4683695,0.089475413,11088,False
0b_color_jitter_best,file,15,10989,187,186,190,189,0.18817894,0.82846648,0.11864229,0.70982418,187,True,38.918791,-0.068460971,4716,False
0b_color_jitter_best,file,15,8410,144,143,145,144,8.5655441,0.00019055985,0.85083157,-0.85064101,145,False,228.62473,-0.050827093,10989,False
0b_color_jitter_best,file,15,10124,172,171,16,15,1.3368142,0.26268122,0.26313967,-0.00045844913,16,False,131.9418,0.018739024,8410,False
0b_color_jitter_best,file,15,9855,168,167,162,161,1.6608603,0.18997549,0.51128662,-0.32131113,162,False,161.67247,0.028796431,10124,False
0b_color_jitter_best,file,15,1603,29,28,142,141,6.3669419,0.0017174029,0.55512011,-0.55340271,142,False,122.82541,-0.048107835,9855,False
0b_color_jitter_best,file,15,10539,179,178,148,147,0.083808012,0.91960782,0.019372668,0.90023515,179,True,11.825585,-0.069013143,1603,False
0b_color_jitter_best,file,15,3160,55,54,48,47,0.0307112,0.96975559,0.011246422,0.95850917,55,True,4.9630095,0.038087173,10539,False
0b_color_jitter_best,file,15,6513,112,111,111,110,0.27567998,0.75905579,0.23802038,0.52103542,112,True,50.723564,0.031594872,3160,False
0b_color_jitter_best,file,15,7430,127,126,128,127,0.36473653,0.69437957,0.056058507,0.63832106,127,True,39.246337,0.10231888,6513,False
0b_color_jitter_best,file,15,1772,32,31,33,32,2.6744094,0.068947531,0.78203505,-0.71308752,33,False,137.15713,-0.070630972,7430,False
0b_color_jitter_best,file,15,5158,89,88,90,89,0.0012148389,0.99878591,0.00015139693,0.99863452,89,True,0.19206846,-0.0050684527,1772,False
0b_color_jitter_best,file,15,10638,181,180,195,194,0.0053012273,0.99471277,0.0021515577,0.99256121,181,True,1.1005843,0.0075732655,5158,False
0b_color_jitter_best,file,15,2832,50,49,51,50,1.2060319,0.2993829,0.55593443,-0.25655153,51,False,87.370297,0.18891074,10638,False
0b_color_jitter_best,file,15,10225,174,173,168,167,1.8474441,0.15763956,0.27052617,-0.11288661,168,False,199.33364,-0.040858497,2832,False
0b_color_jitter_best,file,15,460,9,8,11,10,0.03228968,0.96822608,0.014025518,0.95420056,9,True,4.0483394,-0.038238968,10225,False
0b_color_jitter_best,file,15,7417,127,126,120,119,5.1159716,0.0060001444,0.2843771,-0.27837695,120,False,222.83885,-0.11972093,460,False
0b_color_jitter_best,file,15,3546,61,60,66,65,3.941401,0.019420987,0.47426656,-0.45484557,66,False,131.32174,-0.057079548,7417,False
0b_color_jitter_best,file,15,5772,99,98,149,148,0.0089961924,0.99104416,0.0071423119,0.98390185,99,True,1.5871623,-0.067865116,3546,False
0b_color_jitter_best,file,15,11034,188,187,191,190,0.0050347447,0.99497789,0.0044442536,0.99053364,188,True,0.87334205,0.032522085,5772,False
0b_color_jitter_best,file,15,8042,137,136,118,117,4.3485155,0.012925984,0.62583256,-0.61290657,118,False,158.26739,-0.0024979633,11034,False
0b_color_jitter_best,file,15,1670,30,29,26,25,5.4603672,0.0042519951,0.3169634,-0.31271141,26,False,149.49066,0.032569749,8042,False
0b_color_jitter_best,file,15,11448,195,194,193,192,0.0080752084,0.99195731,0.0043911398,0.98756617,195,True,2.2336741,-0.18726954,1670,False
0b_color_jitter_best,file,15,5979,103,102,39,38,1.7693552,0.17044286,0.17140339,-0.00096052885,39,False,119.01532,-0.06731015,11448,False
0b_color_jitter_best,file,15,7152,123,122,197,196,3.9601057,0.019061102,0.24156877,-0.22250767,197,False,165.02086,0.052573613,5979,False
0b_color_jitter_best,file,15,2554,45,44,63,62,2.5668638,0.076775961,0.48124602,-0.40447006,63,False,137.53254,-0.18035504,7152,False
0b_color_jitter_best,file,15,115,2,1,59,58,0.0038668162,0.99614066,0.0006380165,0.99550264,2,True,0.62869543,0.052959208,2554,False
0b_color_jitter_best,file,15,9090,155,154,179,178,0.036297958,0.96435291,0.013382236,0.95097067,155,True,5.1963314,0.060755611,115,False
0b_color_jitter_best,file,15,313,6,5,7,6,0.058674309,0.94301385,0.012307386,0.93070646,6,True,13.264874,0.047127399,9090,False
0b_color_jitter_best,file,15,5206,90,89,51,50,0.035785567,0.96484715,0.0087235318,0.95612362,90,True,5.3390692,0.0040367051,313,False
0b_color_jitter_best,file,15,10103,172,171,179,178,1.5900985,0.20390552,0.10532528,0.098580241,172,True,144.71885,-0.044242291,5206,False
0b_color_jitter_best,file,15,10552,180,179,182,181,0.27869749,0.75676876,0.10925673,0.64751203,180,True,38.728532,-0.064017652,10103,False
0b_color_jitter_best,file,15,345,7,6,5,4,0.0023216456,0.99768102,0.00099470315,0.99668632,7,True,0.33881431,0.082194927,10552,False
0b_color_jitter_best,file,15,9955,170,169,21,20,0.60261291,0.54737949,0.043254912,0.50412458,170,True,71.720485,-0.048963072,345,False
0b_color_jitter_best,file,15,7995,137,136,135,134,1.5141959,0.21998501,0.15022993,0.069755077,137,True,125.01265,-0.024393425,9955,False
0b_color_jitter_best,file,15,7867,135,134,103,102,0.10692907,0.89858943,0.021459481,0.87712995,135,True,19.905281,0.1818521,7995,False
0b_color_jitter_best,file,15,2741,48,47,47,46,0.0033605788,0.99664503,0.00052082172,0.99612421,48,True,0.41820259,0.11747985,7867,False
0b_color_jitter_best,file,15,213,4,3,29,28,0.14835626,0.86212391,0.030051244,0.83207266,4,True,22.508064,0.063475017,2741,False
0b_color_jitter_best,file,15,5874,101,100,100,99,0.0041359845,0.99587256,0.0019549991,0.99391756,101,True,0.60419015,0.057396638,213,False
0b_color_jitter_best,file,15,11493,196,195,199,198,0.64700502,0.52361161,0.43051118,0.093100429,196,True,96.485531,0.03360711,5874,False
0b_color_jitter_best,file,15,2334,41,40,135,134,0.0070125177,0.99301201,0.0034504961,0.98956151,41,True,1.0297262,-0.092791715,11493,False
0b_color_jitter_best,file,15,409,8,7,142,141,0.66299105,0.51530772,0.22739533,0.2879124,8,True,111.54896,-0.041834112,2334,False
0b_color_jitter_best,file,15,10558,180,179,182,181,0.019485835,0.98070276,0.0071119177,0.97359084,180,True,2.4991667,-0.10129787,409,False
0b_color_jitter_best,file,15,9888,168,167,162,161,0.05245572,0.94889635,0.026731363,0.92216499,168,True,6.9047356,0.013329236,10558,False
0b_color_jitter_best,file,15,11206,191,190,12,11,0.013633354,0.98645914,0.0019214209,0.98453772,191,True,1.9678016,-0.076936106,9888,False
0b_color_jitter_best,file,15,10180,173,172,179,178,0.11025486,0.89560586,0.031651787,0.86395407,173,True,19.215214,0.12097959,11206,False
0b_color_jitter_best,file,15,6068,104,103,131,130,0.056147154,0.9454,0.023425445,0.92197455,104,True,9.9160623,0.13287278,10180,False
0b_color_jitter_best,file,15,3310,58,57,8,7,0.0024547225,0.99754828,0.00082604826,0.99672223,58,True,0.38629386,-0.031214453,6068,False
0b_color_jitter_best,file,15,10086,172,171,170,169,0.028468978,0.97193247,0.0032536597,0.96867881,172,True,3.6949026,-0.03250315,3310,False
0b_color_jitter_best,file,15,4027,70,69,68,67,7.05902,0.00085962011,0.56051177,-0.55965215,68,False,131.92008,-0.026048651,10086,False
0b_color_jitter_best,file,15,4929,85,84,168,167,0.067170046,0.93503618,0.009321928,0.92571425,85,True,11.409812,-0.06891946,4027,False
0b_color_jitter_best,file,15,5875,101,100,143,142,0.042527389,0.95836419,0.017753333,0.94061086,101,True,6.5737909,-0.22810847,4929,False
0b_color_jitter_best,file,15,6291,108,107,107,106,0.36519668,0.69406015,0.22955242,0.46450773,108,True,60.748474,0.0098159785,5875,False
0b_color_jitter_best,file,15,3867,67,66,68,67,1.1398001,0.31988299,0.60154766,-0.28166467,68,False,106.12359,0.057021082,6291,False
0b_color_jitter_best,file,15,3363,58,57,25,24,1.392297,0.24850383,0.56572777,-0.31722394,25,False,156.14134,0.0045638694,3867,False
0b_color_jitter_best,file,15,5957,102,101,198,197,1.9863029,0.13720174,0.49126774,-0.354066,198,False,183.83013,0.061146778,3363,False
0b_color_jitter_best,file,15,1343,25,24,23,22,0.40112835,0.66956413,0.2861726,0.38339153,25,True,39.298814,0.082744281,5957,False
0b_color_jitter_best,file,15,10014,171,170,99,98,4.2650828,0.014050702,0.24742782,-0.23337712,99,False,129.298,0.035414926,1343,False
0b_color_jitter_best,file,15,3605,62,61,74,73,1.6604441,0.19005455,0.35928065,-0.1692261,74,False,143.05768,-0.19204167,10014,False
0b_color_jitter_best,file,15,11366,193,192,178,177,0.52184296,0.59342593,0.26331252,0.33011341,193,True,71.92934,0.021532289,3605,False
0b_color_jitter_best,file,15,7676,131,130,119,118,0.43814376,0.64523304,0.14069338,0.50453965,131,True,66.077028,0.01097257,11366,False
0b_color_jitter_best,file,15,10852,185,184,186,185,0.00013457824,0.99986541,2.6618804e-05,0.99983879,185,True,0.021516621,-0.096226781,7676,False
0b_color_jitter_best,file,15,2635,46,45,90,89,0.33632976,0.71438748,0.1184812,0.59590627,46,True,54.865194,0.023733038,10852,False
0b_color_jitter_best,file,15,7837,134,133,9,8,0.32623175,0.7216379,0.063940495,0.65769741,134,True,35.526557,0.038090767,2635,False
0b_color_jitter_best,file,15,9657,165,164,166,165,0.00046671464,0.99953341,0.00011921266,0.9994142,165,True,0.065809523,0.085770401,7837,False
0b_color_jitter_best,file,15,4392,76,75,104,103,0.60633242,0.54534727,0.10530514,0.44004214,76,True,80.43689,0.12309268,9657,False
0b_color_jitter_best,file,15,225,4,3,54,53,0.028153664,0.97223896,0.013825761,0.9584132,4,True,4.8616163,0.14106282,4392,False
0b_color_jitter_best,file,15,55,1,0,8,7,1.0757535,0.3410407,0.1482991,0.1927416,1,True,113.50783,-0.1298777,225,False
0b_color_jitter_best,file,15,4845,83,82,16,15,0.059977036,0.94178617,0.019496933,0.92228924,83,True,10.569378,-0.00067038267,55,False
0b_color_jitter_best,file,15,3657,63,62,145,144,0.69832462,0.49741799,0.17047036,0.32694763,63,True,101.94459,-0.051027179,4845,False
0b_color_jitter_best,file,15,8870,151,150,152,151,0.017529791,0.98262298,0.010950061,0.97167292,151,True,2.0163777,-0.05250224,3657,False
0b_color_jitter_best,file,15,9664,165,164,158,157,0.0065374793,0.99348384,0.0036189838,0.98986486,165,True,0.94750778,-0.011052273,8870,False
0b_color_jitter_best,file,15,5922,102,101,39,38,3.8544812,0.021184588,0.70917678,-0.68799219,39,False,179.89287,-0.04287206,9664,False
0b_color_jitter_best,file,15,2094,37,36,39,38,3.2666273,0.038134828,0.53177488,-0.49364005,39,False,131.41313,-0.0036009299,5922,False
0b_color_jitter_best,file,15,9063,155,154,153,152,1.8529472,0.15677443,0.81420076,-0.65742633,153,False,159.24625,-0.064880509,2094,False
0b_color_jitter_best,file,15,7197,123,122,113,112,0.50642693,0.60264504,0.12379273,0.47885231,123,True,54.330517,0.10623364,9063,False
0b_color_jitter_best,file,15,4604,79,78,90,89,1.1072125,0.33047891,0.10211093,0.22836798,79,True,75.74676,0.0015457137,7197,False
0b_color_jitter_best,file,15,10665,182,181,180,179,0.74232984,0.47600362,0.11006957,0.36593405,182,True,105.34125,0.070676233,4604,False
0b_color_jitter_best,file,15,8730,149,148,150,149,1.7656841,0.17106971,0.68609935,-0.51502964,150,False,126.36251,0.14360917,10665,False
0b_color_jitter_best,file,15,6794,117,116,119,118,0.013334734,0.98675376,0.0060104798,0.98074328,117,True,2.7110408,-0.02998988,8730,False
0b_color_jitter_best,file,15,11456,195,194,199,198,0.0004258441,0.99957424,0.00021948885,0.99935476,195,True,0.10396643,-0.085195362,6794,False
0b_color_jitter_best,file,15,10255,175,174,157,156,0.0036461558,0.99636048,0.00055076223,0.99580972,175,True,0.54040151,-0.15956845,11456,False
0b_color_jitter_best,file,15,10426,177,176,161,160,0.048109144,0.95302975,0.034037326,0.91899243,177,True,8.5491754,0.15534492,10255,False
0b_color_jitter_best,file,15,7265,124,123,123,122,0.029245656,0.97117788,0.023881199,0.94729668,124,True,5.2902254,0.010628844,10426,False
0b_color_jitter_best,file,15,10209,174,173,195,194,0.53539616,0.58543736,0.15282662,0.43261074,174,True,89.314904,-0.19576352,7265,False
0b_color_jitter_best,file,15,7740,132,131,133,132,0.070861965,0.9315905,0.012510302,0.9190802,132,True,10.425956,-0.040239878,10209,False
0b_color_jitter_best,file,15,1974,35,34,56,55,0.034296691,0.96628475,0.0044651479,0.9618196,35,True,6.1242836,0.0845205,7740,False
0b_color_jitter_best,file,15,10503,179,178,56,55,1.5625812,0.20959437,0.082292438,0.12730193,179,True,135.47425,-0.017169603,1974,False
0b_color_jitter_best,file,15,8679,148,147,116,115,0.0047170552,0.99529403,0.0012060454,0.99408799,148,True,0.90872634,-0.040989332,10503,False
0b_color_jitter_best,file,15,5721,98,97,69,68,2.706727,0.066754945,0.14949028,-0.082735337,69,False,152.46825,-0.077073964,8679,False
0b_color_jitter_best,file,15,545,11,10,9,8,0.16693319,0.84625614,0.040015586,0.80624055,11,True,27.285854,-0.031342027,5721,False
0b_color_jitter_best,file,15,8129,139,138,42,41,0.0090625854,0.99097836,0.0036186308,0.98735973,139,True,1.1920089,0.10708894,545,False
0b_color_jitter_best,file,15,2176,39,38,43,42,1.9583493,0.14109112,0.36512098,-0.22402985,43,False,143.72952,-0.044987665,8129,False
0b_color_jitter_best,file,15,1034,19,18,155,154,0.0026751705,0.9973284,0.00070337974,0.99662502,19,True,0.40230536,0.026263892,2176,False
0b_color_jitter_best,file,15,4167,72,71,23,22,0.48781964,0.6139636,0.10118601,0.51277759,72,True,62.5437,0.015076911,1034,False
0b_color_jitter_best,file,15,5465,94,93,159,158,0.056671973,0.94490397,0.014168383,0.93073559,94,True,9.0142264,0.074046754,4167,False
0b_color_jitter_best,file,15,6768,116,115,130,129,1.9799621,0.13807447,0.34360063,-0.20552616,130,False,102.19411,0.040312284,5465,False
0b_color_jitter_best,file,15,984,18,17,181,180,0.002752922,0.99725085,0.0011145404,0.99613631,18,True,0.6961072,-0.0076225367,6768,False
0b_color_jitter_best,file,15,10060,171,170,122,121,1.0940138,0.33486971,0.23372383,0.10114588,171,True,114.24827,-0.15501637,984,False
0b_color_jitter_best,file,15,8280,141,140,146,145,1.5953653,0.20283441,0.61301994,-0.41018553,146,False,110.89378,-0.0061914877,10060,False
0b_color_jitter_best,file,15,7704,132,131,119,118,4.8708639,0.0076667373,0.84358692,-0.83592018,119,False,223.33751,-0.032195601,8280,False
0b_color_jitter_best,file,15,2932,51,50,50,49,0.1647824,0.84807825,0.14138815,0.7066901,51,True,23.169484,0.0036746103,7704,False
0b_color_jitter_best,file,15,9308,159,158,165,164,0.050542437,0.95071357,0.011767302,0.93894627,159,True,8.4684819,0.0038241996,2932,False
0b_color_jitter_best,file,15,3289,57,56,21,20,0.30382901,0.73798704,0.077564992,0.66042205,57,True,39.978605,0.046359853,9308,False
0b_color_jitter_best,file,15,3205,56,55,34,33,1.6312684,0.1956812,0.5624494,-0.3667682,34,False,195.95698,0.053027347,3289,False
0b_color_jitter_best,file,15,9290,158,157,21,20,0.018101847,0.98206103,0.0080820583,0.97397897,158,True,2.0377254,0.092461656,3205,False
0b_color_jitter_best,file,15,9869,168,167,20,19,1.3651118,0.25535211,0.21723288,0.038119227,168,True,100.28986,0.05563087,9290,False
0b_color_jitter_best,file,15,4485,77,76,103,102,0.0076682251,0.99236113,0.0037226388,0.98863849,77,True,1.1472062,-0.094177771,9869,False
0b_color_jitter_best,file,15,8564,146,145,147,146,1.2969248,0.27337119,0.65965158,-0.38628039,147,False,105.94963,0.12573785,4485,False
0b_color_jitter_best,file,15,8881,152,151,172,171,0.0026765971,0.99732697,0.00084757502,0.9964794,152,True,0.35103774,0.17690538,8564,False
0b_color_jitter_best,file,15,1058,20,19,170,169,0.16049463,0.85172242,0.022808585,0.82891383,20,True,22.359295,0.10731088,8881,False
0b_color_jitter_best,file,15,929,17,16,137,136,0.49691868,0.60840243,0.051776003,0.55662643,17,True,59.013879,0.15305879,1058,False
0b_color_jitter_best,file,15,10633,181,180,8,7,2.8233917,0.059404124,0.33463988,-0.27523575,8,False,146.20432,0.054006129,929,False
0b_color_jitter_best,file,15,6757,116,115,119,118,0.49796021,0.60776913,0.16048276,0.44728637,116,True,62.137364,0.015385043,10633,False
0b_color_jitter_best,file,15,3123,54,53,15,14,0.11276399,0.89336145,0.10025723,0.79310422,54,True,26.764028,0.087051092,6757,False
0b_color_jitter_best,file,15,6283,108,107,23,22,0.35392824,0.70192534,0.16631432,0.53561102,108,True,74.873166,-0.036324113,3123,False
0b_color_jitter_best,file,15,3114,54,53,14,13,0.016030475,0.9840973,0.010327679,0.97376962,54,True,2.6240726,-0.056578558,6283,False
0b_color_jitter_best,file,15,11057,188,187,187,186,0.081904523,0.9213599,0.070883557,0.85047634,188,True,23.303034,-0.10179654,3114,False
0b_color_jitter_best,file,15,1103,20,19,200,199,0.031085687,0.96939248,0.0078002932,0.96159219,20,True,3.7367866,-0.067234665,11057,False
0b_color_jitter_best,file,15,9607,164,163,160,159,0.0067494507,0.99327326,0.0026971488,0.99057611,164,True,1.2935431,0.046765825,1103,False
0b_color_jitter_best,file,15,1186,22,21,105,104,0.024304647,0.97598833,0.012614891,0.96337344,22,True,4.4745609,-0.072990949,9607,False
0b_color_jitter_best,file,15,7585,130,129,196,195,4.0252662,0.017858673,0.11509129,-0.097232614,196,False,147.81088,-0.018134794,1186,False
0b_color_jitter_best,file,15,1286,23,22,24,23,1.5254729,0.21751818,0.066999778,0.1505184,23,True,98.49963,0.12486199,7585,False
0b_color_jitter_best,file,15,4426,76,75,79,78,0.22140971,0.80138826,0.046146546,0.75524172,76,True,34.559821,-0.061153953,1286,False
0b_color_jitter_best,file,15,3621,63,62,60,59,0.014907625,0.98520297,0.0021163279,0.98308664,63,True,3.1916154,0.086951217,4426,False
0b_color_jitter_best,file,15,3866,67,66,69,68,0.049401417,0.95179898,0.0211886,0.93061038,67,True,9.7969227,0.023720063,3621,False
0b_color_jitter_best,file,15,9639,164,163,153,152,2.0308764,0.13122047,0.44614127,-0.3149208,153,False,167.64967,-0.0094271455,3866,False
0b_color_jitter_best,file,15,8083,138,137,111,110,0.10393841,0.90128082,0.071915761,0.82936506,138,True,13.924361,0.077518804,9639,False
0b_color_jitter_best,file,15,1436,26,25,108,107,3.6624668,0.025669117,0.51654136,-0.49087225,108,False,286.02867,-0.026132056,8083,False
0b_color_jitter_best,file,15,5050,87,86,137,136,0.48211852,0.6174739,0.060302436,0.55717146,87,True,57.810535,-0.096600047,1436,False
0b_color_jitter_best,file,15,6935,119,118,118,117,1.2082725,0.29871285,0.13795413,0.16075872,119,True,88.050842,-0.038575421,5050,False
0b_color_jitter_best,file,15,11423,194,193,121,120,0.1381053,0.87100697,0.037305903,0.83370106,194,True,24.591567,-0.23931579,6935,False
0b_color_jitter_best,file,15,11347,193,192,195,194,0.49552137,0.60925317,0.35863194,0.25062123,193,True,85.013611,0.05329566,11423,False
0b_color_jitter_best,file,15,10212,174,173,173,172,0.1575838,0.85420525,0.10266835,0.7515369,174,True,27.887065,0.062560876,11347,False
0b_color_jitter_best,file,15,6587,113,112,123,122,0.001106127,0.99889451,0.00048029263,0.99841422,113,True,0.18642185,0.081675111,10212,False
0b_color_jitter_best,file,15,6137,105,104,22,21,0.023844507,0.97643751,0.013246284,0.96319123,105,True,5.8606339,0.047989758,6587,False
0b_color_jitter_best,file,15,11074,189,188,36,35,0.00020299281,0.99979705,4.649354e-05,0.99975055,189,True,0.025797312,0.13372692,6137,False
0b_color_jitter_best,file,15,7561,129,128,131,130,0.051298086,0.94999546,0.024698887,0.92529657,129,True,9.8592475,0.01933307,11074,False
0b_color_jitter_best,file,15,5796,99,98,104,103,0.038439207,0.96229023,0.012090998,0.95019923,99,True,6.7968914,0.14370431,7561,False
0b_color_jitter_best,file,15,2455,43,42,37,36,2.9883826,0.050368834,0.15838231,-0.10801348,37,False,156.63025,-0.15360582,5796,False
0b_color_jitter_best,file,15,10437,178,177,195,194,0.26054168,0.77063406,0.11737905,0.65325501,178,True,56.096839,-0.068023968,2455,False
0b_color_jitter_best,file,15,5857,100,99,25,24,1.3115501,0.26940215,0.58979964,-0.3203975,25,False,114.84103,0.060258069,10437,False
0b_color_jitter_best,file,15,3092,54,53,14,13,0.11770907,0.88895464,0.099522263,0.78943238,54,True,20.926647,-0.054507266,5857,False
0b_color_jitter_best,file,15,275,5,4,89,88,3.8731599,0.020792561,0.38077268,-0.35998012,89,False,134.75895,-0.13288801,3092,False
0b_color_jitter_best,file,15,823,15,14,16,15,0.0071362131,0.99288917,0.0046459814,0.98824318,15,True,1.0895694,-0.13106873,275,False
0b_color_jitter_best,file,15,10795,184,183,195,194,0.13655213,0.87236083,0.053854335,0.81850649,184,True,24.189577,0.048069936,823,False
0b_color_jitter_best,file,15,7766,133,132,116,115,0.045589741,0.95543385,0.009436477,0.94599737,133,True,7.6232747,0.034707835,10795,False
0b_color_jitter_best,file,15,744,14,13,54,53,0.4584378,0.63227063,0.18677215,0.44549848,14,True,71.226376,-0.017115946,7766,False
0b_color_jitter_best,file,15,11685,199,198,195,194,0.070444755,0.93197924,0.049245704,0.88273354,199,True,11.451286,-0.13075379,744,False
0b_color_jitter_best,file,15,10734,183,182,184,183,0.011664638,0.98840314,0.0062688827,0.98213426,183,True,1.8242421,0.13518244,11685,False
0b_color_jitter_best,file,15,3690,64,63,62,61,0.012838094,0.98724395,0.0064364849,0.98080747,64,True,2.2347705,0.025040552,10734,False
0b_color_jitter_best,file,15,9269,158,157,165,164,0.007312438,0.99271423,0.0037152835,0.98899894,158,True,1.1003843,-0.055946582,3690,False
0b_color_jitter_best,file,15,5852,100,99,53,52,0.30889827,0.73425543,0.17330354,0.56095189,100,True,46.72712,0.0079443587,9269,False
0b_color_jitter_best,file,15,2966,52,51,51,50,0.050833546,0.95043683,0.034437798,0.91599903,52,True,8.8319918,-0.0081503469,5852,False
0b_color_jitter_best,file,15,2953,52,51,50,49,0.021646431,0.9785862,0.012839079,0.96574712,52,True,3.1064838,0.29977733,2966,True
0b_color_jitter_best,file,15,6638,114,113,118,117,0.00090724783,0.99909317,0.00048599194,0.99860718,114,True,0.1851502,0.064553271,2953,False
0b_color_jitter_best,file,15,8966,153,152,20,19,0.78036457,0.45823893,0.17493813,0.2833008,153,True,83.024888,0.032290855,6638,False
0b_color_jitter_best,file,15,5646,97,96,30,29,0.084065713,0.91937083,0.019481612,0.89988922,97,True,14.686615,-0.084739539,8966,False
0b_color_jitter_best,file,15,2734,48,47,192,191,0.002258966,0.99774361,0.00022250303,0.9975211,48,True,0.31130569,0.00013413715,5646,False
0b_color_jitter_best,file,15,3949,68,67,200,199,0.067274258,0.93493873,0.020756483,0.91418225,68,True,11.435919,-0.096091866,2734,False
0b_color_jitter_best,file,15,8324,142,141,72,71,1.833325,0.15988109,0.13653718,0.023343906,142,True,125.68815,-0.048161067,3949,False
0b_color_jitter_best,file,15,8209,140,139,139,138,0.0020719743,0.99793017,0.0014551403,0.99647503,140,True,0.34225181,-0.052507733,8324,False
0b_color_jitter_best,file,15,11708,199,198,22,21,6.7957764,0.0011184891,0.18577729,-0.1846588,22,False,151.09118,0.14716534,8209,False
0b_color_jitter_best,file,15,515,10,9,109,108,0.014540305,0.98556489,0.0043408358,0.98122405,10,True,1.7059838,-0.067738279,11708,False
0b_color_jitter_best,file,15,3542,61,60,60,59,0.12017083,0.88676894,0.020138679,0.86663026,61,True,18.712492,0.046054012,515,False
0b_color_jitter_best,file,15,11652,198,197,104,103,0.019735755,0.98045772,0.0095247328,0.97093299,198,True,4.0335305,-0.065171983,3542,False
0b_color_jitter_best,file,15,4289,74,73,78,77,3.0470943,0.047496736,0.18445845,-0.13696171,78,False,150.69917,0.10383445,11652,False
0b_color_jitter_best,file,15,4332,75,74,114,113,0.012874107,0.98720843,0.0016941532,0.98551427,75,True,1.9685493,0.062940137,4289,False
0b_color_jitter_best,file,15,4183,72,71,30,29,0.17910811,0.83601552,0.058006655,0.77800887,72,True,27.943921,0.088578917,4332,False
0b_color_jitter_best,file,15,5357,92,91,105,104,2.8929384,0.055413142,0.93443501,-0.87902187,105,False,237.87703,0.14464421,4183,False
0b_color_jitter_best,file,15,10491,179,178,172,171,0.15690334,0.85478669,0.029843561,0.82494313,179,True,27.838655,0.060711403,5357,False
0b_color_jitter_best,file,15,1357,25,24,71,70,1.1464919,0.31774953,0.18790428,0.12984525,25,True,119.59695,-0.1137962,10491,False
0b_color_jitter_best,file,15,9675,165,164,156,155,0.21612012,0.80563855,0.045267172,0.76037138,165,True,30.505942,-0.010660374,1357,False
0b_color_jitter_best,file,15,570,11,10,9,8,1.6912696,0.1842854,0.7945118,-0.61022639,9,False,204.91342,0.0067096338,9675,False
0b_color_jitter_best,file,15,862,16,15,172,171,0.01183618,0.98823357,0.0031342609,0.98509931,16,True,1.5648143,0.066317193,570,False
0b_color_jitter_best,file,15,8466,145,144,143,142,0.67196745,0.51070279,0.21198441,0.29871838,145,True,63.059513,0.027184684,862,False
0b_color_jitter_best,file,15,2787,49,48,9,8,2.3612118,0.09430588,0.74623448,-0.6519286,9,False,164.62309,0.022532217,8466,False
0b_color_jitter_best,file,15,2661,47,46,55,54,0.0057038409,0.99431241,0.0013438676,0.99296854,47,True,0.97748535,-0.084852954,2787,False
0b_color_jitter_best,file,15,10932,186,185,111,110,8.3677549,0.00023223629,0.81155783,-0.81132559,111,False,199.28167,-0.065976434,2661,False
0b_color_jitter_best,file,15,7598,130,129,118,117,0.90475255,0.40464199,0.44383022,-0.039188236,118,False,108.53513,0.030614331,10932,False
0b_color_jitter_best,file,15,5609,96,95,167,166,0.20894399,0.81144071,0.033165887,0.77827482,96,True,25.344069,-0.045926069,7598,False
0b_color_jitter_best,file,15,7001,120,119,6,5,0.015454301,0.9846645,0.0043880302,0.98027647,120,True,2.2436535,0.018844779,5609,False
0b_color_jitter_best,file,15,7653,131,130,127,126,0.0097760959,0.99027151,0.0040096184,0.98626189,131,True,1.4939448,0.067736122,7001,False
0b_color_jitter_best,file,15,9715,166,165,165,164,0.058743443,0.94294864,0.015396414,0.92755223,166,True,10.505231,-0.040406763,7653,False
0b_color_jitter_best,file,15,7616,130,129,119,118,2.3505657,0.095315218,0.58040214,-0.48508692,119,False,148.89256,0.076715848,9715,False
0b_color_jitter_best,file,15,1905,34,33,54,53,0.0080598351,0.99197257,0.001217476,0.99075509,34,True,1.3413436,0.084197302,7616,False
0b_color_jitter_best,file,15,5621,96,95,97,96,0.056892838,0.94469529,0.030240901,0.91445439,96,True,11.352683,-0.079076586,1905,False
0b_rotation_best,file,14,3891,67,66,68,67,0.87255156,0.41788393,0.39219218,0.025691748,67,True,141.35021,,-1,False
0b_rotation_best,file,14,5405,93,92,19,18,0.0028110535,0.99719292,0.0020494922,0.99514343,93,True,0.41202507,-0.0038299986,3891,False
0b_rotation_best,file,14,920,17,16,139,138,0.047200762,0.95389587,0.0080628321,0.94583303,17,True,8.0869293,-0.025514858,5405,False
0b_rotation_best,file,14,5043,87,86,66,65,0.036887873,0.96378422,0.0038617728,0.95992245,87,True,4.0182954,0.073858389,920,False
0b_rotation_best,file,14,11743,200,199,168,167,0.012466718,0.9876107,0.0047714892,0.98283921,200,True,1.7051706,0.033587862,5043,False
0b_rotation_best,file,14,3563,62,61,65,64,1.1912904,0.30382895,0.64342368,-0.33959472,65,False,127.26171,0.016626134,11743,False
0b_rotation_best,file,14,956,18,17,187,186,0.031181134,0.96929997,0.0049133841,0.96438659,18,True,5.8104626,-0.013282218,3563,False
0b_rotation_best,file,14,11179,190,189,192,191,0.0080562877,0.99197608,0.005055909,0.98692017,190,True,1.7163302,0.13912328,956,False
0b_rotation_best,file,14,4184,72,71,44,43,0.0037526917,0.99625432,0.0016873495,0.99456698,72,True,0.74725818,0.11686929,11179,False
0b_rotation_best,file,14,881,16,15,172,171,0.077726156,0.92521775,0.018146496,0.90707125,16,True,11.196285,0.023399505,4184,False
0b_rotation_best,file,14,2199,39,38,103,102,0.37328038,0.68847215,0.086805284,0.60166687,39,True,56.075531,-0.01082492,881,False
0b_rotation_best,file,14,4531,78,77,77,76,0.018558318,0.9816128,0.0068870862,0.97472572,78,True,3.1715657,-0.063304161,2199,False
0b_rotation_best,file,14,782,15,14,158,157,0.0303523,0.97010368,0.0016327217,0.96847096,15,True,3.3981765,0.13091816,4531,False
0b_rotation_best,file,14,3068,53,52,51,50,0.054763362,0.94670916,0.016228475,0.93048068,53,True,8.5993854,0.055758677,782,False
0b_rotation_best,file,14,1464,27,26,92,91,4.7167025,0.0089446278,0.17771752,-0.16877289,92,False,170.54824,-0.025642716,3068,False
0b_rotation_best,file,14,11718,199,198,125,124,6.7591481,0.001160217,0.24877714,-0.24761692,125,False,178.1677,-0.025533068,1464,False
0b_rotation_best,file,14,736,14,13,54,53,0.53062344,0.58823812,0.27454695,0.31369117,14,True,106.57239,-0.11069542,11718,False
0b_rotation_best,file,14,10670,182,181,175,174,1.1161598,0.32753518,0.39980009,-0.07226491,175,False,109.36239,0.26466892,736,False
0b_rotation_best,file,14,7916,135,134,40,39,0.67293811,0.51020736,0.18075599,0.32945137,135,True,98.014156,-0.03825761,10670,False
0b_rotation_best,file,14,8376,143,142,48,47,4.9148083,0.0073371269,0.11170389,-0.10436676,48,False,106.62218,-0.010639006,7916,False
0b_rotation_best,file,14,4061,70,69,18,17,0.00046159103,0.99953854,0.00013555906,0.99940298,70,True,0.064165047,0.0054534682,8376,False
0b_rotation_best,file,14,6612,113,112,115,114,0.012813615,0.98726815,0.0078275185,0.97944063,113,True,2.6467016,-0.049544435,4061,False
0b_rotation_best,file,14,6151,106,105,89,88,1.5402763,0.21432187,0.55049527,-0.3361734,89,False,118.93889,0.02341757,6612,False
0b_rotation_best,file,14,4937,85,84,168,167,0.015639629,0.98448205,0.0066263573,0.97785569,85,True,2.1138431,0.085715042,6151,False
0b_rotation_best,file,14,6726,115,114,117,116,0.22239092,0.80060232,0.060625661,0.73997666,115,True,33.058104,0.02440109,4937,False
0b_rotation_best,file,14,8770,150,149,129,128,0.0010963627,0.99890423,0.00031297089,0.99859126,150,True,0.14813152,0.0027735509,6726,False
0b_rotation_best,file,14,4112,71,70,142,141,3.5672619,0.028233053,0.4042733,-0.37604025,142,False,121.54401,0.0842154,8770,False
0b_rotation_best,file,14,6465,111,110,78,77,0.095916577,0.90853983,0.051974803,0.85656503,111,True,18.275128,-0.040452853,4112,False
0b_rotation_best,file,14,2001,36,35,189,188,0.34587833,0.70759857,0.28764117,0.4199574,36,True,52.286786,0.065763558,6465,False
0b_rotation_best,file,14,7827,134,133,14,13,0.0037561357,0.99625093,0.0014292992,0.99482163,134,True,0.5205523,0.0041277405,2001,False
0b_rotation_best,file,14,11579,197,196,123,122,1.1533861,0.31556642,0.16192144,0.15364498,197,True,128.62926,-0.043413384,7827,False
0b_rotation_best,file,14,7688,132,131,122,121,0.22482766,0.79865384,0.052468788,0.74618505,132,True,23.555882,0.1573893,11579,False
0b_rotation_best,file,14,6623,114,113,148,147,0.0029547627,0.99704957,0.0010745777,0.99597499,114,True,0.3336004,0.017681395,7688,False
0b_rotation_best,file,14,2550,45,44,72,71,6.3882475,0.0016812001,0.63807023,-0.63638903,72,False,183.64993,-0.076278366,6623,False
0b_rotation_best,file,14,6381,109,108,171,170,0.076266222,0.92656952,0.018540308,0.90802921,109,True,12.773267,-0.023398562,2550,False
0b_rotation_best,file,14,10708,182,181,175,174,0.013919656,0.98617679,0.0070292396,0.97914755,182,True,2.2737407,-0.017485068,6381,False
0b_rotation_best,file,14,479,9,8,11,10,0.079938859,0.92317277,0.040741876,0.8824309,9,True,10.977671,-0.0064658708,10708,False
0b_rotation_best,file,14,4952,85,84,135,134,0.10481121,0.90049452,0.023337122,0.87715739,85,True,16.301881,0.034538559,479,False
0b_rotation_best,file,14,10656,181,180,157,156,0.40947506,0.66399872,0.07557182,0.5884269,181,True,59.775065,0.02235551,4952,False
0b_rotation_best,file,14,3630,63,62,62,61,0.017354069,0.98279566,0.0058226767,0.97697298,63,True,3.2148983,0.013746724,10656,False
0b_rotation_best,file,14,10772,183,182,163,162,0.70417428,0.49451673,0.24777348,0.24674325,183,True,114.15893,-0.029733653,3630,False
0b_rotation_best,file,14,4129,71,70,72,71,3.3037953,0.036743451,0.64392304,-0.60717959,72,False,119.87021,-0.020553592,10772,False
0b_rotation_best,file,14,11036,188,187,106,105,0.0074453256,0.99258232,0.00095454737,0.99162777,188,True,1.1927267,0.015546181,4129,False
0b_rotation_best,file,14,5450,94,93,112,111,0.00079731143,0.99920303,0.00025485578,0.99894817,94,True,0.13546907,-0.11768141,11036,False
0b_rotation_best,file,14,4776,82,81,80,79,0.15845579,0.85346067,0.11494529,0.73851538,82,True,28.520003,0.12311069,5450,False
0b_rotation_best,file,14,6166,106,105,89,88,0.094411068,0.90990865,0.026857484,0.88305117,106,True,13.057821,-0.0060808691,4776,False
0b_rotation_best,file,14,6776,116,115,174,173,4.4201193,0.012032795,0.31852511,-0.30649231,174,False,188.5305,0.13336745,6166,False
0b_rotation_best,file,14,5910,101,100,100,99,0.00069510617,0.99930513,0.0002235117,0.99908162,101,True,0.10470037,0.065830383,6776,False
0b_rotation_best,file,14,2998,52,51,46,45,0.00050555798,0.99949455,0.00026434625,0.99923021,52,True,0.0694164,-0.029578571,5910,False
0b_rotation_best,file,14,3365,58,57,8,7,0.11694409,0.88963491,0.037113044,0.85252186,58,True,19.232142,-0.013622071,2998,False
0b_rotation_best,file,14,10968,187,186,34,33,2.2316396,0.10735227,0.089057803,0.018294469,187,True,186.11228,0.083261488,3365,False
0b_rotation_best,file,14,10980,187,186,190,189,0.012214268,0.98786002,0.0087789884,0.97908104,187,True,3.3398637,0.14790143,10968,True
0b_rotation_best,file,14,9585,163,162,182,181,0.014833631,0.98527586,0.004874479,0.98040139,163,True,1.9351627,-0.08852487,10980,False
0b_rotation_best,file,14,5511,95,94,96,95,0.3015542,0.73966771,0.20674627,0.53292145,95,True,42.747591,0.096442591,9585,False
0b_rotation_best,file,14,1671,30,29,29,28,0.21363056,0.80764669,0.099136584,0.70851011,30,True,36.377498,-0.066271788,5511,False
0b_rotation_best,file,14,3774,65,64,66,65,0.045103624,0.9558984,0.039965373,0.91593303,65,True,8.7628557,0.077247576,1671,False
0b_rotation_best,file,14,10791,184,183,99,98,3.4956441,0.030329211,0.43653047,-0.40620126,99,False,198.31185,0.0080970402,3774,False
0b_rotation_best,file,14,269,5,4,7,6,0.043095484,0.95781994,0.021533698,0.93628624,5,True,8.7291098,0.14275994,10791,False
0b_rotation_best,file,14,4032,70,69,67,66,0.0006685406,0.99933165,0.00045616017,0.99887549,70,True,0.12172139,0.036567836,269,False
0b_rotation_best,file,14,5581,96,95,139,138,0.71775103,0.48784819,0.22965212,0.25819607,96,True,92.862793,-0.060672441,4032,False
0b_rotation_best,file,14,9536,163,162,88,87,0.0069284667,0.99309546,0.00094234035,0.99215312,163,True,1.4226972,0.16517972,5581,False
0b_rotation_best,file,14,2615,46,45,52,51,0.016143912,0.98398572,0.004227086,0.97975864,46,True,3.005852,-0.037586458,9536,False
0b_rotation_best,file,14,2793,49,48,34,33,4.2536602,0.014212123,0.15551077,-0.14129865,34,False,121.44312,-0.13302413,2615,False
0b_rotation_best,file,14,8764,150,149,194,193,0.38884419,0.67783988,0.27998307,0.3978568,150,True,107.40586,-0.033794442,2793,False
0b_rotation_best,file,14,2169,38,37,39,38,0.89757371,0.40755731,0.29077446,0.11678284,38,True,109.01569,-0.1530713,8764,False
0b_rotation_best,file,14,2664,47,46,177,176,0.039047007,0.96170551,0.01063122,0.95107429,47,True,8.3123173,-0.0060434715,2169,False
0b_rotation_best,file,14,6240,107,106,30,29,5.416409,0.0044430736,0.95806575,-0.95362267,30,False,164.33219,-0.068690271,2664,False
0b_rotation_best,file,14,10156,173,172,170,169,0.3024013,0.73904145,0.078478992,0.66056246,173,True,47.370038,0.13451084,6240,False
0b_rotation_best,file,14,9794,167,166,168,167,0.0031261405,0.99687874,0.0015800734,0.99529867,167,True,0.46581583,-0.051581591,10156,False
0b_rotation_best,file,14,9937,169,168,152,151,3.9951277,0.018405097,0.29071563,-0.27231054,152,False,102.30202,0.033317688,9794,False
0b_rotation_best,file,14,9237,158,157,165,164,0.0083240941,0.99171048,0.0074204486,0.98429004,158,True,1.6312711,-0.16098065,9937,False
0b_rotation_best,file,14,8240,141,140,144,143,0.034749173,0.96584767,0.015210365,0.95063731,141,True,5.0126499,0.060815709,9237,False
0b_rotation_best,file,14,2115,38,37,39,38,0.14825389,0.86221218,0.074147925,0.78806426,38,True,29.22995,-0.00056096423,8240,False
0b_rotation_best,file,14,2563,45,44,142,141,2.8658338,0.056935642,0.44221276,-0.38527712,142,False,155.83609,-0.14729685,2115,False
0b_rotation_best,file,14,2526,44,43,72,71,0.33020392,0.71877712,0.21843182,0.5003453,44,True,61.250626,-0.16455723,2563,False
0b_rotation_best,file,14,6959,119,118,117,116,1.0979722,0.33354679,0.320739,0.012807786,119,True,94.003342,-0.0016793972,2526,False
0b_rotation_best,file,14,10368,177,176,180,179,0.022982189,0.9772799,0.012185141,0.96509476,177,True,3.9850312,0.11064911,6959,False
0b_rotation_best,file,14,6810,117,116,115,114,0.012207437,0.98786676,0.0061164782,0.98175028,117,True,2.0057353,0.048852385,10368,False
0b_rotation_best,file,14,1601,29,28,30,29,0.29253769,0.7463671,0.15778312,0.58858398,29,True,39.629379,-0.023441123,6810,False
0b_rotation_best,file,14,10767,183,182,184,183,0.054835476,0.94664091,0.016753713,0.9298872,183,True,7.734567,0.091193858,1601,False
0b_rotation_best,file,14,138,3,2,93,92,1.0501513,0.34988478,0.095420182,0.2544646,3,True,103.62492,-0.10968515,10767,False
0b_rotation_best,file,14,11555,197,196,193,192,0.21147679,0.80938804,0.072176374,0.73721167,197,True,29.298997,-0.025032507,138,False
0b_rotation_best,file,14,5018,86,85,53,52,0.024811676,0.97549361,0.0039266264,0.97156698,86,True,3.3380715,0.072790591,11555,False
0b_rotation_best,file,14,10036,171,170,166,165,1.6838729,0.18565355,0.61905193,-0.43339838,166,False,140.79202,-0.15849593,5018,False
0b_rotation_best,file,14,6388,110,109,194,193,0.016496923,0.98363841,0.0035288199,0.98010959,110,True,2.238098,-0.05909255,10036,False
0b_rotation_best,file,14,5211,90,89,50,49,0.013610187,0.98648202,0.0013168385,0.98516519,90,True,2.06521,0.062501021,6388,False
0b_rotation_best,file,14,7367,126,125,128,127,7.025352,0.00088905456,0.99672526,-0.99583621,128,False,170.49544,-0.10131582,5211,False
0b_rotation_best,file,14,290,6,5,7,6,0.076718993,0.92615008,0.038777232,0.88737285,6,True,14.680688,-0.063917937,7367,False
0b_rotation_best,file,14,8666,148,147,114,113,0.062257886,0.93964052,0.035916124,0.9037244,148,True,11.417856,-0.16101971,290,False
0b_rotation_best,file,14,5144,88,87,113,112,2.120189,0.12000895,0.27751419,-0.15750524,113,False,133.0388,0.033439328,8666,False
0b_rotation_best,file,14,3275,57,56,68,67,1.4746056,0.22886896,0.24454486,-0.015675902,68,False,155.00391,-0.0043380478,5144,False
0b_rotation_best,file,14,113,2,1,45,44,0.02302343,0.97723961,0.016492363,0.96074725,2,True,5.4095981,0.022920286,3275,False
0b_rotation_best,file,14,3819,66,65,59,58,0.042399082,0.95848721,0.033389084,0.92509813,66,True,8.1881384,-0.083675332,113,False
0b_rotation_best,file,14,9415,161,160,43,42,3.4868045,0.030598495,0.2891914,-0.2585929,43,False,216.0883,-0.10932379,3819,False
0b_rotation_best,file,14,1298,24,23,25,24,0.048212979,0.95293081,0.044562895,0.90836791,24,True,7.8420681,0.014172249,9415,False
0b_rotation_best,file,14,5560,95,94,96,95,0.001749891,0.99825162,0.0015083236,0.99674329,95,True,0.2666625,0.038695138,1298,False
0b_rotation_best,file,14,10914,186,185,185,184,0.00064495264,0.99935526,0.00029208683,0.99906317,186,True,0.10684167,-0.0075136041,5560,False
0b_rotation_best,file,14,4238,73,72,164,163,0.024144309,0.97614485,0.0066493247,0.96949553,73,True,4.2144065,-0.020123958,10914,False
0b_rotation_best,file,14,4661,80,79,82,81,0.067072727,0.9351272,0.0440161,0.8911111,80,True,9.6184122,-0.17756245,4238,False
0b_rotation_best,file,14,2841,50,49,51,50,0.25409701,0.77561659,0.19216558,0.583451,50,True,35.318327,-0.13504676,4661,False
0b_rotation_best,file,14,6566,113,112,165,164,5.9838972,0.0025189908,0.36327681,-0.36075782,165,False,249.22099,0.17715051,2841,False
0b_rotation_best,file,14,10350,176,175,163,162,0.40967482,0.6638661,0.1718576,0.49200851,176,True,50.894719,0.25027794,6566,False
0b_rotation_best,file,14,7555,129,128,22,21,5.1173792,0.0059917071,0.17223562,-0.16624392,22,False,121.30513,-0.024982045,10350,False
0b_rotation_best,file,14,1074,20,19,200,199,0.0020296229,0.99797243,0.00088759174,0.99708484,20,True,0.25227427,0.028253654,7555,False
0b_rotation_best,file,14,7464,128,127,174,173,0.00039998637,0.99960011,5.5916331e-05,0.9995442,128,True,0.055711168,-0.045215327,1074,False
0b_rotation_best,file,14,8913,152,151,153,152,0.10759738,0.89798909,0.015779449,0.88220965,152,True,20.873193,0.05266237,7464,False
0b_rotation_best,file,14,3196,56,55,35,34,0.0067534768,0.99326926,0.0026979689,0.9905713,56,True,0.99974029,-0.056359306,8913,False
0b_rotation_best,file,14,8123,139,138,191,190,0.015337617,0.98477942,0.0065031922,0.97827623,139,True,2.3529862,0.080754337,3196,False
0b_rotation_best,file,14,7080,121,120,113,112,0.019537741,0.98065186,0.005546628,0.97510523,121,True,3.3617152,0.036925433,8123,False
0b_rotation_best,file,14,3435,60,59,66,65,2.7721419,0.062527932,0.63293165,-0.57040372,66,False,150.588,0.10717915,7080,False
0b_rotation_best,file,14,6277,108,107,107,106,1.1863695,0.30532774,0.44966555,-0.1443378,107,False,97.456536,-0.085108481,3435,False
0b_rotation_best,file,14,6248,107,106,29,28,0.15299597,0.8581332,0.055102091,0.80303111,107,True,21.270785,-0.27338537,6277,False
0b_rotation_best,file,14,1241,23,22,100,99,2.6258397,0.072378948,0.28695306,-0.21457411,100,False,128.44347,0.097715773,6248,False
0b_rotation_best,file,14,11303,192,191,188,187,2.3951683,0.091157325,0.069716774,0.021440551,192,True,165.04407,-0.11571495,1241,False
0b_rotation_best,file,14,6956,119,118,115,114,0.011782695,0.98828644,0.0033771039,0.98490933,119,True,1.7681601,0.10757673,11303,False
0b_rotation_best,file,14,9150,156,155,55,54,0.00041595389,0.99958414,6.9992428e-05,0.99951415,156,True,0.060198267,-0.060570935,6956,False
0b_rotation_best,file,14,1514,27,26,29,28,0.14413531,0.86577058,0.074056603,0.79171398,27,True,22.380248,-0.068558168,9150,False
0b_rotation_best,file,14,1639,29,28,30,29,0.14253627,0.86715609,0.086372927,0.78078316,29,True,21.304223,-0.0086950023,1514,False
0b_rotation_best,file,14,1375,25,24,23,22,0.15127723,0.85960937,0.11544579,0.74416358,25,True,16.519946,0.1571864,1639,False
0b_rotation_best,file,14,4127,71,70,72,71,0.80473465,0.44720659,0.43516365,0.01204294,71,True,95.093924,0.016987436,1375,False
0b_rotation_best,file,14,6533,112,111,74,73,0.47206628,0.62371218,0.1041752,0.51953699,112,True,90.466555,0.053155806,4127,False
0b_rotation_best,file,14,7844,134,133,9,8,0.001342468,0.99865842,0.00032194229,0.99833648,134,True,0.16228038,-0.019157344,6533,False
0b_rotation_best,file,14,8500,145,144,143,142,3.7649598,0.023168547,0.85610378,-0.83293523,143,False,148.2643,-0.0063203917,7844,False
0b_rotation_best,file,14,7770,133,132,117,116,1.8360257,0.15944986,0.5270375,-0.36758764,117,False,209.49006,0.084223787,8500,False
0b_rotation_best,file,14,9211,157,156,175,174,0.63037723,0.53239095,0.40782592,0.12456504,157,True,93.451858,0.0088048827,7770,False
0b_rotation_best,file,14,2502,44,43,33,32,2.9833479,0.050623074,0.083849028,-0.033225954,33,False,145.42584,0.15717938,9211,False
0b_rotation_best,file,14,8194,140,139,139,138,0.0021586944,0.99784362,0.00041234813,0.99743128,140,True,0.2372174,0.043091996,2502,False
0b_rotation_best,file,14,1426,26,25,27,26,1.1949325,0.30272445,0.67418689,-0.37146243,27,False,189.38231,-0.019104878,8194,False
0b_rotation_best,file,14,8057,138,137,134,133,0.049126912,0.95206028,0.0059002093,0.94616007,138,True,6.1138987,-0.078623206,1426,False
0b_rotation_best,file,14,1802,32,31,178,177,0.95287657,0.38563016,0.23330231,0.15232785,32,True,153.37196,0.032214713,8057,False
0b_rotation_best,file,14,4599,79,78,80,79,0.23632891,0.78952098,0.14554781,0.64397317,79,True,34.142497,0.087378894,1802,False
0b_rotation_best,file,14,5159,89,88,90,89,0.012605986,0.98747313,0.00098895736,0.98648417,89,True,2.0768755,-0.097800059,4599,False
0b_rotation_best,file,14,8734,149,148,120,119,0.090999961,0.91301775,0.059890855,0.85312689,149,True,13.145561,0.048603028,5159,False
0b_rotation_best,file,14,4520,78,77,103,102,1.0148735,0.36244828,0.29517955,0.067268729,78,True,75.484106,0.019343481,8734,False
0b_rotation_best,file,14,1188,22,21,92,91,0.82383406,0.43874624,0.12624779,0.31249845,22,True,93.771857,-0.0084781347,4520,False
0b_rotation_best,file,14,264,5,4,7,6,0.54181075,0.58169401,0.39652276,0.18517125,5,True,77.77347,-0.077402187,1188,False
0b_rotation_best,file,14,1749,31,30,33,32,3.8173444,0.021986112,0.92476201,-0.9027759,33,False,191.06681,-0.10863733,264,False
0b_rotation_best,file,14,11302,192,191,28,27,0.0042461478,0.99576283,0.0015417463,0.99422108,192,True,0.83767243,-0.10315231,1749,False
0b_rotation_best,file,14,2933,51,50,50,49,0.13817996,0.87094194,0.097128727,0.77381321,51,True,20.780059,0.093098182,11302,False
0b_rotation_best,file,14,9650,164,163,159,158,0.072349645,0.93020558,0.05000357,0.88020201,164,True,14.511002,-0.024826467,2933,False
0b_rotation_best,file,14,10149,173,172,170,169,6.5709462,0.0014004718,0.7342242,-0.73282373,170,False,151.56945,-0.19650244,9650,False
0b_rotation_best,file,14,2467,43,42,155,154,0.32484224,0.72264135,0.07123673,0.65140462,43,True,55.764628,-0.094108327,10149,False
0b_rotation_best,file,14,6135,105,104,22,21,0.046453387,0.95460904,0.035613321,0.91899572,105,True,9.5821204,-0.0013891235,2467,False
0b_rotation_best,file,14,1581,28,27,190,189,0.045029555,0.95596921,0.019198654,0.93677056,28,True,8.3955574,-0.081773052,6135,False
0b_rotation_best,file,14,8782,150,149,127,126,1.0098101,0.36428815,0.32562536,0.038662791,150,True,108.98087,-0.084964154,1581,False
0b_rotation_best,file,14,8635,147,146,111,110,0.27428317,0.76011682,0.10190618,0.65821064,147,True,37.088155,0.11164105,8782,False
0b_rotation_best,file,14,566,11,10,9,8,0.28708711,0.75044638,0.093710035,0.65673634,11,True,39.979574,-0.03871791,8635,False
0b_rotation_best,file,14,8751,149,148,33,32,0.084279731,0.91917408,0.010438413,0.90873566,149,True,11.86044,0.12754245,566,False
0b_rotation_best,file,14,6529,112,111,197,196,2.5212655,0.080357864,0.79456776,-0.7142099,197,False,339.1909,-0.23354704,8751,False
0b_rotation_best,file,14,4639,80,79,67,66,0.021869455,0.97836792,0.012318243,0.96604968,80,True,3.7789549,0.11100668,6529,False
0b_rotation_best,file,14,10452,178,177,193,192,0.27739424,0.7577557,0.20624629,0.55150941,178,True,65.086991,0.062871831,4639,False
0b_rotation_best,file,14,8335,142,141,64,63,0.015749471,0.98437393,0.0016200747,0.98275385,142,True,2.8132135,-0.027398017,10452,False
0b_rotation_best,file,14,1149,21,20,158,157,0.043666799,0.95727289,0.007523336,0.94974955,21,True,6.2910598,-0.042472042,8335,False
0b_rotation_best,file,14,4254,73,72,74,73,0.00069224712,0.99930799,0.00035522628,0.99895276,73,True,0.11553353,0.00088640474,1149,False
0b_rotation_best,file,14,4526,78,77,103,102,0.63892335,0.5278604,0.21947841,0.30838199,78,True,64.46617,0.024538738,4254,False
0b_rotation_best,file,14,4356,75,74,73,72,0.0047082752,0.9953028,0.0015429361,0.99375986,75,True,0.76935949,-0.016035499,4526,False
0b_rotation_best,file,14,2372,42,41,17,16,0.0055283988,0.99448687,0.0015935729,0.9928933,42,True,0.6777136,-0.026283518,4356,False
0b_rotation_best,file,14,9117,156,155,152,151,6.2215071,0.00198625,0.97824943,-0.97626318,152,False,163.13029,-0.015520872,2372,False
0b_rotation_best,file,14,6481,111,110,112,111,0.0029265929,0.9970777,0.00083553419,0.99624217,111,True,0.4531623,-0.0790237,9117,False
0b_rotation_best,file,14,1855,33,32,32,31,0.37878937,0.68468982,0.15059467,0.53409515,33,True,50.757362,0.0057628817,6481,False
0b_rotation_best,file,14,7482,128,127,88,87,0.010453824,0.9896006,0.0027155101,0.98688509,128,True,1.3882481,0.0012725874,1855,False
0b_rotation_best,file,14,641,12,11,98,97,2.0266433,0.13177712,0.48129213,-0.34951501,98,False,139.51181,-0.065351917,7482,False
0b_rotation_best,file,14,3930,68,67,69,68,0.19400543,0.82365346,0.07264255,0.75101091,68,True,24.36523,-0.13833881,641,False
0b_rotation_best,file,14,2088,37,36,43,42,4.4109249,0.01214394,0.77654094,-0.764397,43,False,184.87511,0.092151601,3930,False
0b_rotation_best,file,14,3431,60,59,59,58,3.452106,0.031678848,0.34002459,-0.30834574,59,False,134.01332,-0.14994538,2088,False
0b_rotation_best,file,14,2718,48,47,132,131,0.0027752714,0.99722856,0.0006704058,0.99655816,48,True,0.41192207,-0.034557811,3431,False
0b_rotation_best,file,14,415,8,7,5,4,0.38198799,0.68250328,0.12778836,0.55471492,8,True,50.029006,-0.0087042711,2718,False
0b_rotation_best,file,14,9953,170,169,160,159,0.00088009244,0.9991203,0.00017365791,0.99894664,170,True,0.14600702,0.0050905239,415,False
0b_rotation_best,file,14,2684,47,46,177,176,0.041234203,0.95960438,0.01595764,0.94364674,47,True,6.3995105,0.041247141,9953,False
0b_rotation_best,file,14,4006,69,68,68,67,0.3945218,0.67400229,0.15522206,0.51878023,69,True,54.335828,-0.073145822,2684,False
0b_rotation_best,file,14,148,3,2,1,0,1.7696259,0.17039673,0.50622725,-0.33583052,1,False,140.17487,-0.20305341,4006,False
0b_rotation_best,file,14,1017,19,18,193,192,2.1743817,0.11367841,0.068377808,0.045300603,19,True,113.5249,-0.06059225,148,False
0b_rotation_best,file,14,671,13,12,12,11,0.016606085,0.98353106,0.0041751298,0.97935593,13,True,2.5568296,-0.016652844,1017,False
0b_rotation_best,file,14,151,3,2,9,8,2.5021768,0.081906505,0.51304489,-0.43113839,9,False,156.74477,-0.043940344,671,False
0b_rotation_best,file,14,4617,80,79,82,81,0.90845656,0.40314597,0.22129288,0.18185309,80,True,83.12952,0.011259024,151,False
0b_rotation_best,file,14,7287,125,124,131,130,4.7567821,0.0085932193,0.69313717,-0.68454395,131,False,208.91263,0.095137675,4617,False
0b_rotation_best,file,14,9512,162,161,169,168,0.14829779,0.86217433,0.076695457,0.78547888,162,True,19.793314,0.12235929,7287,False
0b_rotation_best,file,14,10901,185,184,62,61,1.6046273,0.20096445,0.099340796,0.10162365,185,True,115.52162,-0.061930752,9512,False
0b_rotation_best,file,14,3701,64,63,94,93,1.499517,0.22323798,0.52386332,-0.30062534,94,False,214.12227,-0.18029402,10901,False
0b_rotation_best,file,14,4894,84,83,45,44,1.9773133,0.13844068,0.67494768,-0.536507,45,False,118.42672,-0.24682109,3701,False
0b_rotation_best,file,14,7407,127,126,123,122,3.5896533,0.027607903,0.79742634,-0.76981844,123,False,229.29645,-0.071965814,4894,False
0b_rotation_best,file,14,4422,76,75,26,25,0.00070809084,0.99929214,0.00016649222,0.99912564,76,True,0.11994484,0.02655476,7407,False
0b_rotation_best,file,14,6208,107,106,29,28,1.4008231,0.24639407,0.58813995,-0.34174588,29,False,140.64651,0.15662271,4422,False
0b_rotation_best,file,14,7375,126,125,124,123,0.076425932,0.92642152,0.019965023,0.9064565,126,True,12.681962,-0.095540501,6208,False
0b_rotation_best,file,14,3555,62,61,64,63,1.6663244,0.18894029,0.41620156,-0.22726128,64,False,141.34247,-8.3232552e-05,7375,False
0b_rotation_best,file,14,9793,167,166,180,179,1.4714332,0.22959621,0.14005855,0.089537665,167,True,126.14067,0.042742706,3555,False
0b_rotation_best,file,14,303,6,5,7,6,0.00154257,0.99845862,0.0014939945,0.99696463,6,True,0.4222455,0.020141377,9793,False
0b_rotation_best,file,14,9474,162,161,170,169,0.064719155,0.93733066,0.032032225,0.90529844,162,True,10.209456,0.13200782,303,False
0b_rotation_best,file,14,4449,77,76,38,37,0.022049164,0.97819215,0.019308461,0.95888369,77,True,3.2421878,0.16827487,9474,False
0b_rotation_best,file,14,4363,75,74,16,15,0.19204605,0.82526886,0.079111159,0.74615771,75,True,30.009989,0.062932048,4449,False
0b_rotation_best,file,14,6394,110,109,41,40,0.0053931219,0.9946214,0.00070379447,0.9939176,110,True,0.60026334,-0.034365449,4363,False
0b_rotation_best,file,14,5235,90,89,8,7,0.107867,0.89774698,0.042806163,0.85494082,90,True,19.535298,0.015443091,6394,False
0b_rotation_best,file,14,9193,157,156,175,174,0.23048009,0.79415226,0.20331022,0.59084204,157,True,39.273558,0.071967841,5235,False
0b_rotation_best,file,14,3990,69,68,68,67,0.36764142,0.69236541,0.1157174,0.576648,69,True,47.159042,-0.088674623,9193,False
0b_rotation_best,file,14,1790,32,31,199,198,2.5229278,0.080224402,0.12011284,-0.039888442,199,False,142.54643,-0.17977693,3990,False
0b_rotation_best,file,14,181,4,3,30,29,3.9887168,0.018523468,0.40526378,-0.38674031,30,False,151.40229,0.0073978093,1790,False
0b_rotation_best,file,14,710,13,12,10,9,2.2326846,0.10724016,0.13722202,-0.029981859,10,False,98.574068,0.18549224,181,False
0b_rotation_best,file,14,11178,190,189,189,188,0.01569772,0.98442483,0.0061243768,0.97830045,190,True,1.8900247,0.093982755,710,False
0b_rotation_best,file,14,5845,100,99,101,100,0.065635666,0.936472,0.04604413,0.89042787,100,True,9.4325539,0.0080946726,11178,False
0b_rotation_best,file,14,8544,146,145,144,143,0.049254701,0.95193863,0.027867008,0.92407162,146,True,9.1168065,-0.054909352,5845,False
0b_rotation_best,file,14,6326,109,108,21,20,0.00026282194,0.9997372,7.0948314e-05,0.99966625,109,True,0.031952226,0.068617491,8544,False
0b_rotation_best,file,14,4683,81,80,159,158,0.046977971,0.95410842,0.030299814,0.9238086,81,True,7.4605118,-0.017151119,6326,False
0b_rotation_best,file,14,9125,156,155,157,156,0.0073772864,0.99264985,0.0018466435,0.99080321,156,True,1.1690356,0.031979561,4683,False
0b_rotation_best,file,14,3979,69,68,23,22,0.89167887,0.40996689,0.062038649,0.34792824,69,True,92.479334,-0.0042404187,9125,False
0b_rotation_best,file,14,6330,109,108,21,20,0.010758611,0.98929906,0.0081273271,0.98117173,109,True,1.4618597,-0.031929369,3979,False
0b_rotation_best,file,14,1259,23,22,30,29,5.5354738,0.0039443397,0.56338137,-0.55943703,30,False,205.12025,-0.039623973,6330,False
0b_rotation_best,file,14,7930,136,135,137,136,0.069431335,0.93292421,0.056142181,0.87678203,136,True,13.544969,0.059014936,1259,False
0b_rotation_best,file,14,2286,40,39,102,101,0.017494883,0.98265725,0.010869252,0.971788,40,True,3.2784649,-0.018972354,7930,False
0b_rotation_best,file,14,6891,118,117,132,131,4.1686983,0.01547239,0.15752035,-0.14204796,132,False,134.52396,-0.10567996,2286,False
0b_rotation_best,file,14,9317,159,158,164,163,0.0044053174,0.9956044,0.0020607114,0.99354368,159,True,0.62811493,0.031967335,6891,False
0b_rotation_best,file,14,2279,40,39,102,101,0.016235871,0.98389524,0.0064213574,0.97747388,40,True,3.0443489,0.087109081,9317,False
0b_rotation_best,file,14,11516,196,195,199,198,1.3365006,0.26276356,0.56283176,-0.3000682,199,False,127.58875,-0.066754604,2279,False
0b_rotation_best,file,14,1717,31,30,33,32,0.0098315775,0.99021661,0.0080485735,0.98216804,31,True,1.2127138,0.11296866,11516,False
0b_rotation_best,file,14,3371,59,58,147,146,2.7215278,0.06577418,0.17158778,-0.1058136,147,False,114.62066,0.010885661,1717,False
0b_rotation_best,file,14,11075,189,188,36,35,0.0023837266,0.99761909,0.0010965791,0.99652251,189,True,0.29052171,-0.032969174,3371,False
0b_rotation_best,file,14,2038,36,35,24,23,1.4434011,0.23612332,0.074136436,0.16198689,36,True,94.143872,0.015075285,11075,False
0b_rotation_best,file,14,6845,117,116,116,115,0.7397784,0.47721964,0.22316431,0.25405534,117,True,80.544107,-0.095863454,2038,False
0b_rotation_best,file,14,7382,126,125,124,123,0.40748858,0.66531903,0.30029032,0.36502871,126,True,64.714487,-0.24228394,6845,False
0b_rotation_best,file,14,3016,53,52,86,85,0.37489876,0.68735886,0.11467825,0.57268061,53,True,48.722915,-0.011568047,7382,False
0b_rotation_best,file,14,5196,89,88,106,105,0.0016126735,0.99838865,0.00055935106,0.9978293,89,True,0.21198618,0.043366717,3016,False
0b_rotation_best,file,14,4439,77,76,32,31,0.17859155,0.83644748,0.017569803,0.81887767,77,True,26.954753,0.031358094,5196,False
0b_rotation_best,file,14,11759,200,199,98,97,0.025323443,0.97499448,0.0035522487,0.97144223,200,True,4.1014543,-0.056845505,4439,False
0b_rotation_best,file,14,11421,194,193,36,35,0.11643405,0.8900888,0.067889117,0.82219968,194,True,21.583599,0.007600934,11759,False
0b_rotation_best,file,14,3928,68,67,33,32,4.1912093,0.015127979,0.21166019,-0.19653221,33,False,134.54747,-0.012770387,11421,False
0b_rotation_best,file,14,7969,136,135,135,134,7.8655586,0.00038373488,0.98222363,-0.9818399,135,False,257.24897,0.031567537,3928,False
0b_rotation_best,file,14,1491,27,26,29,28,4.3928528,0.012365406,0.41961154,-0.40724614,29,False,176.10121,0.08825661,7969,False
0b_rotation_best,file,14,6000,103,102,77,76,0.11323683,0.89293915,0.056638058,0.83630109,103,True,16.210507,0.087445977,1491,False
0b_rotation_best,file,14,3208,56,55,185,184,0.00051556644,0.99948454,0.00038185096,0.99910269,56,True,0.10115636,0.080885177,6000,False
0b_rotation_best,file,14,5522,95,94,96,95,0.00064936053,0.99935085,0.00048315214,0.99886769,95,True,0.074071404,0.022001775,3208,False
0b_rotation_best,file,14,8626,147,146,145,144,0.12226679,0.88491225,0.015750056,0.8691622,147,True,23.174429,-0.064354889,5522,False
0b_rotation_best,file,14,1332,24,23,8,7,0.043076646,0.957838,0.005733585,0.95210441,24,True,7.7071122,-0.028273414,8626,False
0b_rotation_best,file,14,3799,66,65,59,58,0.047000721,0.95408672,0.024039024,0.9300477,66,True,9.4753452,-0.037991106,1332,False
0b_rotation_best,file,14,861,16,15,97,96,0.038426016,0.96230292,0.012889267,0.94941366,16,True,6.2917048,-0.038692144,3799,False
0b_rotation_best,file,14,8361,143,142,145,144,0.71097046,0.49116731,0.48217419,0.008993119,143,True,92.47673,0.0042055831,861,False
0b_rotation_best,file,14,1973,35,34,140,139,0.010189066,0.98986268,0.0027901833,0.9870725,35,True,1.8239406,0.014996439,8361,False
0b_rotation_best,file,14,1837,33,32,31,30,0.39189702,0.67577368,0.049994998,0.62577868,33,True,41.990876,-0.14730869,1973,False
0b_rotation_best,file,14,4840,83,82,33,32,0.43193409,0.64925218,0.078432307,0.57081987,83,True,52.380966,-0.028200789,1837,False
0b_rotation_best,file,14,8917,152,151,171,170,0.18064083,0.8347351,0.052150328,0.78258477,152,True,29.137922,-0.0057326504,4840,False
0b_rotation_best,file,14,2827,49,48,29,28,4.0951996,0.016652422,0.87063444,-0.85398201,29,False,228.686,-0.046208144,8917,False
0b_rotation_best,file,14,5699,98,97,95,94,0.013371199,0.98671782,0.0035617666,0.98315605,98,True,2.6416555,0.037536853,2827,False
0b_rotation_best,file,14,8653,148,147,156,155,0.61108065,0.54276401,0.0962722,0.44649181,148,True,92.866482,0.032050917,5699,False
0b_rotation_best,file,14,7111,122,121,120,119,0.070053384,0.93234402,0.0098514417,0.92249258,122,True,18.077719,-0.13644946,8653,False
0b_rotation_best,file,14,6416,110,109,194,193,0.002521314,0.99748188,0.00044586879,0.99703601,110,True,0.30707194,-0.072383217,7111,False
0b_rotation_best,file,14,2343,41,40,91,90,0.16550207,0.84746814,0.056135137,0.791333,41,True,33.853758,-0.030219114,6416,False
0b_rotation_best,file,14,7633,131,130,125,124,1.1104872,0.32939845,0.19421868,0.13517977,131,True,136.61301,-0.08070719,2343,False
0b_rotation_best,file,14,1571,28,27,188,187,0.0038438973,0.99616349,0.0029464611,0.99321703,28,True,0.93385932,0.076237436,7633,False
0b_rotation_best,file,14,1952,35,34,56,55,0.011501081,0.98856479,0.0061214068,0.98244338,35,True,2.1144888,0.15106271,1571,False
0b_rotation_best,file,14,8012,137,136,135,134,0.064247064,0.93777329,0.041206293,0.89656699,137,True,10.120679,-0.047182546,1952,False
0b_rotation_best,file,14,11532,196,195,153,152,0.063570276,0.9384082,0.020722669,0.91768553,196,True,16.165365,0.0027858921,8012,False
0b_rotation_best,file,14,8107,139,138,140,139,1.7889541,0.16713487,0.8224839,-0.65534903,140,False,198.07045,-0.019523748,11532,False
0b_rotation_best,file,14,7871,135,134,137,136,1.3815056,0.25120005,0.235209,0.015991047,135,True,88.561875,0.0012071388,8107,False
0b_rotation_best,file,14,1027,19,18,93,92,0.034293007,0.96628833,0.0053170701,0.96097126,19,True,5.185098,-0.041159435,7871,False
0b_rotation_best,file,14,3069,53,52,51,50,0.0012304363,0.9987703,0.00082102593,0.99794927,53,True,0.27564536,0.017164619,1027,False
0b_rotation_best,file,14,9721,166,165,171,170,0.23734806,0.78871673,0.10208784,0.68662889,166,True,30.473028,0.00023342509,3069,False
0b_rotation_best,file,14,9988,170,169,98,97,1.2653779,0.28213269,0.2107958,0.07133688,170,True,88.603165,0.069957828,9721,False
0b_rotation_best,file,14,5099,88,87,169,168,0.035237927,0.96537572,0.0058457693,0.95952995,88,True,4.7475292,-0.15336785,9988,False
0b_rotation_best,file,14,10420,177,176,180,179,0.094455644,0.90986806,0.0092466576,0.9006214,177,True,10.3873,0.011093183,5099,False
0b_rotation_best,file,14,3164,55,54,133,132,0.00033456451,0.9996655,8.1657417e-05,0.99958384,55,True,0.049454136,0.00044596212,10420,False
0b_rotation_best,file,14,8053,138,137,111,110,0.91358137,0.4010852,0.065278374,0.33580682,138,True,104.76456,-0.050416711,3164,False
0b_rotation_best,file,14,8498,145,144,147,146,2.6110322,0.073458672,0.81031632,-0.73685765,147,False,164.5745,0.033226038,8053,False
0b_rotation_best,file,14,6675,115,114,117,116,0.24086012,0.78595155,0.094648473,0.69130308,115,True,39.986918,0.009638518,8498,False
0b_rotation_best,file,14,5635,97,96,16,15,0.15188532,0.85908681,0.038019374,0.82106744,97,True,20.182229,0.096137954,6675,False
0b_rotation_best,file,14,2888,50,49,52,51,2.524029,0.080136083,0.71242058,-0.6322845,52,False,155.85332,0.1330591,5635,False
0b_rotation_best,file,14,3761,65,64,45,44,0.3174037,0.72803676,0.062452905,0.66558386,65,True,59.588207,0.18566248,2888,False
0b_rotation_best,file,14,4768,82,81,79,78,0.0098902425,0.9901585,0.0016244939,0.988534,82,True,1.2188376,0.035335157,3761,False
0b_rotation_best,file,14,2152,38,37,32,31,2.3550882,0.094885148,0.11780766,-0.022922508,32,False,146.40742,0.05375063,4768,False
0b_rotation_best,file,14,4699,81,80,79,78,0.0069805556,0.99304378,0.0038895756,0.9891542,81,True,1.5519237,-0.0080256521,2152,False
0b_rotation_best,file,14,1229,22,21,105,104,0.80299324,0.44798601,0.46491307,-0.016927063,105,False,97.369193,-0.0049937439,4699,False
0b_rotation_best,file,14,4770,82,81,79,78,0.018754303,0.98142046,0.0072606998,0.97415976,82,True,2.5625295,-0.042627662,1229,False
0b_rotation_best,file,14,822,15,14,136,135,0.010669095,0.98938763,0.0020206934,0.98736694,15,True,1.6466456,-0.017608958,4770,False
0b_rotation_best,file,14,11174,190,189,28,27,1.2171661,0.29606804,0.10189346,0.19417458,190,True,89.917717,-0.1358426,822,False
0b_rotation_best,file,14,1877,34,33,199,198,0.0026630436,0.9973405,0.00099790166,0.9963426,34,True,0.42947074,-0.069115902,11174,False
0b_rotation_best,file,14,605,12,11,13,12,0.007055487,0.99296933,0.0011759313,0.9917934,12,True,1.0974165,-0.037125864,1877,False
0b_rotation_best,file,14,5342,92,91,22,21,0.0090536075,0.99098724,0.002082665,0.98890458,92,True,1.5499386,-0.10104636,605,False
0b_rotation_best,file,14,4858,84,83,106,105,0.010541,0.98951435,0.0014937387,0.98802061,84,True,1.6531782,0.011477035,5342,False
0b_rotation_best,file,14,10803,184,183,183,182,0.058148962,0.9435094,0.046133261,0.89737614,184,True,14.871054,-0.023006449,4858,False
0b_rotation_best,file,14,5691,98,97,55,54,0.27756116,0.75762922,0.10393304,0.65369618,98,True,41.407143,-0.011353021,10803,False
0b_rotation_best,file,14,11484,195,194,199,198,0.001265321,0.99873549,0.00065552251,0.99807996,195,True,0.23151305,0.0019972853,5691,False
0b_rotation_best,file,14,1299,24,23,25,24,4.0172723e-05,0.99995983,2.0418143e-05,0.99993941,24,True,0.0078664928,-0.052020832,11484,False
0b_rotation_best,file,14,9021,154,153,181,180,1.2152026,0.29664993,0.60985255,-0.31320262,181,False,173.89119,-0.10711476,1299,False
0b_rotation_best,file,14,11412,194,193,198,197,0.094910555,0.90945429,0.028693261,0.88076103,194,True,12.814666,-0.19848019,9021,False
0b_rotation_best,file,14,10931,186,185,185,184,0.021777194,0.97845823,0.013886048,0.96457218,186,True,4.2415443,0.0037218899,11412,False
0b_rotation_best,file,14,9559,163,162,95,94,0.028853223,0.97155905,0.010642922,0.96091613,163,True,3.7551345,0.0093076258,10931,False
0b_rotation_best,file,14,72,2,1,59,58,0.040133014,0.96066165,0.0043601808,0.95630147,2,True,6.613917,-0.036366517,9559,False
0b_rotation_best,file,14,7761,133,132,132,131,0.0099260071,0.99012309,0.0037074594,0.98641563,133,True,1.1621223,0.060051755,72,False
0b_rotation_best,file,14,5287,91,90,63,62,2.2501307,0.10538545,0.26901093,-0.16362549,63,False,153.79383,0.0012858849,7761,False
0b_rotation_best,file,14,4209,73,72,74,73,0.020141831,0.98005968,0.015911018,0.96414866,73,True,3.6740367,-0.035842531,5287,False
0b_rotation_best,file,14,8378,143,142,146,145,1.8399574,0.15882421,0.74212456,-0.58330035,146,False,155.76722,0.0097584728,4209,False
0b_rotation_best,file,14,1548,28,27,187,186,0.00027187943,0.99972814,9.8769087e-05,0.99962937,28,True,0.049412761,0.087458491,8378,False
0b_rotation_best,file,14,9783,167,166,180,179,8.4139214,0.00022175848,0.99611723,-0.99589548,180,False,138.02265,-0.082063719,1548,False
0b_rotation_best,file,14,4267,74,73,54,53,0.0036608838,0.99634582,0.0010798654,0.99526595,74,True,0.81216278,-0.033171481,9783,False
0b_rotation_best,file,14,5492,94,93,160,159,0.00040379952,0.9995963,0.00011367902,0.99948262,94,True,0.066171534,-0.022181196,4267,False
0b_rotation_best,file,14,6081,104,103,152,151,0.078367203,0.92462486,0.016861679,0.90776318,104,True,13.143892,-0.076402187,5492,False
0b_rotation_best,file,14,7469,128,127,125,124,3.6227446,0.026709268,0.55300909,-0.52629982,125,False,251.10673,0.065045052,6081,False
0b_rotation_best,file,14,8975,153,152,155,154,0.039949078,0.96083838,0.018622758,0.94221562,153,True,9.1419271,0.21957129,7469,False
0b_rotation_best,file,14,7079,121,120,117,116,2.5912836,0.074923806,0.27330169,-0.19837788,117,False,155.56272,-0.02877594,8975,False
0b_rotation_best,file,14,7290,125,124,131,130,0.033681963,0.96687895,0.013214364,0.95366459,125,True,5.9704508,0.0082190999,7079,False
0b_rotation_best,file,14,6478,111,110,78,77,3.1856985,0.041349351,0.89776897,-0.85641962,78,False,227.93825,-0.044221002,7290,False
0b_rotation_best,file,14,7254,124,123,126,125,0.64918673,0.52247053,0.047803532,0.474667,124,True,79.291473,0.16491158,6478,False
0b_rotation_best,file,14,1704,31,30,186,185,2.7745695,0.062376317,0.29789898,-0.23552266,186,False,180.47282,-0.070026807,7254,False
0b_rotation_best,file,14,3415,59,58,146,145,2.2471099,0.10570426,0.27967831,-0.17397405,146,False,150.86454,-0.021812669,1704,False
0b_rotation_best,file,14,9006,154,153,151,150,0.035227224,0.96538603,0.018402031,0.946984,154,True,6.0855156,-0.093592309,3415,False
0b_rotation_best,file,14,6037,104,103,131,130,0.017812639,0.98234504,0.0034481448,0.9788969,104,True,3.0853293,-0.043465732,9006,False
0b_rotation_best,file,14,6111,105,104,92,91,5.3968019,0.0045310492,0.84502137,-0.84049032,92,False,184.30297,-0.039394115,6037,False
0b_rotation_best,file,14,5035,87,86,46,45,0.030164706,0.97028571,0.015391354,0.95489436,87,True,6.3900441,0.056049553,6111,False
0b_rotation_best,file,14,9757,166,165,48,47,0.035911851,0.96472532,0.0076543968,0.95707092,166,True,5.5117408,-0.059319993,5035,False
0b_rotation_best,file,14,8411,144,143,141,140,4.0520825,0.017386133,0.52474195,-0.50735581,141,False,160.21055,-0.0656136,9757,False
0b_rotation_best,file,14,10264,175,174,157,156,2.5836389,0.075498775,0.80803555,-0.73253678,157,False,159.78092,0.013153542,8411,False
0b_rotation_best,file,14,955,18,17,37,36,0.013284976,0.98680288,0.0033646603,0.98343822,18,True,3.1115903,0.15737102,10264,False
0b_rotation_best,file,14,762,14,13,54,53,0.4600578,0.63124716,0.23223238,0.39901479,14,True,67.994011,0.052558971,955,False
0b_rotation_best,file,14,9402,160,159,164,163,0.0010090742,0.99899143,0.00047165388,0.99851978,160,True,0.23445094,-0.012739249,762,False
0b_rotation_best,file,14,11244,191,190,139,138,0.00095631636,0.99904412,0.00010841191,0.99893571,191,True,0.12686666,0.16363009,9402,False
0b_rotation_best,file,14,617,12,11,96,95,0.11484395,0.89150524,0.043647319,0.84785792,12,True,16.413756,0.14225782,11244,False
0b_rotation_best,file,14,10429,178,177,181,180,1.9748942,0.138776,0.32660893,-0.18783292,181,False,115.46706,0.0049338044,617,False
0b_rotation_best,file,14,7544,129,128,125,124,1.6177883,0.19833687,0.75371456,-0.55537769,125,False,209.99218,-0.13691718,10429,False
0b_rotation_best,file,14,6861,118,117,130,129,0.97540677,0.37703896,0.56153411,-0.18449515,130,False,127.07721,-0.053340595,7544,False
0b_rotation_best,file,14,9382,160,159,21,20,0.0090439199,0.99099684,0.0028993255,0.98809751,160,True,1.4568279,0.088481237,6861,False
0b_rotation_best,file,14,1415,26,25,49,48,3.4300237,0.032386173,0.50990945,-0.47752328,49,False,129.05918,-0.041753856,9382,False
0b_rotation_best,file,14,1897,34,33,16,15,0.0014881737,0.99851292,0.00016809738,0.99834483,34,True,0.21811827,0.019187055,1415,False
0b_rotation_best,file,14,8323,142,141,160,159,0.11325599,0.89292204,0.0213561,0.87156594,142,True,17.405309,0.052193606,1897,False
0b_rotation_best,file,14,4275,74,73,79,78,1.2507759,0.28628257,0.18636765,0.099914923,74,True,151.75752,-0.061158893,8323,False
0b_rotation_best,file,14,4612,79,78,82,81,0.17307813,0.8410719,0.064889677,0.77618223,79,True,28.025374,-0.13884001,4275,False
0b_rotation_best,file,14,5800,99,98,183,182,0.014286851,0.98581475,0.0036932353,0.98212151,99,True,2.2149617,0.20925029,4612,False
0b_rotation_best,file,14,7074,121,120,128,127,3.1006327,0.045020711,0.4095085,-0.36448779,128,False,154.18975,-0.099791697,5800,False
0b_rotation_best,file,14,2325,41,40,32,31,5.294704,0.0050180987,0.46187872,-0.45686062,32,False,161.87612,0.070451061,7074,False
0b_rotation_best,file,14,8526,146,145,145,144,0.086533867,0.91710448,0.02249282,0.89461166,146,True,14.276802,0.033972189,2325,False
0b_rotation_best,file,14,6685,115,114,131,130,3.9251337,0.019739497,0.70718282,-0.68744333,131,False,132.58266,0.048768309,8526,False
0b_rotation_best,file,14,15,1,0,2,1,0.017155936,0.98299038,0.0048204879,0.9781699,1,True,3.3379977,0.11218385,6685,False
0b_rotation_best,file,14,2402,42,41,139,138,0.0021099227,0.99789232,0.00039179574,0.99750052,42,True,0.26915413,-0.14502941,15,False
0b_rotation_best,file,14,8836,151,150,114,113,0.0099760517,0.99007356,0.003218241,0.98685532,151,True,1.6409705,-0.03055267,2402,False
0b_rotation_best,file,14,11647,198,197,150,149,1.5894005,0.2040479,0.54008836,-0.33604045,150,False,161.09332,-0.12560994,8836,False
0b_rotation_best,file,14,9326,159,158,99,98,0.10460754,0.90067792,0.026676664,0.87400126,159,True,14.881583,0.05850886,11647,False
0b_rotation_best,file,14,533,10,9,97,96,0.0042583742,0.99575067,0.00052341569,0.99522725,10,True,0.5619512,0.09698061,9326,False
0b_rotation_best,file,14,11755,200,199,197,196,0.027033212,0.97332889,0.0048986552,0.96843023,200,True,3.981224,0.026129846,533,False
0b_rotation_best,file,14,5637,97,96,16,15,0.21348497,0.80776429,0.069295943,0.73846835,97,True,26.097793,-0.010193194,11755,False
0b_rotation_best,file,14,2487,44,43,49,48,0.00435535,0.99565411,0.001065156,0.99458895,44,True,0.84195684,0.10470373,5637,False
0b_rotation_best,file,14,7243,124,123,126,125,0.08955548,0.91433752,0.028041225,0.88629629,124,True,13.623495,-0.060198232,2487,False
0b_rotation_best,file,14,3438,60,59,64,63,0.92318726,0.39725089,0.17872408,0.21852681,60,True,91.815676,0.048557482,7243,False
0b_rotation_best,file,14,2254,40,39,37,36,1.1798869,0.30731347,0.062924355,0.24438912,40,True,108.50944,0.14373822,3438,False
0b_rotation_best,file,14,368,7,6,58,57,0.7181226,0.48766696,0.23240967,0.25525729,7,True,109.84628,0.0093089407,2254,False
0b_rotation_best,file,14,11657,198,197,194,193,0.0086534042,0.99138391,0.0015683024,0.98981561,198,True,1.3625732,0.077780208,368,False
0b_rotation_best,file,14,8625,147,146,145,144,5.9176722,0.0026914584,0.2156973,-0.21300584,145,False,144.79121,0.050181517,11657,False
0b_rotation_best,file,14,6663,114,113,85,84,0.0085710278,0.99146563,0.0015575319,0.9899081,114,True,1.1506336,-0.022186032,8625,False
0b_rotation_best,file,14,7200,123,122,113,112,0.0030838335,0.99692094,0.0018876701,0.99503327,123,True,0.41513117,-0.097126715,6663,False
0b_rotation_best,file,14,9896,169,168,171,170,0.0046243868,0.9953863,0.00091032096,0.99447598,169,True,0.54808011,0.017724644,7200,False
0b_rotation_best,file,14,3746,65,64,59,58,0.079244092,0.92381442,0.024403043,0.89941137,65,True,15.081111,0.10098213,9896,False
0b_rotation_best,file,14,5003,86,85,72,71,0.26035187,0.77078032,0.089666292,0.68111403,86,True,56.207417,0.095292141,3746,False
0b_rotation_best,file,14,5946,102,101,40,39,0.46915901,0.6255281,0.30334941,0.32217869,102,True,62.269503,0.042386485,5003,False
0b_rotation_best,file,14,7141,122,121,99,98,2.5855105,0.075357594,0.80305928,-0.72770169,99,False,176.67191,0.17767311,5946,False
0b_rotation_best,file,14,3375,59,58,66,65,0.063795775,0.9381966,0.035212632,0.90298397,59,True,9.7482923,-0.099200186,7141,False
0b_rotation_best,file,14,1165,21,20,109,108,0.0075789057,0.99244976,0.0026971544,0.98975261,21,True,0.97406785,-0.014647485,3375,False
0b_rotation_best,file,14,1171,21,20,195,194,2.8290854,0.059066858,0.24559984,-0.18653298,195,False,213.82806,0.092650442,1165,True
0b_rotation_best,file,14,6988,120,119,99,98,0.021918437,0.97832,0.0040067355,0.97431327,120,True,2.9558107,0.053691944,1171,False
0b_rotation_best,file,14,1860,33,32,31,30,0.0055039772,0.99451113,0.0018368433,0.99267428,33,True,0.78013397,0.03438174,6988,False
0b_rotation_best,file,14,7022,120,119,11,10,3.9609988,0.019044084,0.21930909,-0.20026501,11,False,151.08351,-0.086385919,1860,False
0b_rotation_best,file,14,9421,161,160,177,176,0.0023323495,0.99767035,0.00075720582,0.99691315,161,True,0.43040871,0.09445637,7022,False
0b_rotation_best,file,14,7272,125,124,133,132,0.040029712,0.96076089,0.0051649036,0.95559599,125,True,7.9037563,0.11668803,9421,False
0b_rotation_best,file,14,32,1,0,3,2,2.2492568,0.10547759,0.87314582,-0.76766822,3,False,167.71599,-0.058492038,7272,False
0b_rotation_best,file,14,8997,154,153,117,116,1.3688097,0.25440964,0.4415926,-0.18718296,117,False,133.42838,-0.12380403,32,False
0b_rotation_best,file,14,3145,55,54,168,167,0.00088021153,0.99912018,0.00019428683,0.99892589,55,True,0.13341502,-0.061324579,8997,False
0b_rotation_best,file,14,2386,42,41,139,138,0.088577949,0.91523176,0.034677681,0.88055408,42,True,11.626066,-0.018345904,3145,False
0b_rotation_best,file,14,11332,193,192,178,177,0.026903482,0.97345519,0.010452193,0.963003,193,True,4.5525304,-0.20502357,2386,False
0b_rotation_best,file,14,5359,92,91,194,193,0.16392209,0.84880817,0.065574393,0.78323378,92,True,23.998649,-0.076218561,11332,False
0b_rotation_best,file,14,2598,46,45,90,89,0.01202689,0.98804516,0.0014586556,0.9865865,46,True,1.8605508,-0.040081981,5359,False
0b_rotation_best,file,14,388,8,7,25,24,1.1781888,0.30783579,0.28685093,0.020984858,8,True,116.26723,0.012608286,2598,False
0b_rotation_best,file,14,7936,136,135,137,136,0.13494371,0.87376511,0.037144676,0.83662044,136,True,17.709447,0.037169514,388,False
0b_rotation_best,file,14,9947,169,168,163,162,0.0095686605,0.99047697,0.0076236092,0.98285336,169,True,1.8262704,0.0361251,7936,False
0b_rotation_best,file,14,5267,91,90,112,111,0.044542141,0.95643532,0.013323667,0.94311166,91,True,6.7778284,-0.06092058,9947,False
0b_rotation_best,file,14,9223,157,156,175,174,0.31501433,0.72977841,0.15930898,0.57046942,157,True,32.543791,-0.061490982,5267,False
0b_rotation_best,file,14,10306,175,174,182,181,0.011544448,0.98852193,0.0035688695,0.98495306,175,True,1.9577859,-0.099428592,9223,False
0b_rotation_best,file,14,4853,84,83,45,44,1.1501958,0.31657478,0.61959982,-0.30302504,45,False,135.08883,0.0030761707,10306,False
0b_rotation_best,file,14,10599,180,179,182,181,0.013601955,0.98649013,0.0086875232,0.97780261,180,True,1.8709353,0.068566916,4853,False
0b_rotation_best,file,14,912,17,16,140,139,0.05520273,0.94629329,0.0084692407,0.93782405,17,True,8.3050755,0.060353948,10599,False
0b_rotation_best,file,14,9503,162,161,176,175,0.0024560308,0.99754697,0.00091467577,0.9966323,162,True,0.3683906,0.027453403,912,False
0b_rotation_best,file,14,8233,141,140,84,83,2.8574896,0.05741271,0.56647134,-0.50905863,84,False,190.8876,-0.04997432,9503,False
0b_rotation_best,file,14,444,9,8,11,10,0.056070626,0.94547236,0.034228653,0.91124371,9,True,7.4420112,0.053708379,8233,False
0b_rotation_best,file,14,2198,39,38,103,102,3.5621352,0.028378163,0.30568457,-0.2773064,103,False,143.63663,-0.052357733,444,False
0b_rotation_best,file,14,10347,176,175,163,162,0.016877824,0.98326379,0.0060045519,0.97725924,176,True,2.1732273,-0.078373973,2198,False
0b_rotation_best,file,14,5285,91,90,7,6,3.532599,0.029228846,0.23523906,-0.20601021,7,False,157.93987,-0.045943579,10347,False
0b_rotation_best,file,14,361,7,6,6,5,0.0089915842,0.99104869,0.0054020346,0.98564666,7,True,1.3192822,-0.0060487408,5285,False
0b_rotation_best,file,14,8848,151,150,6,5,0.52922595,0.58906072,0.13492022,0.4541405,151,True,83.922586,0.047771131,361,False
0b_rotation_best,file,14,2931,51,50,50,49,1.3697414,0.25417268,0.19541821,0.058754474,51,True,113.51531,-0.014866106,8848,False
0b_rotation_best,file,14,2071,37,36,43,42,3.2764289,0.037762865,0.89865661,-0.86089374,43,False,141.8221,-0.082010371,2931,False
0b_rotation_best,file,14,662,13,12,171,170,0.000225161,0.99977487,5.251628e-05,0.99972236,13,True,0.042648671,0.086124126,2071,False
0b_rotation_best,file,14,3271,57,56,192,191,0.0043411069,0.99566829,0.0010234819,0.99464481,57,True,0.64390366,0.065762032,662,False
0b_rotation_best,file,14,11283,192,191,159,158,0.00026806575,0.99973196,2.7525655e-05,0.99970443,192,True,0.042582979,0.082264442,3271,False
0b_rotation_best,file,14,9371,160,159,170,169,1.0434251,0.35224614,0.098156519,0.25408962,160,True,107.04437,0.089698015,11283,False
0b_rotation_best,file,14,511,10,9,12,11,0.0030680273,0.99693668,0.00090952648,0.99602715,10,True,0.42830794,0.095525691,9371,False
0b_rotation_best,file,14,7106,122,121,119,118,0.26826617,0.76470423,0.032592297,0.73211193,122,True,42.477319,-0.017429371,511,False
0b_rotation_best,file,14,6182,106,105,84,83,0.023197576,0.97706944,0.014192759,0.96287668,106,True,3.9216552,0.022924063,7106,False
0b_rotation_best,file,14,8405,144,143,142,141,0.92087555,0.39817026,0.25676674,0.14140353,144,True,118.02187,-0.14948461,6182,False
0b_rotation_best,file,14,2439,43,42,174,173,1.9091872,0.1482008,0.69809276,-0.54989196,174,False,245.29865,0.0078025996,8405,False
0b_rotation_best,file,14,9446,161,160,88,87,3.1430581,0.043150634,0.34677529,-0.30362466,88,False,183.27895,0.015141738,2439,False
0b_rotation_best,file,14,3497,61,60,66,65,0.074229337,0.92845875,0.051557593,0.87690116,61,True,13.785769,-0.12977845,9446,False
0b_rotation_best,file,14,8172,140,139,16,15,0.9680829,0.37981048,0.56961167,-0.18980119,16,False,197.51697,0.13849649,3497,False
0b_rotation_best,file,14,1658,30,29,107,106,3.434062,0.032255653,0.81705004,-0.78479439,107,False,254.60108,-0.0084536651,8172,False
0b_rotation_best,file,14,3706,64,63,62,61,0.40279579,0.66844857,0.23660684,0.43184173,64,True,52.572711,0.018100795,1658,False
0b_rotation_best,file,14,5096,88,87,174,173,0.015795939,0.98432815,0.0046570543,0.9796711,88,True,2.1354961,0.075848908,3706,False
0b_rotation_best,file,14,5432,93,92,11,10,6.0062828,0.0024632274,0.53611636,-0.53365313,11,False,231.08413,0.026861509,5096,False
0b_rotation_best,file,14,6880,118,117,193,192,6.432301,0.0016087446,0.97119474,-0.969586,193,False,302.74067,0.1063225,5432,False
0b_rotation_best,file,14,2034,36,35,194,193,0.0333126,0.96723616,0.017014971,0.95022119,36,True,5.4880921,-0.01564347,6880,False
0b_rotation_best,file,14,8949,153,152,161,160,1.0835764,0.33838317,0.13609695,0.20228621,153,True,108.33118,-0.075439414,2034,False
0b_rotation_best,file,14,10877,185,184,186,185,7.324317,0.00065930991,0.99750274,-0.99684343,186,False,198.91422,0.038791127,8949,False
0b_rotation_best,file,14,11558,197,196,196,195,0.002060673,0.99794143,0.0017685087,0.99617293,197,True,0.47089114,-0.023552278,10877,False
0b_rotation_best,file,14,10353,176,175,163,162,0.13639435,0.87249851,0.041731436,0.83076708,176,True,16.274865,-0.084718099,11558,False
0b_rotation_best,file,14,5997,103,102,102,101,1.8456545,0.15792193,0.21400078,-0.056078851,102,False,90.578664,0.014574691,10353,False
0b_rotation_best,file,14,3787,66,65,65,64,4.5048084,0.011055711,0.97024846,-0.95919275,65,False,225.03064,0.024966844,5997,False
0b_rotation_best,file,14,11232,191,190,188,187,0.87333345,0.4175573,0.54836464,-0.13080734,188,False,97.416215,-0.057427492,3787,False
0b_rotation_best,file,14,4848,83,82,14,13,0.10618741,0.89925611,0.01763122,0.88162489,83,True,15.746623,0.02083545,11232,False
0b_rotation_best,file,14,9080,155,154,78,77,3.1485722,0.042913355,0.10602826,-0.063114904,78,False,139.60589,0.015037618,4848,False
0b_rotation_best,file,14,5394,93,92,3,2,0.039186288,0.96157157,0.0042665368,0.95730504,93,True,11.706418,0.0097660552,9080,False
0b_rotation_best,file,14,4994,86,85,53,52,0.043478489,0.95745313,0.014765355,0.94268778,86,True,8.1133668,-0.19598083,5394,False
0b_rotation_best,file,14,11088,189,188,36,35,0.0023482863,0.9976545,0.0021403648,0.99551413,189,True,0.39352087,0.092533155,4994,False
0b_rotation_best,file,14,4716,81,80,79,78,0.021424176,0.97880369,0.010476872,0.96832682,81,True,4.061808,-0.021908836,11088,False
0b_rotation_best,file,14,10989,187,186,190,189,0.011712004,0.98835629,0.010810505,0.97754579,187,True,2.7990876,-0.11038047,4716,False
0b_rotation_best,file,14,8410,144,143,145,144,7.4911833,0.00055798236,0.8451587,-0.84460071,145,False,215.77867,-0.047886517,10989,False
0b_rotation_best,file,14,10124,172,171,16,15,0.13147874,0.87679791,0.063215636,0.81358228,172,True,15.982461,0.00024211458,8410,False
0b_rotation_best,file,14,9855,168,167,166,165,3.4331434,0.032285299,0.62493521,-0.59264991,166,False,245.29757,0.038331138,10124,False
0b_rotation_best,file,14,1603,29,28,30,29,3.3794339,0.03406674,0.27586788,-0.24180114,30,False,107.0502,0.048267717,9855,False
0b_rotation_best,file,14,10539,179,178,148,147,0.020202463,0.98000026,0.0043449751,0.97565528,179,True,3.7077661,0.1431295,1603,False
0b_rotation_best,file,14,3160,55,54,96,95,0.014386971,0.98571604,0.0044380641,0.98127798,55,True,2.2655215,-0.02952112,10539,False
0b_rotation_best,file,14,6513,112,111,111,110,0.19797266,0.82039231,0.17520422,0.64518809,112,True,37.542211,-0.05073576,3160,False
0b_rotation_best,file,14,7430,127,126,128,127,0.1336225,0.87492031,0.04527773,0.82964258,127,True,15.979318,-0.034140326,6513,False
0b_rotation_best,file,14,1772,32,31,33,32,3.7372053,0.023820581,0.79396486,-0.77014428,33,False,155.98183,-0.063822335,7430,False
0b_rotation_best,file,14,5158,89,88,46,45,0.0034607302,0.99654526,0.00027766338,0.99626759,89,True,0.49861716,-0.066338403,1772,False
0b_rotation_best,file,14,10638,181,180,174,173,0.011812736,0.98825675,0.0018112563,0.9864455,181,True,2.2646289,0.059425266,5158,False
0b_rotation_best,file,14,2832,50,49,51,50,0.24920331,0.77942151,0.1621644,0.6172571,50,True,30.81181,0.075423132,10638,False
0b_rotation_best,file,14,10225,174,173,156,155,1.7172589,0.17955768,0.40080276,-0.22124508,156,False,125.27956,-0.047669825,2832,False
0b_rotation_best,file,14,460,9,8,11,10,0.34849641,0.70574844,0.23961042,0.46613802,9,True,36.845019,-0.076175839,10225,False
0b_rotation_best,file,14,7417,127,126,120,119,8.2452812,0.00026249426,0.7667309,-0.76646841,120,False,184.45347,-0.027698608,460,False
0b_rotation_best,file,14,3546,61,60,66,65,0.5062651,0.60274255,0.19431482,0.40842773,61,True,69.751897,-0.067724793,7417,False
0b_rotation_best,file,14,5772,99,98,149,148,0.10050602,0.90437967,0.050202336,0.85417733,99,True,17.975871,-0.016372943,3546,False
0b_rotation_best,file,14,11034,188,187,191,190,0.0018057008,0.99819595,0.0015199216,0.99667602,188,True,0.27904959,-0.0081352419,5772,False
0b_rotation_best,file,14,8042,137,136,118,117,6.3588247,0.0017314,0.96245515,-0.96072375,118,False,202.29905,0.021131349,11034,False
0b_rotation_best,file,14,1670,30,29,27,26,6.8918948,0.0010159869,0.55168915,-0.55067316,27,False,182.81312,0.010529602,8042,False
0b_rotation_best,file,14,11448,195,194,196,195,0.0098646283,0.99018389,0.0026431668,0.98754072,195,True,2.3554148,-0.088875322,1670,False
0b_rotation_best,file,14,5979,103,102,38,37,0.19286777,0.82459098,0.047068261,0.77752272,103,True,29.524632,-0.05306578,11448,False
0b_rotation_best,file,14,7152,123,122,117,116,1.542938,0.21375217,0.1470464,0.066705763,123,True,139.80412,0.0069851705,5979,False
0b_rotation_best,file,14,2554,45,44,63,62,0.616696,0.53972471,0.18395574,0.35576896,45,True,68.761795,-0.039698806,7152,False
0b_rotation_best,file,14,115,2,1,62,61,0.01274488,0.98733598,0.0033068112,0.98402917,2,True,2.5827341,0.046069332,2554,False
0b_rotation_best,file,14,9090,155,154,153,152,0.23308259,0.79208815,0.17287345,0.6192147,155,True,42.298809,0.12393042,115,False
0b_rotation_best,file,14,313,6,5,7,6,0.00304925,0.99695539,0.00087161938,0.99608378,6,True,0.69386248,-0.020252916,9090,False
0b_rotation_best,file,14,5206,90,89,51,50,0.25230008,0.77701151,0.042224884,0.73478663,90,True,35.782255,-0.11074517,313,False
0b_rotation_best,file,14,10103,172,171,200,199,0.37750441,0.68557018,0.044030681,0.6415395,172,True,53.470416,-0.097487824,5206,False
0b_rotation_best,file,14,10552,180,179,182,181,0.040907897,0.95991755,0.022758752,0.93715879,180,True,5.842224,0.02619303,10103,False
0b_rotation_best,file,14,345,7,6,5,4,0.051032029,0.95024824,0.018732553,0.93151569,7,True,7.3127667,-0.055663441,10552,False
0b_rotation_best,file,14,9955,170,169,76,75,2.4196725,0.088950761,0.29316989,-0.20421913,76,False,145.3311,-0.033747452,345,False
0b_rotation_best,file,14,7995,137,136,136,135,2.1386914,0.11780892,0.20359719,-0.085788265,136,False,105.95312,-0.12586366,9955,False
0b_rotation_best,file,14,7867,135,134,102,101,0.017404446,0.98274612,0.0056724492,0.97707368,135,True,2.8293741,0.17125872,7995,False
0b_rotation_best,file,14,2741,48,47,166,165,0.0015695883,0.99843162,0.00018001752,0.99825161,48,True,0.24213246,0.17355715,7867,False
0b_rotation_best,file,14,213,4,3,11,10,1.6192515,0.19804688,0.13601132,0.062035561,4,True,130.18974,-0.042622441,2741,False
0b_rotation_best,file,14,5874,101,100,100,99,0.0060475222,0.99397075,0.0014194337,0.99255132,101,True,0.89060074,-0.061739346,213,False
0b_rotation_best,file,14,11493,196,195,199,198,0.012019823,0.98805213,0.0044778981,0.98357423,196,True,1.9989207,-0.04685171,5874,False
0b_rotation_best,file,14,2334,41,40,135,134,0.013486937,0.98660362,0.0031660681,0.98343755,41,True,2.0860497,-0.059207231,11493,False
0b_rotation_best,file,14,409,8,7,5,4,3.0147402,0.049058583,0.12373833,-0.074679743,5,False,135.71135,-0.030877662,2334,False
0b_rotation_best,file,14,10558,180,179,172,171,0.0098835146,0.99016517,0.001432032,0.98873314,180,True,1.4612018,-0.15715764,409,False
0b_rotation_best,file,14,9888,168,167,162,161,0.036497049,0.96416092,0.029210532,0.93495039,168,True,6.9168572,0.088908718,10558,False
0b_rotation_best,file,14,11206,191,190,188,187,0.0095882611,0.99045753,0.0025956396,0.9878619,191,True,1.5531899,-0.076145629,9888,False
0b_rotation_best,file,14,10180,173,172,179,178,0.071918748,0.93060648,0.019023798,0.91158269,173,True,12.455088,0.070515374,11206,False
0b_rotation_best,file,14,6068,104,103,99,98,0.9290781,0.39491764,0.24265197,0.15226567,104,True,128.19632,0.074900466,10180,False
0b_rotation_best,file,14,3310,58,57,25,24,0.0558719,0.94566029,0.011576348,0.93408395,58,True,9.5939768,-0.091680024,6068,False
0b_rotation_best,file,14,10086,172,171,170,169,0.069170624,0.93316746,0.012362371,0.92080509,172,True,8.4541172,-0.05692914,3310,False
0b_rotation_best,file,14,4027,70,69,68,67,5.2406492,0.0052968161,0.59961528,-0.59431846,68,False,111.54665,0.079897805,10086,False
0b_rotation_best,file,14,4929,85,84,181,180,0.47302231,0.6231162,0.034125298,0.5889909,85,True,70.327211,-0.039048968,4027,False
0b_rotation_best,file,14,5875,101,100,145,144,0.085694864,0.91787428,0.028025256,0.88984902,101,True,12.835764,-0.16396557,4929,False
0b_rotation_best,file,14,6291,108,107,107,106,0.16463701,0.84820151,0.12420664,0.72399487,108,True,26.532329,0.035964524,5875,False
0b_rotation_best,file,14,3867,67,66,68,67,0.51192629,0.59933996,0.28386217,0.31547779,67,True,78.977365,-0.032664688,6291,False
0b_rotation_best,file,14,3363,58,57,25,24,2.0595145,0.12751585,0.27462229,-0.14710644,25,False,172.2835,-0.071839175,3867,False
0b_rotation_best,file,14,5957,102,101,91,90,2.108567,0.12141183,0.37764505,-0.25623322,91,False,141.821,0.057172483,3363,False
0b_rotation_best,file,14,1343,25,24,23,22,2.125138,0.11941648,0.84357679,-0.72416031,23,False,157.17456,0.14205649,5957,False
0b_rotation_best,file,14,10014,171,170,99,98,3.7578361,0.023334179,0.2469416,-0.22360742,99,False,117.6973,0.14358335,1343,False
0b_rotation_best,file,14,3605,62,61,74,73,2.1641555,0.11484689,0.35412985,-0.23928297,74,False,182.15929,-0.13071277,10014,False
0b_rotation_best,file,14,11366,193,192,178,177,0.012182118,0.98789179,0.0043749553,0.98351684,193,True,2.0531043,0.073225091,3605,False
0b_rotation_best,file,14,7676,131,130,104,103,0.33200717,0.71748221,0.19371207,0.52377014,131,True,43.168809,0.054791803,11366,False
0b_rotation_best,file,14,10852,185,184,56,55,0.0036457994,0.99636084,0.0014154559,0.99494538,185,True,0.58223484,-0.12084018,7676,False
0b_rotation_best,file,14,2635,46,45,90,89,0.0088902134,0.99114919,0.0031771748,0.98797201,46,True,1.7834987,0.14945971,10852,False
0b_rotation_best,file,14,7837,134,133,9,8,0.13733593,0.87167734,0.029344477,0.84233286,134,True,17.680885,0.004553472,2635,False
0b_rotation_best,file,14,9657,165,164,166,165,0.0018741201,0.99812764,0.00092998327,0.99719766,165,True,0.32293253,0.011777736,7837,False
0b_rotation_best,file,14,4392,76,75,26,25,1.0480897,0.35060686,0.62680912,-0.27620226,26,False,117.21059,0.070533741,9657,False
0b_rotation_best,file,14,225,4,3,27,26,0.0071350294,0.99289036,0.0019491846,0.99094117,4,True,1.1709769,0.06045402,4392,False
0b_rotation_best,file,14,55,1,0,90,89,0.046310902,0.95474511,0.0041448707,0.95060024,1,True,8.7925292,0.011980398,225,False
0b_rotation_best,file,14,4845,83,82,69,68,0.2181306,0.8040204,0.042184953,0.76183545,83,True,33.058334,0.11401902,55,False
0b_rotation_best,file,14,3657,63,62,145,144,0.92319196,0.39724901,0.36684313,0.030405879,63,True,116.65975,0.051423699,4845,False
0b_rotation_best,file,14,8870,151,150,153,152,0.2596316,0.77133566,0.021809828,0.74952583,151,True,25.961667,-0.11549413,3657,False
0b_rotation_best,file,14,9664,165,164,166,165,0.00093511713,0.99906534,0.00031052498,0.99875481,165,True,0.14261507,-0.092616716,8870,False
0b_rotation_best,file,14,5922,102,101,39,38,2.0994475,0.12252411,0.70818585,-0.58566175,39,False,209.17979,-0.052505239,9664,False
0b_rotation_best,file,14,2094,37,36,39,38,3.3468652,0.035194509,0.43070787,-0.39551336,39,False,154.48388,0.054454423,5922,False
0b_rotation_best,file,14,9063,155,154,153,152,4.6084256,0.0099675003,0.87306529,-0.86309779,153,False,181.777,-0.019445559,2094,False
0b_rotation_best,file,14,7197,123,122,99,98,1.0748305,0.34135562,0.11666295,0.22469267,123,True,97.829629,0.056718767,9063,False
0b_rotation_best,file,14,4604,79,78,52,51,2.0403888,0.12997815,0.046797726,0.083180424,79,True,112.37441,0.059095282,7197,False
0b_rotation_best,file,14,10665,182,181,180,179,0.73716879,0.47846663,0.2878139,0.19065273,182,True,76.815045,-0.022223594,4604,False
0b_rotation_best,file,14,8730,149,148,150,149,0.46308142,0.62934142,0.15268271,0.47665872,149,True,47.160839,0.15080529,10665,False
0b_rotation_best,file,14,6794,117,116,132,131,0.12746802,0.88032156,0.03617999,0.84414157,117,True,23.573803,-0.075839309,8730,False
0b_rotation_best,file,14,11456,195,194,199,198,0.0047810045,0.99523038,0.0026414446,0.99258893,195,True,1.0404673,-0.15567421,6794,False
0b_rotation_best,file,14,10255,175,174,157,156,0.005345575,0.99466866,0.0021861352,0.99248253,175,True,0.93941183,0.012101794,11456,False
0b_rotation_best,file,14,10426,177,176,161,160,0.0086758584,0.99136168,0.0052191368,0.98614254,177,True,1.3510237,-0.086021392,10255,False
0b_rotation_best,file,14,7265,124,123,123,122,0.26915294,0.7640264,0.12552999,0.63849641,124,True,36.469577,0.076808389,10426,False
0b_rotation_best,file,14,10209,174,173,179,178,0.16438055,0.84841907,0.045355361,0.80306371,174,True,36.115631,-0.05806939,7265,False
0b_rotation_best,file,14,7740,132,131,133,132,0.031139998,0.96933985,0.015197633,0.95414221,132,True,4.3852898,-0.068559036,10209,False
0b_rotation_best,file,14,1974,35,34,56,55,0.032932255,0.9676041,0.014140325,0.95346378,35,True,6.1272766,0.006289935,7740,False
0b_rotation_best,file,14,10503,179,178,154,153,0.88839096,0.41131705,0.3497918,0.061525255,179,True,115.47561,0.0016440951,1974,False
0b_rotation_best,file,14,8679,148,147,174,173,0.0050901347,0.99492282,0.0011537102,0.99376911,148,True,0.98930108,0.36309564,10503,False
0b_rotation_best,file,14,5721,98,97,16,15,3.1733041,0.041865043,0.49250504,-0.45064,16,False,150.76387,-0.061382451,8679,False
0b_rotation_best,file,14,545,11,10,22,21,1.1484853,0.31711674,0.24007241,0.077044323,11,True,148.45366,-0.059164369,5721,False
0b_rotation_best,file,14,8129,139,138,42,41,0.0039094463,0.99609816,0.0022075714,0.99389059,139,True,0.49188479,0.12495667,545,False
0b_rotation_best,file,14,2176,39,38,43,42,1.9234298,0.14610498,0.22093312,-0.074828148,43,False,134.18469,0.029171061,8129,False
0b_rotation_best,file,14,1034,19,18,155,154,0.0016856284,0.99831581,0.00042338867,0.99789242,19,True,0.30785515,0.11128091,2176,False
0b_rotation_best,file,14,4167,72,71,71,70,0.073912188,0.92875326,0.02538437,0.90336889,72,True,14.062181,0.000826522,1034,False
0b_rotation_best,file,14,5465,94,93,59,58,0.18171047,0.83384275,0.012559595,0.82128316,94,True,34.096547,0.059244713,4167,False
0b_rotation_best,file,14,6768,116,115,117,116,0.039031185,0.96172071,0.011518624,0.95020208,116,True,6.503597,-0.11484396,5465,False
0b_rotation_best,file,14,984,18,17,181,180,0.0018773327,0.99812442,0.00066274294,0.99746168,18,True,0.41340601,0.082052168,6768,False
0b_rotation_best,file,14,10060,171,170,128,127,0.024710616,0.9755922,0.0031638332,0.97242836,171,True,3.7314174,0.023169866,984,False
0b_rotation_best,file,14,8280,141,140,144,143,1.386011,0.25007087,0.25208408,-0.0020132065,144,False,114.78594,0.11765559,10060,False
0b_rotation_best,file,14,7704,132,131,119,118,0.71063519,0.49133202,0.21072014,0.28061189,132,True,105.13098,0.069069205,8280,False
0b_rotation_best,file,14,2932,51,50,50,49,0.42604959,0.65308398,0.32641014,0.32667384,51,True,67.100141,0.11343816,7704,False
0b_rotation_best,file,14,9308,159,158,114,113,0.0061474047,0.99387145,0.00075950101,0.99311195,159,True,1.0646265,0.12242869,2932,False
0b_rotation_best,file,14,3289,57,56,6,5,2.0296803,0.1313775,0.15417032,-0.022792816,6,False,118.57946,0.063416804,9308,False
0b_rotation_best,file,14,3205,56,55,34,33,0.075790487,0.92701042,0.042153355,0.88485706,56,True,17.312159,0.098882247,3289,False
0b_rotation_best,file,14,9290,158,157,137,136,0.25124246,0.77783376,0.057745483,0.72008828,158,True,33.343743,0.13514928,3205,False
0b_rotation_best,file,14,9869,168,167,20,19,0.94027358,0.39052099,0.36768398,0.022837013,168,True,117.49592,-0.15598488,9290,False
0b_rotation_best,file,14,4485,77,76,38,37,0.0036161051,0.9963904,0.0033716632,0.99301874,77,True,0.59335646,-0.098025642,9869,False
0b_rotation_best,file,14,8564,146,145,147,146,0.81802094,0.44130418,0.35482848,0.0864757,146,True,68.715584,0.024747,4485,False
0b_rotation_best,file,14,8881,152,151,172,171,0.0021182497,0.99788398,0.00092771428,0.99695626,152,True,0.37680257,0.057075259,8564,False
0b_rotation_best,file,14,1058,20,19,170,169,0.93870264,0.39113495,0.3442888,0.046846151,20,True,123.33573,0.14837352,8881,False
0b_rotation_best,file,14,929,17,16,42,41,0.45080507,0.637115,0.061928306,0.5751867,17,True,45.483287,-0.059852876,1058,False
0b_rotation_best,file,14,10633,181,180,18,17,2.5894809,0.075058997,0.70647037,-0.63141137,18,False,205.77528,0.089139427,929,False
0b_rotation_best,file,14,6757,116,115,130,129,0.59908003,0.54931676,0.13601187,0.4133049,116,True,86.406842,-0.19006613,10633,False
0b_rotation_best,file,14,3123,54,53,15,14,0.0021062351,0.99789596,0.00096148456,0.99693447,54,True,0.41554942,0.060247905,6757,False
0b_rotation_best,file,14,6283,108,107,23,22,0.044716798,0.95626825,0.0096060075,0.94666224,108,True,9.9418023,-0.042350723,3123,False
0b_rotation_best,file,14,3114,54,53,14,13,0.0076522548,0.99237692,0.0059801685,0.98639676,54,True,1.3076173,-0.021636054,6283,False
0b_rotation_best,file,14,11057,188,187,191,190,0.0044199158,0.99558985,0.0024115802,0.99317827,188,True,0.65083334,-0.040858129,3114,False
0b_rotation_best,file,14,1103,20,19,200,199,0.010200866,0.989851,0.0052928762,0.98455812,20,True,1.3770904,0.071099269,11057,False
0b_rotation_best,file,14,9607,164,163,159,158,0.0026694636,0.99733412,0.0022742846,0.99505984,164,True,0.51745144,0.11566991,1103,False
0b_rotation_best,file,14,1186,22,21,105,104,0.10978937,0.89602286,0.014861383,0.88116147,22,True,16.660903,-0.0056167681,9607,False
0b_rotation_best,file,14,7585,130,129,196,195,7.2977934,0.000677031,0.70391059,-0.70323356,196,False,242.33751,-0.036855565,1186,False
0b_rotation_best,file,14,1286,23,22,58,57,0.4005875,0.66992635,0.048098736,0.62182761,23,True,59.115148,0.12052575,7585,False
0b_rotation_best,file,14,4426,76,75,79,78,0.14972827,0.86094189,0.044239413,0.81670247,76,True,25.397831,0.0014629071,1286,False
0b_rotation_best,file,14,3621,63,62,60,59,0.96594238,0.38062435,0.088166803,0.29245755,63,True,118.0677,0.024642454,4426,False
0b_rotation_best,file,14,3866,67,66,40,39,0.04934185,0.95185566,0.017991582,0.93386408,67,True,10.630751,0.028863591,3621,False
0b_rotation_best,file,14,9639,164,163,179,178,6.5125933,0.0014846243,0.50655103,-0.5050664,179,False,199.02317,0.027902515,3866,False
0b_rotation_best,file,14,8083,138,137,111,110,0.012952363,0.98713118,0.0041452246,0.98298595,138,True,1.8797782,0.058519112,9639,False
0b_rotation_best,file,14,1436,26,25,108,107,2.6436586,0.071100652,0.60124993,-0.53014928,108,False,259.47506,0.077071043,8083,False
0b_rotation_best,file,14,5050,87,86,134,133,1.2037455,0.3000682,0.086163625,0.21390457,87,True,84.938837,-0.071151742,1436,False
0b_rotation_best,file,14,6935,119,118,115,114,2.2369063,0.10678838,0.15900034,-0.052211955,115,False,122.89549,0.063232442,5050,False
0b_rotation_best,file,14,11423,194,193,92,91,0.016089834,0.98403889,0.00317069,0.9808682,194,True,2.8554203,-0.12421394,6935,False
0b_rotation_best,file,14,11347,193,192,195,194,0.0675309,0.93469882,0.02206916,0.91262966,193,True,11.3278,-0.018672729,11423,False
0b_rotation_best,file,14,10212,174,173,173,172,0.67990464,0.50666529,0.20083988,0.30582541,174,True,113.88707,0.058151691,11347,False
0b_rotation_best,file,14,6587,113,112,123,122,0.022157606,0.97808605,0.014486474,0.96359958,113,True,3.8831189,0.055942295,10212,False
0b_rotation_best,file,14,6137,105,104,22,21,0.025004346,0.97530568,0.024518386,0.95078729,105,True,7.71981,0.12834734,6587,False
0b_rotation_best,file,14,11074,189,188,36,35,0.00040570612,0.99959439,0.0002336888,0.9993607,189,True,0.056357548,0.10973202,6137,False
0b_rotation_best,file,14,7561,129,128,127,126,0.080571562,0.92258888,0.064852864,0.85773602,129,True,18.704076,-0.033886931,11074,False
0b_rotation_best,file,14,5796,99,98,37,36,0.029498706,0.97093213,0.0082443599,0.96268777,99,True,4.1536053,0.0037875572,7561,False
0b_rotation_best,file,14,2455,43,42,39,38,0.68394917,0.50462019,0.20634249,0.29827771,43,True,86.328314,-0.22860267,5796,False
0b_rotation_best,file,14,10437,178,177,196,195,0.55378324,0.57477123,0.13156608,0.44320515,178,True,91.432826,-0.0077538712,2455,False
0b_rotation_best,file,14,5857,100,99,23,22,0.27833152,0.75704581,0.20755017,0.54949564,100,True,47.568114,-0.034797015,10437,False
0b_rotation_best,file,14,3092,54,53,14,13,0.80504322,0.44706863,0.53670698,-0.089638352,14,False,108.91993,0.12800412,5857,False
0b_rotation_best,file,14,275,5,4,89,88,7.733984,0.00043769681,0.67961252,-0.67917482,89,False,154.91921,-0.014267951,3092,False
0b_rotation_best,file,14,823,15,14,54,53,0.0047744792,0.99523687,0.00088517985,0.99435169,15,True,0.66861741,-0.07993447,275,False
0b_rotation_best,file,14,10795,184,183,178,177,1.7473459,0.17423578,0.36131549,-0.18707971,178,False,115.64197,0.11110074,823,False
0b_rotation_best,file,14,7766,133,132,132,131,0.13349733,0.8750298,0.10509294,0.76993687,133,True,30.729494,0.11193307,10795,False
0b_rotation_best,file,14,744,14,13,54,53,0.33846512,0.71286362,0.12120198,0.59166165,14,True,65.915493,0.11650476,7766,False
0b_rotation_best,file,14,11685,199,198,196,195,0.4756102,0.62150574,0.3742367,0.24726903,199,True,106.79243,-0.096161361,744,False
0b_rotation_best,file,14,10734,183,182,99,98,0.009189453,0.99085265,0.0044089644,0.98644369,183,True,1.6443275,0.21624771,11685,False
0b_rotation_best,file,14,3690,64,63,66,65,0.038919285,0.96182835,0.014601417,0.94722693,64,True,7.3530124,0.17597676,10734,False
0b_rotation_best,file,14,9269,158,157,97,96,0.0074959677,0.99253207,0.0013888046,0.99114327,158,True,1.1204239,-0.029498493,3690,False
0b_rotation_best,file,14,5852,100,99,53,52,0.37909818,0.6844784,0.28059572,0.40388268,100,True,65.483189,-0.11711988,9269,False
0b_rotation_best,file,14,2966,52,51,34,33,0.0030292836,0.9969753,0.00082367338,0.99615163,52,True,0.43920176,-0.061260791,5852,False
0b_rotation_best,file,14,2953,52,51,51,50,0.016017923,0.9841097,0.0066755726,0.97743413,52,True,2.5788581,0.38996461,2966,True
0b_rotation_best,file,14,6638,114,113,85,84,0.0097038466,0.99034309,0.0032351685,0.98710793,114,True,1.4358507,0.079099199,2953,False
0b_rotation_best,file,14,8966,153,152,200,199,0.52125162,0.59377688,0.31375468,0.2800222,153,True,86.700671,-0.091069003,6638,False
0b_rotation_best,file,14,5646,97,96,30,29,0.033622719,0.96693623,0.014567589,0.95236864,97,True,9.5749021,-0.03205027,8966,False
0b_rotation_best,file,14,2734,48,47,192,191,0.00036673972,0.99963331,5.9198694e-05,0.99957411,48,True,0.052448739,0.05158068,5646,False
0b_rotation_best,file,14,3949,68,67,67,66,0.049361933,0.95183659,0.010081336,0.94175525,68,True,6.7525813,0.021953482,2734,False
0b_rotation_best,file,14,8324,142,141,30,29,1.9365035,0.14420728,0.3496882,-0.20548092,30,False,146.39038,-0.062098464,3949,False
0b_rotation_best,file,14,8209,140,139,139,138,0.0011770948,0.99882358,0.00048010741,0.99834348,140,True,0.15294692,-0.076005677,8324,False
0b_rotation_best,file,14,11708,199,198,11,10,2.4660978,0.084915578,0.2703748,-0.18545923,11,False,107.9376,0.090180839,8209,False
0b_rotation_best,file,14,515,10,9,97,96,0.0062569915,0.99376255,0.0013172346,0.99244532,10,True,0.71698974,-0.044329592,11708,False
0b_rotation_best,file,14,3542,61,60,66,65,0.16939762,0.84417319,0.038790826,0.80538237,61,True,26.740882,-0.068670312,515,False
0b_rotation_best,file,14,11652,198,197,104,103,0.019653702,0.98053819,0.0063373684,0.97420082,198,True,3.4802384,0.062792025,3542,False
0b_rotation_best,file,14,4289,74,73,72,71,4.7288666,0.0088364827,0.21727987,-0.20844338,72,False,187.04034,0.16640498,11652,False
0b_rotation_best,file,14,4332,75,74,168,167,0.095864914,0.90858674,0.025272673,0.88331407,75,True,14.375028,-0.031798616,4289,False
0b_rotation_best,file,14,4183,72,71,30,29,0.010284523,0.98976821,0.0062389076,0.9835293,72,True,2.3500513,0.044191678,4332,False
0b_rotation_best,file,14,5357,92,91,105,104,3.7031751,0.024645153,0.95566797,-0.93102282,105,False,259.48725,-0.057476277,4183,False
0b_rotation_best,file,14,10491,179,178,173,172,0.22865498,0.79560298,0.038068891,0.75753409,179,True,34.988888,-0.081564394,5357,False
0b_rotation_best,file,14,1357,25,24,44,43,0.76605165,0.46484482,0.18745135,0.27739348,25,True,79.41088,-0.082811279,10491,False
0b_rotation_best,file,14,9675,165,164,158,157,0.19956325,0.8190884,0.043011114,0.77607729,165,True,22.868287,0.010947752,1357,False
0b_rotation_best,file,14,570,11,10,9,8,2.6364925,0.071612008,0.88935536,-0.81774335,9,False,171.14136,0.052219628,9675,False
0b_rotation_best,file,14,862,16,15,170,169,0.0050128018,0.99499977,0.0014768258,0.99352294,16,True,0.75481012,-0.020655236,570,False
0b_rotation_best,file,14,8466,145,144,147,146,0.27310243,0.76101482,0.058790769,0.70222405,145,True,31.067784,0.065369722,862,False
0b_rotation_best,file,14,2787,49,48,11,10,1.1744251,0.30899653,0.36874577,-0.059749246,11,False,124.95613,0.029124902,8466,False
0b_rotation_best,file,14,2661,47,46,177,176,0.039088391,0.96166569,0.0077274661,0.95393822,47,True,6.9343373,-0.060231173,2787,False
0b_rotation_best,file,14,10932,186,185,78,77,3.0357628,0.048037998,0.21243995,-0.16440196,78,False,251.09964,0.041402697,2661,False
0b_rotation_best,file,14,7598,130,129,133,132,2.3025322,0.10000528,0.5441767,-0.44417141,133,False,193.28785,0.035478921,10932,False
0b_rotation_best,file,14,5609,96,95,55,54,0.1471571,0.86315835,0.068093315,0.79506503,96,True,20.664496,0.068664223,7598,False
0b_rotation_best,file,14,7001,120,119,34,33,0.021384504,0.9788425,0.0038917658,0.97495073,120,True,3.7767725,0.019775775,5609,False
0b_rotation_best,file,14,7653,131,130,127,126,0.0051891641,0.99482429,0.0025736573,0.99225063,131,True,0.84741002,0.10782402,7001,False
0b_rotation_best,file,14,9715,166,165,114,113,0.018208023,0.98195672,0.0080199642,0.97393676,166,True,2.5565073,-0.037539316,7653,False
0b_rotation_best,file,14,7616,130,129,115,114,4.5341702,0.010735812,0.4945778,-0.48384198,115,False,186.75889,0.092038118,9715,False
0b_rotation_best,file,14,1905,34,33,54,53,0.0051514511,0.99486178,0.0020056751,0.99285611,34,True,0.64474504,-0.1287099,7616,False
0b_rotation_best,file,14,5621,96,95,55,54,0.043679349,0.95726085,0.021579619,0.93568123,96,True,6.0282532,-0.2008182,1905,False
0b_crop_best,file,18,3891,67,66,69,68,0.49398741,0.61018848,0.29918674,0.31100175,67,True,84.323894,,-1,False
0b_crop_best,file,18,5405,93,92,19,18,0.0087923771,0.99124616,0.0075110625,0.9837351,93,True,1.4401773,-0.08938523,3891,False
0b_crop_best,file,18,920,17,16,139,138,0.27104923,0.76257896,0.044135883,0.71844308,17,True,47.160408,-0.015022719,5405,False
0b_crop_best,file,18,5043,87,86,66,65,0.057894737,0.94374931,0.0099780606,0.93377125,87,True,6.2644348,0.054596204,920,False
0b_crop_best,file,18,11743,200,199,168,167,0.015057121,0.98505569,0.012901627,0.97215406,200,True,2.9519669,0.052950713,5043,False
0b_crop_best,file,18,3563,62,61,65,64,1.7019811,0.18232198,0.28078258,-0.0984606,65,False,107.62338,0.0044912418,11743,False
0b_crop_best,file,18,956,18,17,128,127,0.64203513,0.52622044,0.053976618,0.47224382,18,True,78.193554,-0.099334421,3563,False
0b_crop_best,file,18,11179,190,189,192,191,0.41858011,0.65798038,0.26101241,0.39696798,190,True,90.720768,0.054002865,956,False
0b_crop_best,file,18,4184,72,71,44,43,0.051718038,0.94959658,0.023368351,0.92622823,72,True,8.3919678,0.055080223,11179,False
0b_crop_best,file,18,881,16,15,140,139,0.019456608,0.98073143,0.0050258664,0.97570556,16,True,2.7036169,0.048739311,4184,False
0b_crop_best,file,18,2199,39,38,102,101,0.62125427,0.53727013,0.15596776,0.38130237,39,True,80.273583,-0.0030498711,881,False
0b_crop_best,file,18,4531,78,77,103,102,0.0084509375,0.99158466,0.003217407,0.98836725,78,True,1.4011209,-0.042813116,2199,False
0b_crop_best,file,18,782,15,14,14,13,0.0097384369,0.99030882,0.00071235828,0.98959646,15,True,1.2059902,0.022160854,4531,False
0b_crop_best,file,18,3068,53,52,50,49,0.10031453,0.90455288,0.059967574,0.8445853,53,True,17.790589,-0.044975888,782,False
0b_crop_best,file,18,1464,27,26,92,91,6.0548096,0.0023465494,0.24786465,-0.2455181,92,False,162.20482,-0.12156498,3068,False
0b_crop_best,file,18,11718,199,198,116,115,6.2568994,0.0019171813,0.26131678,-0.25939959,116,False,205.56252,-0.10130723,1464,False
0b_crop_best,file,18,736,14,13,54,53,1.4516637,0.23418036,0.53789842,-0.30371806,54,False,166.64613,-0.007847631,11718,False
0b_crop_best,file,18,10670,182,181,180,179,1.4742316,0.22895458,0.31327483,-0.084320247,180,False,102.6938,0.077768311,736,False
0b_crop_best,file,18,7916,135,134,71,70,0.34339631,0.70935702,0.075353116,0.63400391,135,True,52.131073,-0.092698607,10670,False
0b_crop_best,file,18,8376,143,142,144,143,5.0503402,0.0064071529,0.16631901,-0.15991186,144,False,94.862064,0.13379324,7916,False
0b_crop_best,file,18,4061,70,69,134,133,0.00015734388,0.99984264,4.3907421e-05,0.99979874,70,True,0.017110948,-0.01833515,8376,False
0b_crop_best,file,18,6612,113,112,123,122,0.0075960606,0.99243271,0.0026324298,0.98980028,113,True,1.260564,0.015065703,4061,False
0b_crop_best,file,18,6151,106,105,89,88,0.32623535,0.72163534,0.13861266,0.58302268,106,True,45.177408,-0.029355019,6612,False
0b_crop_best,file,18,4937,85,84,168,167,0.0012615111,0.9987393,0.00057938491,0.99815992,85,True,0.1716202,-0.023779285,6151,False
0b_crop_best,file,18,6726,115,114,117,116,0.14735197,0.8629902,0.023348099,0.8396421,115,True,25.200704,0.045151607,4937,False
0b_crop_best,file,18,8770,150,149,198,197,0.0014462736,0.99855477,0.00028917074,0.9982656,150,True,0.22000985,0.073049465,6726,False
0b_crop_best,file,18,4112,71,70,61,60,0.40224925,0.668814,0.06888248,0.59993152,71,True,47.962414,-0.0036356063,8770,False
0b_crop_best,file,18,6465,111,110,112,111,0.49155909,0.61167198,0.19244185,0.41923013,111,True,61.273635,0.09293321,4112,False
0b_crop_best,file,18,2001,36,35,189,188,0.0062079458,0.99381131,0.004385273,0.98942604,36,True,1.1640208,0.11646799,6465,False
0b_crop_best,file,18,7827,134,133,9,8,0.0020913652,0.9979108,0.0006687186,0.99724208,134,True,0.24509913,0.060829871,2001,False
0b_crop_best,file,18,11579,197,196,196,195,0.04562049,0.95540446,0.016979849,0.93842461,197,True,7.716143,0.030743976,7827,False
0b_crop_best,file,18,7688,132,131,159,158,0.50293237,0.60475469,0.073507026,0.53124766,132,True,53.284509,0.035363934,11579,False
0b_crop_best,file,18,6623,114,113,148,147,0.00025185751,0.99974817,4.7652597e-05,0.99970052,114,True,0.039168301,0.081856924,7688,False
0b_crop_best,file,18,2550,45,44,72,71,0.98686063,0.37274504,0.3340376,0.038707435,45,True,176.43963,-0.025799466,6623,False
0b_crop_best,file,18,6381,109,108,10,9,0.01568622,0.98443615,0.0037645688,0.98067159,109,True,2.212103,0.0034126128,2550,False
0b_crop_best,file,18,10708,182,181,175,174,0.11053882,0.89535159,0.10229351,0.79305808,182,True,25.265185,0.059427873,6381,False
0b_crop_best,file,18,479,9,8,26,25,0.50881207,0.60120934,0.31091273,0.29029661,9,True,81.708958,-0.00065937731,10708,False
0b_crop_best,file,18,4952,85,84,137,136,0.37765273,0.68546849,0.14015511,0.54531339,85,True,60.184116,0.088537496,479,False
0b_crop_best,file,18,10656,181,180,168,167,0.082234748,0.92105573,0.014083452,0.90697228,181,True,13.032002,-0.018927469,4952,False
0b_crop_best,file,18,3630,63,62,143,142,0.0031886469,0.99681646,0.00087886682,0.99593759,63,True,0.4989613,-0.019546117,10656,False
0b_crop_best,file,18,10772,183,182,184,183,0.033039641,0.96750021,0.010224721,0.95727549,183,True,7.1464366,-0.038476272,3630,False
0b_crop_best,file,18,4129,71,70,72,71,2.8628931,0.057103317,0.52804053,-0.47093721,72,False,158.57918,-0.077768052,10772,False
0b_crop_best,file,18,11036,188,187,108,107,0.020153981,0.98004776,0.0019722958,0.97807547,188,True,3.7405474,-0.041156474,4129,False
0b_crop_best,file,18,5450,94,93,155,154,0.00092475559,0.99907565,9.8291493e-05,0.99897736,94,True,0.15078043,0.026539742,11036,False
0b_crop_best,file,18,4776,82,81,79,78,0.8148033,0.4427264,0.34246483,0.10026157,82,True,72.029199,0.069432429,5450,False
0b_crop_best,file,18,6166,106,105,89,88,0.042599589,0.95829505,0.0059251375,0.95236991,106,True,6.1852623,0.017982938,4776,False
0b_crop_best,file,18,6776,116,115,117,116,4.531745,0.010761878,0.42568198,-0.4149201,117,False,172.67702,0.080573747,6166,False
0b_crop_best,file,18,5910,101,100,143,142,0.00089307473,0.9991073,0.00016015493,0.99894715,101,True,0.15386821,-0.026917,6776,False
0b_crop_best,file,18,2998,52,51,46,45,0.013417308,0.98667228,0.0029185577,0.98375372,52,True,2.218199,-0.041663477,5910,False
0b_crop_best,file,18,3365,58,57,8,7,0.090907767,0.91310191,0.033534408,0.8795675,58,True,17.537087,-0.12650297,2998,False
0b_crop_best,file,18,10968,187,186,34,33,0.10953394,0.89625174,0.039112389,0.85713935,187,True,23.737744,0.16118636,3365,False
0b_crop_best,file,18,10980,187,186,190,189,0.17741156,0.83743507,0.15757622,0.67985885,187,True,56.329918,0.20795341,10968,True
0b_crop_best,file,18,9585,163,162,182,181,0.1144869,0.89182359,0.064318076,0.82750551,163,True,15.230427,-0.013609004,10980,False
0b_crop_best,file,18,5511,95,94,96,95,0.24338531,0.7839694,0.20557675,0.57839265,95,True,45.045548,0.054587797,9585,False
0b_crop_best,file,18,1671,30,29,29,28,0.04700743,0.95408028,0.014561395,0.93951889,30,True,9.1353741,-0.029640015,5511,False
0b_crop_best,file,18,3774,65,64,66,65,0.090096727,0.9138428,0.077076077,0.83676672,65,True,16.825002,0.030475259,1671,False
0b_crop_best,file,18,10791,184,183,183,182,4.1276979,0.016119946,0.87778872,-0.86166878,183,False,210.80394,0.067035839,3774,False
0b_crop_best,file,18,269,5,4,24,23,0.18710701,0.829355,0.10994455,0.71941045,5,True,35.521364,0.091200475,10791,False
0b_crop_best,file,18,4032,70,69,18,17,0.0075073261,0.99252081,0.0044057919,0.98811502,70,True,1.6292764,-0.035574869,269,False
0b_crop_best,file,18,5581,96,95,97,96,3.1126785,0.044481654,0.48445573,-0.43997408,97,False,108.54012,0.01103685,4032,False
0b_crop_best,file,18,9536,163,162,175,174,0.025203954,0.97511101,0.010647581,0.96446343,163,True,3.9524221,0.04775698,5581,False
0b_crop_best,file,18,2615,46,45,87,86,0.051546637,0.94975936,0.014733943,0.93502542,46,True,8.0134367,-0.012715929,9536,False
0b_crop_best,file,18,2793,49,48,136,135,0.3344954,0.71569914,0.094875649,0.62082349,49,True,50.298917,-0.087103954,2615,False
0b_crop_best,file,18,8764,150,149,194,193,0.018362647,0.98180491,0.005592091,0.97621282,150,True,3.5668841,0.13767014,2793,False
0b_crop_best,file,18,2169,38,37,40,39,1.1411695,0.31944519,0.28688917,0.032556027,38,True,119.01459,0.043264603,8764,False
0b_crop_best,file,18,2664,47,46,161,160,0.0079168584,0.99211442,0.003051406,0.98906302,47,True,1.4757579,-0.057417567,2169,False
0b_crop_best,file,18,6240,107,106,30,29,5.0796437,0.0062221256,0.98396701,-0.97774488,30,False,188.94906,-0.11714682,2664,False
0b_crop_best,file,18,10156,173,172,199,198,0.1735193,0.84070092,0.045044754,0.79565617,173,True,30.637354,-0.016140213,6240,False
0b_crop_best,file,18,9794,167,166,168,167,0.0016433795,0.99835795,0.00046934889,0.9978886,167,True,0.22499102,0.072242709,10156,False
0b_crop_best,file,18,9937,169,168,172,171,2.9833376,0.050623585,0.63772631,-0.58710272,172,False,135.81249,-0.060386361,9794,False
0b_crop_best,file,18,9237,158,157,165,164,0.036068704,0.96457404,0.013864732,0.95070931,158,True,5.3948559,-0.044845214,9937,False
0b_crop_best,file,18,8240,141,140,144,143,0.007739557,0.99229032,0.0034616452,0.98882867,141,True,1.0959543,-0.0086594891,9237,False
0b_crop_best,file,18,2115,38,37,39,38,0.15334065,0.85783744,0.1057165,0.75212094,38,True,25.925585,0.048176572,8240,False
0b_crop_best,file,18,2563,45,44,65,64,1.1231102,0.32526657,0.20237823,0.12288834,45,True,116.93191,0.043376004,2115,False
0b_crop_best,file,18,2526,44,43,72,71,3.6146426,0.026926545,0.90782076,-0.88089422,72,False,177.76161,-0.0075868591,2563,False
0b_crop_best,file,18,6959,119,118,130,129,0.16690575,0.84627938,0.06741666,0.77886272,119,True,28.416243,-0.05781281,2526,False
0b_crop_best,file,18,10368,177,176,180,179,0.52390569,0.59220308,0.37369925,0.21850383,177,True,96.22024,-0.13057567,6959,False
0b_crop_best,file,18,6810,117,116,115,114,0.15844144,0.85347295,0.12756048,0.72591247,117,True,23.898699,0.10244773,10368,False
0b_crop_best,file,18,1601,29,28,107,106,0.28294286,0.75356281,0.14106308,0.61249973,29,True,44.277237,-0.00026594152,6810,False
0b_crop_best,file,18,10767,183,182,125,124,0.13938142,0.86989617,0.055178955,0.81471722,183,True,20.805158,0.10711683,1601,False
0b_crop_best,file,18,138,3,2,93,92,0.25619811,0.7739886,0.040834263,0.73315434,3,True,34.905404,0.091142361,10767,False
0b_crop_best,file,18,11555,197,196,193,192,0.28179109,0.75443125,0.17932405,0.5751072,197,True,46.834637,-0.013552721,138,False
0b_crop_best,file,18,5018,86,85,52,51,0.0026339146,0.99736953,0.00089783157,0.9964717,86,True,0.38731712,0.006407118,11555,False
0b_crop_best,file,18,10036,171,170,166,165,0.60565603,0.54571629,0.31456348,0.2311528,171,True,65.932404,-0.11071879,5018,False
0b_crop_best,file,18,6388,110,109,81,80,0.0021334761,0.99786878,0.00037564186,0.99749313,110,True,0.32748372,0.085647089,10036,False
0b_crop_best,file,18,5211,90,89,50,49,0.0015032907,0.99849784,0.00060117419,0.99789667,90,True,0.27185121,0.022862008,6388,False
0b_crop_best,file,18,7367,126,125,128,127,3.0408921,0.047792234,0.92517745,-0.87738522,128,False,154.09874,-0.10267795,5211,False
0b_crop_best,file,18,290,6,5,120,119,0.10265947,0.90243423,0.034208484,0.86822575,6,True,24.137256,-0.060514774,7367,False
0b_crop_best,file,18,8666,148,147,165,164,0.0092212269,0.99082118,0.0017631159,0.98905807,148,True,1.5440229,0.11278633,290,False
0b_crop_best,file,18,5144,88,87,194,193,0.45697427,0.63319665,0.16753489,0.46566176,88,True,58.342574,0.12754898,8666,False
0b_crop_best,file,18,3275,57,56,139,138,0.15928839,0.85275042,0.050325628,0.80242479,57,True,36.422379,0.032897238,5144,False
0b_crop_best,file,18,113,2,1,45,44,0.019856134,0.98033971,0.0044379844,0.97590172,2,True,4.4441067,0.016296015,3275,False
0b_crop_best,file,18,3819,66,65,62,61,0.10734204,0.89821839,0.073934205,0.82428419,66,True,15.462152,0.13396126,113,False
0b_crop_best,file,18,9415,161,160,176,175,4.7482891,0.0086665116,0.20207514,-0.19340863,176,False,172.66478,0.048555409,3819,False
0b_crop_best,file,18,1298,24,23,25,24,0.033821996,0.96674359,0.030029729,0.93671386,24,True,5.6987126,-0.012229215,9415,False
0b_crop_best,file,18,5560,95,94,96,95,0.00051818771,0.99948198,0.0004306972,0.99905128,95,True,0.075990867,0.016139468,1298,False
0b_crop_best,file,18,10914,186,185,185,184,0.00039247915,0.99960762,0.00013241031,0.99947521,186,True,0.073519477,0.04948181,5560,False
0b_crop_best,file,18,4238,73,72,138,137,0.06690751,0.93528169,0.017812937,0.91746876,73,True,10.639797,-0.086865534,10914,False
0b_crop_best,file,18,4661,80,79,82,81,0.0027651668,0.99723864,0.002063781,0.99517485,80,True,0.51999834,-0.091330707,4238,False
0b_crop_best,file,18,2841,50,49,51,50,0.038481764,0.96224928,0.025071334,0.93717794,50,True,6.9811047,-0.072423174,4661,False
0b_crop_best,file,18,6566,113,112,163,162,8.6041031,0.00018335193,0.92973733,-0.92955398,163,False,332.39039,0.088859152,2841,False
0b_crop_best,file,18,10350,176,175,163,162,0.0093240999,0.99071926,0.0024849202,0.98823434,176,True,1.7069708,0.073860798,6566,False
0b_crop_best,file,18,7555,129,128,120,119,3.8328578,0.021647664,0.28474945,-0.26310178,120,False,117.57441,0.00061197703,10350,False
0b_crop_best,file,18,1074,20,19,200,199,0.010962616,0.98909724,0.0019347926,0.98716244,20,True,1.3213081,-0.065208131,7555,False
0b_crop_best,file,18,7464,128,127,126,125,2.8848232e-05,0.99997115,7.0342894e-06,0.99996412,128,True,0.0041767535,0.0057423363,1074,False
0b_crop_best,file,18,8913,152,151,172,171,0.062959291,0.93898171,0.024095526,0.91488619,152,True,12.254782,0.092331868,7464,False
0b_crop_best,file,18,3196,56,55,35,34,0.011888013,0.98818237,0.0038060492,0.98437632,56,True,1.6531288,-0.007340533,8913,False
0b_crop_best,file,18,8123,139,138,42,41,0.020557666,0.97965223,0.010107313,0.96954491,139,True,2.5923883,0.034070358,3196,False
0b_crop_best,file,18,7080,121,120,113,112,0.038562745,0.96217132,0.013213533,0.94895778,121,True,6.6256779,-0.0022103345,8123,False
0b_crop_best,file,18,3435,60,59,62,61,5.1348834,0.0058877384,0.46343321,-0.45754547,62,False,150.60258,0.037269145,7080,False
0b_crop_best,file,18,6277,108,107,107,106,2.4944026,0.082545735,0.79541844,-0.71287271,107,False,157.22763,0.0010999308,3435,False
0b_crop_best,file,18,6248,107,106,29,28,0.28464758,0.75227934,0.1410087,0.61127064,107,True,40.680821,-0.15518269,6277,False
0b_crop_best,file,18,1241,23,22,100,99,1.8803306,0.15253969,0.39468336,-0.24214368,100,False,122.79058,0.039274281,6248,False
0b_crop_best,file,18,11303,192,191,33,32,0.12137268,0.8857038,0.010521881,0.87518192,192,True,23.168619,0.031017403,1241,False
0b_crop_best,file,18,6956,119,118,130,129,0.0011120809,0.99888855,0.00042597865,0.99846257,119,True,0.17313563,0.083470504,11303,False
0b_crop_best,file,18,9150,156,155,152,151,0.0039445939,0.99606317,0.0010179303,0.99504524,156,True,0.55572611,0.067185515,6956,False
0b_crop_best,file,18,1514,27,26,30,29,0.073951714,0.92871654,0.035804253,0.89291229,27,True,13.135105,-0.058438643,9150,False
0b_crop_best,file,18,1639,29,28,30,29,0.32519785,0.72238439,0.16267668,0.55970772,29,True,38.751762,0.0054871946,1514,False
0b_crop_best,file,18,1375,25,24,24,23,0.18760033,0.82894593,0.16433217,0.66461377,25,True,28.90897,-0.013503347,1639,False
0b_crop_best,file,18,4127,71,70,3,2,0.15665357,0.8550002,0.056280442,0.79871976,71,True,28.247451,-0.014095195,1375,False
0b_crop_best,file,18,6533,112,111,91,90,0.69712311,0.49801597,0.22599888,0.27201709,112,True,117.28387,0.11358241,4127,False
0b_crop_best,file,18,7844,134,133,9,8,0.0045467806,0.99546355,0.0018602079,0.99360334,134,True,0.50521318,0.0070094381,6533,False
0b_crop_best,file,18,8500,145,144,143,142,1.5944468,0.20302083,0.77856714,-0.57554631,143,False,121.50524,0.041522999,7844,False
0b_crop_best,file,18,7770,133,132,122,121,1.8099782,0.16365771,0.37106234,-0.20740463,122,False,151.23735,-0.11913126,8500,False
0b_crop_best,file,18,9211,157,156,172,171,0.20550695,0.81423444,0.12890244,0.685332,157,True,39.250138,-0.0087824201,7770,False
0b_crop_best,file,18,2502,44,43,62,61,3.4049129,0.033209715,0.077345997,-0.044136282,62,False,158.70622,-0.087776521,9211,False
0b_crop_best,file,18,8194,140,139,139,138,0.0013344917,0.99866641,0.00024285569,0.99842355,140,True,0.14782853,0.0074162529,2502,False
0b_crop_best,file,18,1426,26,25,27,26,0.9298712,0.39460456,0.52288002,-0.12827545,27,False,132.63626,0.0075845032,8194,False
0b_crop_best,file,18,8057,138,137,134,133,0.054892913,0.94658649,0.0064951368,0.94009135,138,True,6.2588817,-0.088968897,1426,False
0b_crop_best,file,18,1802,32,31,33,32,0.16674533,0.84641516,0.057297289,0.78911787,32,True,36.617444,0.064792362,8057,False
0b_crop_best,file,18,4599,79,78,80,79,0.146549,0.8636834,0.052438773,0.81124463,79,True,21.146049,-0.014950598,1802,False
0b_crop_best,file,18,5159,89,88,87,86,0.0022157899,0.99778664,0.00024912844,0.99753751,89,True,0.37849308,0.0080660583,4599,False
0b_crop_best,file,18,8734,149,148,120,119,0.14488855,0.86511868,0.043034505,0.82208418,149,True,21.047232,-0.040568278,5159,False
0b_crop_best,file,18,4520,78,77,135,134,1.7250017,0.17817275,0.30821827,-0.13004552,135,False,105.15426,-0.0718218,8734,False
0b_crop_best,file,18,1188,22,21,105,104,0.60234928,0.54752386,0.04903641,0.49848745,22,True,94.215058,0.061014255,4520,False
0b_crop_best,file,18,264,5,4,7,6,0.051217336,0.95007217,0.039818581,0.91025359,5,True,8.2789196,-0.067925991,1188,False
0b_crop_best,file,18,1749,31,30,33,32,4.0858135,0.016809458,0.86363262,-0.84682316,33,False,155.68612,-0.11128761,264,False
0b_crop_best,file,18,11302,192,191,187,186,3.7669426e-05,0.99996233,1.2412201e-05,0.99994992,192,True,0.0075147973,-0.14094795,1749,False
0b_crop_best,file,18,2933,51,50,52,51,0.031052403,0.96942478,0.012116955,0.95730783,51,True,4.9654598,0.14933651,11302,False
0b_crop_best,file,18,9650,164,163,184,183,0.0051019951,0.99491102,0.0012912891,0.99361973,164,True,0.87561524,-0.027839851,2933,False
0b_crop_best,file,18,10149,173,172,170,169,3.6279147,0.02657154,0.60457689,-0.57800535,170,False,140.37999,-0.069636979,9650,False
0b_crop_best,file,18,2467,43,42,39,38,0.22759445,0.79644722,0.13430195,0.66214527,43,True,46.271386,0.032318996,10149,False
0b_crop_best,file,18,6135,105,104,22,21,0.71769696,0.48787457,0.50011313,-0.012238562,22,False,145.93263,-0.0013285739,2467,False
0b_crop_best,file,18,1581,28,27,187,186,0.04632251,0.95473403,0.0056976583,0.94903637,28,True,11.429057,0.1167571,6135,False
0b_crop_best,file,18,8782,150,149,131,130,0.049953151,0.95127398,0.0077270488,0.94354693,150,True,8.2149043,-0.043402126,1581,False
0b_crop_best,file,18,8635,147,146,111,110,0.76863152,0.46364713,0.13158141,0.33206572,147,True,111.30299,0.10993746,8782,False
0b_crop_best,file,18,566,11,10,34,33,0.1074445,0.89812636,0.040597402,0.85752896,11,True,18.880033,0.14278701,8635,False
0b_crop_best,file,18,8751,149,148,99,98,0.013446242,0.98664373,0.0054543293,0.9811894,149,True,2.3780255,0.082838535,566,False
0b_crop_best,file,18,6529,112,111,197,196,0.91330576,0.40119576,0.11337642,0.28781934,112,True,150.08608,0.0057677844,8751,False
0b_crop_best,file,18,4639,80,79,67,66,1.9404719,0.14363617,0.78261691,-0.63898075,67,False,257.68718,0.22497109,6529,False
0b_crop_best,file,18,10452,178,177,179,178,0.008662859,0.99137455,0.0030481855,0.98832637,178,True,1.2695471,-0.09347157,4639,False
0b_crop_best,file,18,8335,142,141,64,63,0.00010084597,0.99989915,1.1425278e-05,0.99988772,142,True,0.015087925,-0.072630556,10452,False
0b_crop_best,file,18,1149,21,20,136,135,0.042991005,0.95792001,0.01275663,0.94516339,21,True,5.9258556,0.017197924,8335,False
0b_crop_best,file,18,4254,73,72,74,73,0.0033855285,0.99662018,0.0016445337,0.99497564,73,True,0.45274848,-0.039492354,1149,False
0b_crop_best,file,18,4526,78,77,111,110,0.2795063,0.75615698,0.10082279,0.65533419,78,True,46.042159,-0.020811803,4254,False
0b_crop_best,file,18,4356,75,74,151,150,0.0064372802,0.99358338,0.0011426857,0.9924407,75,True,1.1995125,-0.01168808,4526,False
0b_crop_best,file,18,2372,42,41,88,87,0.00044502845,0.99955505,8.4784217e-05,0.99947027,42,True,0.056027495,0.02023208,4356,False
0b_crop_best,file,18,9117,156,155,152,151,4.3585711,0.012796661,0.95942193,-0.94662527,152,False,203.33081,-0.029108054,2372,False
0b_crop_best,file,18,6481,111,110,103,102,0.0040693819,0.9959389,0.00096910138,0.9949698,111,True,0.69914903,0.080113621,9117,False
0b_crop_best,file,18,1855,33,32,32,31,1.0368972,0.3545531,0.51191646,-0.15736336,32,False,97.739705,0.010562268,6481,False
0b_crop_best,file,18,7482,128,127,126,125,0.0054944926,0.99452055,0.0031441876,0.99137636,128,True,0.80010155,-0.014247836,1855,False
0b_crop_best,file,18,641,12,11,98,97,4.1905632,0.015137753,0.3693642,-0.35422645,98,False,119.75597,-0.07540902,7482,False
0b_crop_best,file,18,3930,68,67,67,66,0.44501492,0.64081472,0.051744264,0.58907046,68,True,55.739575,-0.036465905,641,False
0b_crop_best,file,18,2088,37,36,39,38,2.8007202,0.060766287,0.82320148,-0.76243519,39,False,153.53095,0.072325771,3930,False
0b_crop_best,file,18,3431,60,59,59,58,3.7400239,0.023753535,0.48516122,-0.46140768,59,False,165.2268,0.071964903,2088,False
0b_crop_best,file,18,2718,48,47,192,191,0.007585058,0.99244362,0.0015087579,0.99093486,48,True,1.0908829,0.060201976,3431,False
0b_crop_best,file,18,415,8,7,5,4,0.15212095,0.85888439,0.092435263,0.76644913,8,True,27.651252,-0.0046451816,2718,False
0b_crop_best,file,18,9953,170,169,172,171,0.0020797069,0.99792248,0.00042768213,0.9974948,170,True,0.30840653,-0.020778233,415,False
0b_crop_best,file,18,2684,47,46,177,176,0.071377456,0.93111038,0.022689115,0.90842127,47,True,11.802973,0.10072002,9953,False
0b_crop_best,file,18,4006,69,68,118,117,1.1420289,0.3191708,0.045136914,0.27403389,69,True,94.115605,0.0033534947,2684,False
0b_crop_best,file,18,148,3,2,1,0,0.9867748,0.37277701,0.17876896,0.19400805,3,True,104.15474,-0.028566513,4006,False
0b_crop_best,file,18,1017,19,18,193,192,0.051579695,0.94972795,0.010811879,0.93891607,19,True,10.92251,-0.047929304,148,False
0b_crop_best,file,18,671,13,12,12,11,0.0060850829,0.99393338,0.0038016443,0.99013174,13,True,0.83200357,-0.034755449,1017,False
0b_crop_best,file,18,151,3,2,9,8,0.42652127,0.652776,0.12349165,0.52928435,3,True,59.044379,-0.047664487,671,False
0b_crop_best,file,18,4617,80,79,82,81,1.4795041,0.22775061,0.30051616,-0.072765544,82,False,95.729096,-0.060194373,151,False
0b_crop_best,file,18,7287,125,124,131,130,5.0686102,0.006291159,0.48125783,-0.47496667,131,False,201.93559,-0.022006102,4617,False
0b_crop_best,file,18,9512,162,161,169,168,0.078123137,0.92485052,0.048679616,0.87617091,162,True,11.513116,-0.035979057,7287,False
0b_crop_best,file,18,10901,185,184,62,61,0.84686089,0.42875874,0.069997333,0.35876141,185,True,102.50075,-0.094041502,9512,False
0b_crop_best,file,18,3701,64,63,185,184,1.0910574,0.33586115,0.1657417,0.17011945,64,True,142.20217,-0.24926136,10901,False
0b_crop_best,file,18,4894,84,83,3,2,1.0470636,0.35096681,0.17984313,0.17112368,84,True,87.445254,-0.07952145,3701,False
0b_crop_best,file,18,7407,127,126,129,128,1.3679106,0.25463843,0.3703379,-0.11569947,129,False,133.29708,-0.051536236,4894,False
0b_crop_best,file,18,4422,76,75,119,118,0.009453414,0.99059111,0.0012799331,0.98931118,76,True,1.5623187,-0.054496656,7407,False
0b_crop_best,file,18,6208,107,106,30,29,3.6568432,0.025813876,0.573497,-0.54768312,30,False,209.70257,0.010668428,4422,False
0b_crop_best,file,18,7375,126,125,124,123,0.084999487,0.91851276,0.023928415,0.89458435,126,True,14.878249,-0.070584419,6208,False
0b_crop_best,file,18,3555,62,61,64,63,2.8327906,0.0588484,0.69392025,-0.63507186,64,False,198.46992,0.094633284,7375,False
0b_crop_best,file,18,9793,167,166,180,179,1.476874,0.22835042,0.26515052,-0.036800101,180,False,107.07196,-0.061884542,3555,False
0b_crop_best,file,18,303,6,5,7,6,0.007994676,0.99203718,0.0078925425,0.98414463,6,True,2.2656823,0.068110368,9793,False
0b_crop_best,file,18,9474,162,161,172,171,0.24332017,0.78402042,0.13918853,0.6448319,162,True,41.462186,0.16635541,303,False
0b_crop_best,file,18,4449,77,76,38,37,0.01277454,0.98730671,0.0053244717,0.98198224,77,True,1.8201004,0.083743849,9474,False
0b_crop_best,file,18,4363,75,74,16,15,0.0014776989,0.99852341,0.00038516038,0.99813825,75,True,0.24660906,-0.021453319,4449,False
0b_crop_best,file,18,6394,110,109,71,70,0.0058742743,0.99414295,0.00067849696,0.99346445,110,True,0.73437252,0.092872314,4363,False
0b_crop_best,file,18,5235,90,89,25,24,0.020958738,0.97925937,0.01301842,0.96624095,90,True,3.9404957,0.040183708,6394,False
0b_crop_best,file,18,9193,157,156,175,174,0.19628949,0.8217743,0.17265521,0.64911909,157,True,33.622535,-0.0066649718,5235,False
0b_crop_best,file,18,3990,69,68,68,67,0.40997881,0.66366428,0.18090555,0.48275873,69,True,50.266742,-0.1992516,9193,False
0b_crop_best,file,18,1790,32,31,95,94,1.6082232,0.2002431,0.18021227,0.020030826,32,True,139.76869,-0.18700095,3990,False
0b_crop_best,file,18,181,4,3,30,29,1.6561881,0.19086514,0.23203199,-0.041166842,30,False,161.72841,0.065917052,1790,False
0b_crop_best,file,18,710,13,12,89,88,1.0958161,0.33426666,0.13131303,0.20295364,13,True,94.534602,0.19887036,181,False
0b_crop_best,file,18,11178,190,189,189,188,0.01447028,0.98563391,0.0078403838,0.97779353,190,True,1.8780048,0.036624864,710,False
0b_crop_best,file,18,5845,100,99,101,100,0.013051088,0.98703372,0.011747138,0.97528659,100,True,2.2732315,-0.0011693783,11178,False
0b_crop_best,file,18,8544,146,145,144,143,0.038230404,0.96249115,0.023576524,0.93891463,146,True,5.8883941,-0.080745949,5845,False
0b_crop_best,file,18,6326,109,108,95,94,0.00045491836,0.99954516,0.00011419637,0.99943096,109,True,0.059774102,-0.036417518,8544,False
0b_crop_best,file,18,4683,81,80,159,158,0.043303158,0.95762104,0.034016907,0.92360413,81,True,6.3287636,0.056359611,6326,False
0b_crop_best,file,18,9125,156,155,152,151,0.023851955,0.97643024,0.010213884,0.96621635,156,True,3.389029,0.017163528,4683,False
0b_crop_best,file,18,3979,69,68,68,67,0.32004058,0.72611958,0.1971423,0.52897727,69,True,53.725352,-0.016014721,9125,False
0b_crop_best,file,18,6330,109,108,10,9,0.023637293,0.97663987,0.011230946,0.96540892,109,True,3.469449,-0.071888611,3979,False
0b_crop_best,file,18,1259,23,22,72,71,3.435226,0.032218136,0.49330309,-0.46108495,72,False,164.68653,-0.073069367,6330,False
0b_crop_best,file,18,7930,136,135,137,136,0.50155836,0.60558623,0.38831231,0.21727392,136,True,102.6458,-0.042356177,1259,False
0b_crop_best,file,18,2286,40,39,135,134,0.5206247,0.59414923,0.22238566,0.37176357,40,True,88.159633,0.01767466,7930,False
0b_crop_best,file,18,6891,118,117,116,115,1.21184,0.29764909,0.21031651,0.087332577,118,True,105.16105,-0.041867089,2286,False
0b_crop_best,file,18,9317,159,158,164,163,0.034149699,0.96642685,0.011939269,0.95448758,159,True,6.2043489,0.055825161,6891,False
0b_crop_best,file,18,2279,40,39,103,102,0.075910822,0.92689884,0.027240902,0.89965793,40,True,13.849236,0.036293175,9317,False
0b_crop_best,file,18,11516,196,195,199,198,2.0514481,0.12854862,0.58381242,-0.45526379,199,False,118.91382,-0.047012288,2279,False
0b_crop_best,file,18,1717,31,30,33,32,0.0087500727,0.99128813,0.0067929071,0.98449522,31,True,1.4062659,0.035376562,11516,False
0b_crop_best,file,18,3371,59,58,63,62,0.89596826,0.40821216,0.18346131,0.22475085,59,True,93.315907,0.074855098,1717,False
0b_crop_best,file,18,11075,189,188,36,35,0.0013465156,0.99865437,0.00047566427,0.9981787,189,True,0.19995186,0.022867642,3371,False
0b_crop_best,file,18,2038,36,35,24,23,0.29972836,0.74101949,0.039238676,0.70178081,36,True,36.998631,0.0030490166,11075,False
0b_crop_best,file,18,6845,117,116,116,115,0.61347282,0.54146719,0.13947143,0.40199576,117,True,76.128056,-0.0666897,2038,False
0b_crop_best,file,18,7382,126,125,124,123,1.1181118,0.32689649,0.54344076,-0.21654427,124,False,125.06692,-0.16793034,6845,False
0b_crop_best,file,18,3016,53,52,52,51,0.18201488,0.83358896,0.049587589,0.78400137,53,True,30.324597,0.0050143493,7382,False
0b_crop_best,file,18,5196,89,88,46,45,0.00027605062,0.99972397,3.7117916e-05,0.99968685,89,True,0.037689006,0.062960755,3016,False
0b_crop_best,file,18,4439,77,76,20,19,0.10853864,0.8971442,0.041621611,0.85552259,77,True,16.701107,-0.072392709,5196,False
0b_crop_best,file,18,11759,200,199,98,97,0.094502941,0.90982509,0.03014821,0.87967688,200,True,14.498174,-0.081047558,4439,False
0b_crop_best,file,18,11421,194,193,36,35,0.0057723494,0.99424428,0.0037497648,0.99049451,194,True,0.88802285,0.039643539,11759,False
0b_crop_best,file,18,3928,68,67,33,32,1.8320411,0.16008648,0.32224384,-0.16215736,33,False,149.10407,0.065559502,11421,False
0b_crop_best,file,18,7969,136,135,135,134,11.14919,1.4386936e-05,0.99412835,-0.99411396,135,False,254.72215,-0.044765959,3928,False
0b_crop_best,file,18,1491,27,26,107,106,3.2168069,0.04008285,0.51752698,-0.47744413,107,False,198.76326,0.034101925,7969,False
0b_crop_best,file,18,6000,103,102,77,76,0.28105795,0.75498456,0.076531947,0.67845261,103,True,37.689557,0.049823107,1491,False
0b_crop_best,file,18,3208,56,55,185,184,0.01207683,0.9879958,0.0008905633,0.98710524,56,True,1.9171971,0.011796438,6000,False
0b_crop_best,file,18,5522,95,94,20,19,0.0024328416,0.9975701,0.0011418303,0.99642827,95,True,0.28961937,0.12820791,3208,False
0b_crop_best,file,18,8626,147,146,146,145,0.56479979,0.56847394,0.37947085,0.18900308,147,True,100.99801,-0.054532701,5522,False
0b_crop_best,file,18,1332,24,23,5,4,0.52086508,0.59400648,0.16870826,0.42529821,24,True,71.653652,-0.010241594,8626,False
0b_crop_best,file,18,3799,66,65,62,61,0.13033774,0.87779891,0.077373929,0.80042499,66,True,19.981591,0.010148309,1332,False
0b_crop_best,file,18,861,16,15,97,96,0.014033802,0.9860642,0.0036499915,0.9824142,16,True,2.4616466,-0.012281639,3799,False
0b_crop_best,file,18,8361,143,142,145,144,0.39034379,0.67682415,0.31861913,0.35820502,143,True,50.392614,0.040906176,861,False
0b_crop_best,file,18,1973,35,34,119,118,0.19730799,0.82093775,0.088034779,0.73290297,35,True,38.344562,0.026083181,8361,False
0b_crop_best,file,18,1837,33,32,31,30,0.089369081,0.91450799,0.049339555,0.86516843,33,True,12.668436,-0.066899754,1973,False
0b_crop_best,file,18,4840,83,82,165,164,0.79986978,0.44938746,0.12952195,0.31986551,83,True,104.27211,-0.083656481,1837,False
0b_crop_best,file,18,8917,152,151,156,155,0.10729503,0.89826059,0.016222665,0.88203793,152,True,21.542858,0.011280747,4840,False
0b_crop_best,file,18,2827,49,48,29,28,6.1876001,0.0020547519,0.54771256,-0.54565781,29,False,251.08983,0.051189503,8917,False
0b_crop_best,file,18,5699,98,97,96,95,0.011726731,0.98834175,0.0019452547,0.98639649,98,True,1.8517903,-0.0042528407,2827,False
0b_crop_best,file,18,8653,148,147,174,173,1.8216594,0.16175711,0.36576256,-0.20400545,174,False,178.73244,0.043179071,5699,False
0b_crop_best,file,18,7111,122,121,99,98,0.015622729,0.98449868,0.002804257,0.98169442,122,True,3.0618517,0.16138792,8653,False
0b_crop_best,file,18,6416,110,109,100,99,0.00020192015,0.99979812,5.0531169e-05,0.99974759,110,True,0.028231219,-0.039404956,7111,False
0b_crop_best,file,18,2343,41,40,91,90,0.048173785,0.95296818,0.017371755,0.93559643,41,True,10.335837,-0.078907356,6416,False
0b_crop_best,file,18,7633,131,130,127,126,0.96358764,0.38152167,0.19880077,0.1827209,131,True,103.44587,0.087161105,2343,False
0b_crop_best,file,18,1571,28,27,188,187,0.00010084597,0.99989915,6.8075686e-05,0.99983107,28,True,0.0282822,0.034996008,7633,False
0b_crop_best,file,18,1952,35,34,56,55,0.020245221,0.97995836,0.0028135432,0.97714481,35,True,3.40419,0.090059219,1571,False
0b_crop_best,file,18,8012,137,136,135,134,0.0083651161,0.99166977,0.0062018884,0.98546789,137,True,1.4652387,0.053040141,1952,False
0b_crop_best,file,18,11532,196,195,199,198,0.01641742,0.98371661,0.0051976084,0.978519,196,True,3.5759086,0.066674481,8012,False
0b_crop_best,file,18,8107,139,138,140,139,2.1882193,0.11211622,0.88166273,-0.76954651,140,False,197.31085,0.035648192,11532,False
0b_crop_best,file,18,7871,135,134,137,136,1.1667597,0.31137425,0.36918518,-0.057810932,137,False,77.419586,-0.058300846,8107,False
0b_crop_best,file,18,1027,19,18,102,101,0.020509318,0.97969955,0.0090191932,0.97068036,19,True,3.4819503,-0.10132686,7871,False
0b_crop_best,file,18,3069,53,52,51,50,0.0035884292,0.996418,0.0032416231,0.99317638,53,True,0.67129571,0.079500958,1027,False
0b_crop_best,file,18,9721,166,165,165,164,0.17352422,0.84069681,0.11600096,0.72469585,166,True,26.308468,0.071214568,3069,False
0b_crop_best,file,18,9988,170,169,98,97,0.24741404,0.78081733,0.048912454,0.73190488,170,True,30.038171,0.12711731,9721,False
0b_crop_best,file,18,5099,88,87,194,193,0.011472562,0.98859298,0.006723009,0.98186997,88,True,2.4364792,0.14228918,9988,False
0b_crop_best,file,18,10420,177,176,180,179,0.10499614,0.90032798,0.045688447,0.85463953,177,True,15.668482,0.082828542,5099,False
0b_crop_best,file,18,3164,55,54,168,167,0.00075121311,0.99924904,0.00016741453,0.99908163,55,True,0.12358581,0.019763959,10420,False
0b_crop_best,file,18,8053,138,137,136,135,0.10789686,0.89772016,0.050147079,0.84757308,138,True,17.760316,-0.020910159,3164,False
0b_crop_best,file,18,8498,145,144,147,146,2.7265356,0.065445632,0.92701125,-0.86156562,147,False,165.54723,-0.020970908,8053,False
0b_crop_best,file,18,6675,115,114,117,116,0.61386049,0.54125732,0.33981818,0.20143914,115,True,99.122577,-0.1109416,8498,False
0b_crop_best,file,18,5635,97,96,136,135,0.018432984,0.98173589,0.0036623438,0.97807354,97,True,2.2182873,-0.071412291,6675,False
0b_crop_best,file,18,2888,50,49,52,51,0.13089031,0.87731397,0.051179383,0.82613459,50,True,20.254123,0.082863796,5635,False
0b_crop_best,file,18,3761,65,64,71,70,0.44991469,0.63768256,0.13421619,0.50346637,65,True,89.926003,-0.085643445,2888,False
0b_crop_best,file,18,4768,82,81,80,79,0.018909426,0.98126823,0.0041782698,0.97708996,82,True,2.2890867,0.096150745,3761,False
0b_crop_best,file,18,2152,38,37,97,96,0.60504335,0.54605073,0.06259685,0.48345388,38,True,93.330599,0.036481164,4768,False
0b_crop_best,file,18,4699,81,80,79,78,0.039338961,0.96142477,0.023902871,0.9375219,81,True,8.1298531,0.0024695627,2152,False
0b_crop_best,file,18,1229,22,21,105,104,0.10886906,0.89684784,0.10041408,0.79643376,22,True,27.353272,-0.038346373,4699,False
0b_crop_best,file,18,4770,82,81,79,78,0.16855879,0.84488159,0.13093591,0.71394569,82,True,30.585838,0.11852206,1229,False
0b_crop_best,file,18,822,15,14,136,135,0.015896143,0.98422951,0.0048136567,0.97941585,15,True,2.2875584,-0.067342735,4770,False
0b_crop_best,file,18,11174,190,189,187,186,1.4883561,0.22574344,0.16343109,0.06231235,190,True,88.355871,0.058660658,822,False
0b_crop_best,file,18,1877,34,33,46,45,0.0012015036,0.9987992,0.0002165724,0.99858263,34,True,0.20251636,-0.058089142,11174,False
0b_crop_best,file,18,605,12,11,13,12,0.0086599039,0.99137747,0.0024410451,0.98893643,12,True,1.0417549,0.06983385,1877,False
0b_crop_best,file,18,5342,92,91,22,21,0.032070354,0.96843845,0.019964626,0.94847382,92,True,4.4963765,-0.029576203,605,False
0b_crop_best,file,18,4858,84,83,141,140,0.0021221754,0.9978801,0.00046079038,0.99741931,84,True,0.31825147,0.10056417,5342,False
0b_crop_best,file,18,10803,184,183,183,182,0.48875415,0.61339015,0.34712294,0.26626721,184,True,97.17963,-0.024476723,4858,False
0b_crop_best,file,18,5691,98,97,55,54,0.060081217,0.94168806,0.010037949,0.93165011,98,True,9.5585566,-0.072126853,10803,False
0b_crop_best,file,18,11484,195,194,197,196,0.0038689536,0.99613851,0.0021238199,0.99401469,195,True,0.65299231,0.014026943,5691,False
0b_crop_best,file,18,1299,24,23,5,4,0.001107437,0.9988932,0.00082449883,0.9980687,24,True,0.1949474,0.065406601,11484,False
0b_crop_best,file,18,9021,154,153,181,180,0.061447583,0.94040221,0.049966779,0.89043543,154,True,13.858569,0.0074993715,1299,False
0b_crop_best,file,18,11412,194,193,110,109,0.12648875,0.88118404,0.033405587,0.84777845,194,True,17.649871,-0.087734314,9021,False
0b_crop_best,file,18,10931,186,185,185,184,0.030120984,0.97032815,0.011178953,0.9591492,186,True,4.8831909,-0.0079772607,11412,False
0b_crop_best,file,18,9559,163,162,182,181,0.041337952,0.95950478,0.019332794,0.94017199,163,True,4.6198217,0.014220538,10931,False
0b_crop_best,file,18,72,2,1,3,2,0.00045229695,0.99954778,0.00014360115,0.99940418,2,True,0.074850274,-0.015356595,9559,False
0b_crop_best,file,18,7761,133,132,132,131,0.0031821113,0.99682295,0.00096026342,0.99586269,133,True,0.44644647,0.057844382,72,False
0b_crop_best,file,18,5287,91,90,63,62,5.1953573,0.005542235,0.66461551,-0.65907328,63,False,233.52865,-0.033819698,7761,False
0b_crop_best,file,18,4209,73,72,164,163,0.19282658,0.82462496,0.053683575,0.77094138,73,True,29.842936,0.072590126,5287,False
0b_crop_best,file,18,8378,143,142,146,145,0.69182134,0.50066334,0.24399678,0.25666656,143,True,86.512555,-0.017892792,4209,False
0b_crop_best,file,18,1548,28,27,187,186,0.019990638,0.98020786,0.014305584,0.96590228,28,True,6.7224701,0.025253012,8378,False
0b_crop_best,file,18,9783,167,166,180,179,3.8769374,0.020714169,0.86750323,-0.84678906,180,False,216.95985,0.059903455,1548,False
0b_crop_best,file,18,4267,74,73,54,53,0.023410005,0.97686189,0.0080323741,0.96882952,74,True,4.1406925,-0.084843035,9783,False
0b_crop_best,file,18,5492,94,93,160,159,0.0076327352,0.9923963,0.0038319805,0.98856431,94,True,1.2304669,0.099867312,4267,False
0b_crop_best,file,18,6081,104,103,150,149,0.14111792,0.86838692,0.10232513,0.7660618,104,True,28.201874,-0.081195994,5492,False
0b_crop_best,file,18,7469,128,127,122,121,4.6214824,0.009838202,0.20953506,-0.19969686,122,False,185.24918,-0.18096761,6081,False
0b_crop_best,file,18,8975,153,152,155,154,0.14353529,0.86629021,0.11941024,0.74687997,153,True,25.991107,0.049962519,7469,False
0b_crop_best,file,18,7079,121,120,117,116,2.4356387,0.087541826,0.20932069,-0.12177887,117,False,167.95922,-0.047484643,8975,False
0b_crop_best,file,18,7290,125,124,131,130,0.089706212,0.91419971,0.024452144,0.88974757,125,True,16.417943,-0.021939638,7079,False
0b_crop_best,file,18,6478,111,110,138,137,0.59439909,0.55189407,0.1613733,0.39052077,111,True,79.400832,0.11834443,7290,False
0b_crop_best,file,18,7254,124,123,126,125,0.35658902,0.70006013,0.10139086,0.59866927,124,True,51.185725,0.15069997,6478,False
0b_crop_best,file,18,1704,31,30,33,32,2.5047772,0.081693783,0.80150735,-0.71981357,33,False,210.44315,-0.15802436,7254,False
0b_crop_best,file,18,3415,59,58,64,63,0.17889024,0.83619767,0.052164979,0.78403269,59,True,20.85769,0.033092789,1704,False
0b_crop_best,file,18,9006,154,153,155,154,0.18327233,0.83254141,0.04150793,0.79103348,154,True,28.404013,-0.013491287,3415,False
0b_crop_best,file,18,6037,104,103,131,130,0.015805678,0.98431855,0.0035627866,0.98075577,104,True,2.8469748,0.04952206,9006,False
0b_crop_best,file,18,6111,105,104,92,91,2.418179,0.089083686,0.74176502,-0.65268134,92,False,149.38663,-0.1319349,6037,False
0b_crop_best,file,18,5035,87,86,86,85,0.1059167,0.8994996,0.028964397,0.8705352,87,True,14.547564,0.023884153,6111,False
0b_crop_best,file,18,9757,166,165,167,166,0.057518341,0.94410455,0.017237494,0.92686706,166,True,9.0042914,0.090499546,5035,False
0b_crop_best,file,18,8411,144,143,141,140,3.0361464,0.048019584,0.82591897,-0.77789939,141,False,197.67668,0.0068188033,9757,False
0b_crop_best,file,18,10264,175,174,157,156,1.9451398,0.14296724,0.61121523,-0.46824799,157,False,151.50473,-0.0014473417,8411,False
0b_crop_best,file,18,955,18,17,170,169,0.015745951,0.98437738,0.0045172186,0.97986017,18,True,4.2504757,0.060542099,10264,False
0b_crop_best,file,18,762,14,13,54,53,0.13834637,0.87079704,0.072284497,0.79851254,14,True,20.748435,0.038790579,955,False
0b_crop_best,file,18,9402,160,159,164,163,0.0085109845,0.99152511,0.0024536408,0.98907147,160,True,1.5583296,0.013167915,762,False
0b_crop_best,file,18,11244,191,190,139,138,0.00096477207,0.99903572,0.00010685469,0.99892886,191,True,0.13938137,-0.011542261,9402,False
0b_crop_best,file,18,617,12,11,47,46,0.15148747,0.85942864,0.022125361,0.83730328,12,True,19.97838,0.10375583,11244,False
0b_crop_best,file,18,10429,178,177,181,180,1.9461544,0.14282227,0.43660006,-0.29377779,181,False,140.84938,-0.005044363,617,False
0b_crop_best,file,18,7544,129,128,125,124,0.37121314,0.68989688,0.26465386,0.42524302,129,True,79.812236,0.11772007,10429,False
0b_crop_best,file,18,6861,118,117,130,129,3.0028005,0.049647838,0.93625247,-0.88660464,130,False,201.08956,-0.094097514,7544,False
0b_crop_best,file,18,9382,160,159,57,56,0.014056019,0.98604232,0.0048936615,0.98114866,160,True,2.2508917,0.12206711,6861,False
0b_crop_best,file,18,1415,26,25,27,26,2.6518269,0.070522264,0.51916504,-0.44864278,27,False,125.01565,-0.021926456,9382,False
0b_crop_best,file,18,1897,34,33,56,55,0.00044967554,0.9995504,6.9555215e-05,0.99948085,34,True,0.081059261,0.061376593,1415,False
0b_crop_best,file,18,8323,142,141,19,18,0.029281314,0.97114325,0.011190302,0.95995294,142,True,3.9161939,-0.015412967,1897,False
0b_crop_best,file,18,4275,74,73,40,39,1.0326352,0.35606742,0.13996688,0.21610054,74,True,106.37738,0.027912356,8323,False
0b_crop_best,file,18,4612,79,78,82,81,1.3722181,0.25354394,0.68159276,-0.42804882,82,False,143.03812,-0.055887056,4275,False
0b_crop_best,file,18,5800,99,98,183,182,0.019357227,0.98082894,0.0073329583,0.97349598,99,True,3.2736885,0.049866844,4612,False
0b_crop_best,file,18,7074,121,120,128,127,0.81647241,0.44198805,0.20428018,0.23770787,121,True,92.530702,-0.052971338,5800,False
0b_crop_best,file,18,2325,41,40,33,32,3.6212182,0.026750069,0.83005559,-0.80330553,33,False,200.94509,0.0042731295,7074,False
0b_crop_best,file,18,8526,146,145,143,142,0.042923171,0.95798498,0.01920156,0.93878342,146,True,8.6966778,0.050966349,2325,False
0b_crop_best,file,18,6685,115,114,131,130,4.7360148,0.0087735392,0.62270254,-0.613929,131,False,163.59765,-0.067620859,8526,False
0b_crop_best,file,18,15,1,0,3,2,0.0079279756,0.9921034,0.0046338341,0.98746956,1,True,1.7888184,0.098193749,6685,False
0b_crop_best,file,18,2402,42,41,17,16,0.0005886014,0.99941158,0.00028636909,0.99912521,42,True,0.098527079,-0.040456672,15,False
0b_crop_best,file,18,8836,151,150,114,113,0.0043741027,0.99563545,0.00084696017,0.99478849,151,True,0.92083669,0.086142358,2402,False
0b_crop_best,file,18,11647,198,197,150,149,1.1652133,0.31185615,0.44167981,-0.12982365,150,False,121.89823,-0.12687189,8836,False
0b_crop_best,file,18,9326,159,158,99,98,0.041549649,0.95930171,0.012087192,0.94721452,159,True,6.7440504,-0.018176766,11647,False
0b_crop_best,file,18,533,10,9,109,108,0.0043349345,0.99567443,0.0020163434,0.99365809,10,True,0.55191435,0.049192753,9326,False
0b_crop_best,file,18,11755,200,199,158,157,0.008606012,0.99143094,0.0017623561,0.98966858,200,True,1.3309859,0.12761674,533,False
0b_crop_best,file,18,5637,97,96,95,94,0.72642982,0.48363256,0.19144848,0.29218408,97,True,63.443606,-0.0615221,11755,False
0b_crop_best,file,18,2487,44,43,24,23,0.00065138575,0.99934882,7.4433119e-05,0.99927439,44,True,0.13799249,-0.10045622,5637,False
0b_crop_best,file,18,7243,124,123,123,122,0.017746825,0.98240972,0.0047445917,0.97766512,124,True,2.7484514,-0.0015534521,2487,False
0b_crop_best,file,18,3438,60,59,64,63,0.35332885,0.70234621,0.17112918,0.53121702,60,True,51.662977,0.023326385,7243,False
0b_crop_best,file,18,2254,40,39,38,37,1.1914055,0.30379397,0.23261212,0.071181849,40,True,148.55082,0.032707853,3438,False
0b_crop_best,file,18,368,7,6,6,5,0.64016664,0.52720457,0.42759454,0.099610031,7,True,98.886974,0.056689018,2254,False
0b_crop_best,file,18,11657,198,197,93,92,0.0021753474,0.99782699,0.00057291338,0.99725408,198,True,0.31672906,-0.009944754,368,False
0b_crop_best,file,18,8625,147,146,71,70,5.8118796,0.0029918016,0.59273791,-0.58974611,71,False,137.38683,-0.01435316,11657,False
0b_crop_best,file,18,6663,114,113,85,84,0.0057859793,0.99423075,0.0016991349,0.99253161,114,True,0.79243305,-0.025026516,8625,False
0b_crop_best,file,18,7200,123,122,113,112,0.00034803056,0.99965203,0.00011196766,0.99954006,123,True,0.04937103,0.022783724,6663,False
0b_crop_best,file,18,9896,169,168,162,161,0.031102441,0.96937627,0.0055633984,0.96381287,169,True,4.0420602,0.081846679,7200,False
0b_crop_best,file,18,3746,65,64,60,59,0.76760417,0.4641237,0.44942799,0.014695704,65,True,152.18334,0.071194545,9896,False
0b_crop_best,file,18,5003,86,85,25,24,1.2907475,0.27506506,0.38958189,-0.11451682,25,False,250.50916,0.16687862,3746,False
0b_crop_best,file,18,5946,102,101,40,39,1.054372,0.3484112,0.61175716,-0.26334596,40,False,116.92501,0.025401505,5003,False
0b_crop_best,file,18,7141,122,121,99,98,1.4374242,0.23753884,0.60475141,-0.36721256,99,False,155.03472,0.1516384,5946,False
0b_crop_best,file,18,3375,59,58,66,65,0.036806412,0.96386272,0.029249588,0.93461313,59,True,4.9504607,-0.0311218,7141,False
0b_crop_best,file,18,1165,21,20,160,159,0.064832903,0.93722403,0.03396447,0.90325956,21,True,10.236548,-0.0056957902,3375,False
0b_crop_best,file,18,1171,21,20,195,194,1.8629024,0.15522145,0.2742537,-0.11903225,195,False,206.54481,0.087030556,1165,True
0b_crop_best,file,18,6988,120,119,131,130,0.30370864,0.73807585,0.057359397,0.68071645,120,True,47.623816,0.06687722,1171,False
0b_crop_best,file,18,1860,33,32,32,31,0.014051082,0.98604715,0.0033877257,0.98265942,33,True,2.3859413,0.10799968,6988,False
0b_crop_best,file,18,7022,120,119,49,48,3.2316818,0.039491028,0.35018024,-0.31068921,49,False,127.6272,-0.17206793,1860,False
0b_crop_best,file,18,9421,161,160,97,96,0.035466108,0.96515542,0.0093352236,0.9558202,161,True,5.4540577,-0.10311861,7022,False
0b_crop_best,file,18,7272,125,124,199,198,0.0025525866,0.99745065,0.0007687583,0.99668189,125,True,0.48040013,0.032316171,9421,False
0b_crop_best,file,18,32,1,0,3,2,3.349627,0.035097439,0.95857549,-0.92347805,3,False,218.11738,0.050930713,7272,False
0b_crop_best,file,18,8997,154,153,117,116,0.15038161,0.86037958,0.027889337,0.83249024,154,True,20.480085,-0.16321104,32,False
0b_crop_best,file,18,3145,55,54,12,11,0.0045744297,0.99543601,0.001089056,0.99434696,55,True,0.68167739,-0.11053804,8997,False
0b_crop_best,file,18,2386,42,41,139,138,0.14041705,0.86899573,0.10954721,0.75944852,42,True,22.798022,0.0075225121,3145,False
0b_crop_best,file,18,11332,193,192,178,177,0.35906836,0.69832665,0.074956417,0.62337023,193,True,52.246229,-0.16592085,2386,False
0b_crop_best,file,18,5359,92,91,194,193,0.0113164,0.98874742,0.0044706068,0.98427681,92,True,1.8868837,0.095436591,11332,False
0b_crop_best,file,18,2598,46,45,52,51,0.065606192,0.9364996,0.0073306439,0.92916895,46,True,10.115654,-0.067067653,5359,False
0b_crop_best,file,18,388,8,7,50,49,0.14628077,0.86391515,0.072506957,0.79140819,8,True,25.598755,0.0060300526,2598,False
0b_crop_best,file,18,7936,136,135,137,136,0.014497069,0.9856075,0.011783765,0.97382374,136,True,2.4060975,-0.14523963,388,False
0b_crop_best,file,18,9947,169,168,163,162,0.0065320311,0.99348927,0.0033462618,0.990143,169,True,0.96501077,0.13139829,7936,False
0b_crop_best,file,18,5267,91,90,102,101,0.61436164,0.54098612,0.061300527,0.47968559,91,True,71.186523,0.060739482,9947,False
0b_crop_best,file,18,9223,157,156,177,176,0.46480373,0.62825841,0.16044316,0.46781525,157,True,63.32635,-0.12148366,5267,False
0b_crop_best,file,18,10306,175,174,157,156,0.27954155,0.75613034,0.030789483,0.72534085,175,True,44.567779,-0.036536403,9223,False
0b_crop_best,file,18,4853,84,83,45,44,0.071521632,0.93097615,0.026606997,0.90436915,84,True,10.879051,-0.080414262,10306,False
0b_crop_best,file,18,10599,180,179,182,181,0.0057004034,0.9943158,0.0049692513,0.98934655,180,True,0.9268124,0.13189401,4853,False
0b_crop_best,file,18,912,17,16,42,41,0.30524957,0.73693943,0.1525972,0.58434223,17,True,47.557282,0.072864046,10599,False
0b_crop_best,file,18,9503,162,161,168,167,0.0014773417,0.99852377,0.00040591555,0.99811786,162,True,0.26340218,-0.070488307,912,False
0b_crop_best,file,18,8233,141,140,146,145,4.0210681,0.017933799,0.71016854,-0.69223474,146,False,173.52004,0.0050091081,9503,False
0b_crop_best,file,18,444,9,8,27,26,0.15708034,0.85463542,0.032443207,0.82219221,9,True,20.26955,0.016870006,8233,False
0b_crop_best,file,18,2198,39,38,151,150,4.0344095,0.017696131,0.53709501,-0.51939888,151,False,235.13054,-0.026900762,444,False
0b_crop_best,file,18,10347,176,175,167,166,0.0027513765,0.9972524,0.00061425165,0.99663815,176,True,0.39223196,-0.01556371,2198,False
0b_crop_best,file,18,5285,91,90,76,75,0.50484544,0.60359883,0.32130012,0.28229871,91,True,86.103252,0.024594789,10347,False
0b_crop_best,file,18,361,7,6,6,5,0.00045968455,0.99954045,0.00026371275,0.99927674,7,True,0.06949651,-0.11025607,5285,False
0b_crop_best,file,18,8848,151,150,6,5,0.013166039,0.98692024,0.0059955548,0.98092468,151,True,2.7427952,-0.11094343,361,False
0b_crop_best,file,18,2931,51,50,50,49,2.7065217,0.066768639,0.68774676,-0.62097812,50,False,215.06288,-0.033949292,8848,False
0b_crop_best,file,18,2071,37,36,43,42,4.3227682,0.013263115,0.66585034,-0.65258723,43,False,134.12275,-0.014187817,2931,False
0b_crop_best,file,18,662,13,12,108,107,8.2966224e-05,0.99991703,1.6126778e-05,0.9999009,13,True,0.013158096,-0.18009085,2071,False
0b_crop_best,file,18,3271,57,56,192,191,0.019583099,0.98060739,0.0037011565,0.97690623,57,True,2.7762612,0.082072722,662,False
0b_crop_best,file,18,11283,192,191,187,186,0.00027128356,0.99972874,2.6396285e-05,0.99970234,192,True,0.04392347,0.10464521,3271,False
0b_crop_best,file,18,9371,160,159,37,36,1.9786718,0.13825274,0.23101109,-0.092758358,37,False,173.15061,0.033163268,11283,False
0b_crop_best,file,18,511,10,9,109,108,0.020687405,0.97952509,0.0048726839,0.97465241,10,True,3.0765429,0.059018872,9371,False
0b_crop_best,file,18,7106,122,121,120,119,0.24702917,0.78111792,0.06135264,0.71976528,122,True,42.852236,-0.0060788841,511,False
0b_crop_best,file,18,6182,106,105,84,83,0.0015254301,0.99847573,0.00058905006,0.99788668,106,True,0.21466861,-0.045873966,7106,False
0b_crop_best,file,18,8405,144,143,146,145,1.3972669,0.24727185,0.29526803,-0.047996178,146,False,113.70862,-0.13815024,6182,False
0b_crop_best,file,18,2439,43,42,174,173,1.5017421,0.22274178,0.62705374,-0.40431195,174,False,161.47473,0.0049161326,8405,False
0b_crop_best,file,18,9446,161,160,98,97,4.8727117,0.0076525854,0.56685114,-0.55919855,98,False,171.51844,0.0058508138,2439,False
0b_crop_best,file,18,3497,61,60,62,61,0.067446664,0.93477756,0.02771619,0.90706137,61,True,11.821386,-0.071309628,9446,False
0b_crop_best,file,18,8172,140,139,16,15,0.87962663,0.41493779,0.50834215,-0.093404353,16,False,152.55158,-0.03057641,3497,False
0b_crop_best,file,18,1658,30,29,107,106,3.8846827,0.020554353,0.58337277,-0.56281842,107,False,249.77606,0.045773047,8172,False
0b_crop_best,file,18,3706,64,63,62,61,2.6307151,0.072026931,0.5811165,-0.50908957,62,False,149.2928,-0.002196532,1658,False
0b_crop_best,file,18,5096,88,87,174,173,0.081546403,0.92168993,0.036235206,0.88545472,88,True,11.454728,0.02357665,3706,False
0b_crop_best,file,18,5432,93,92,102,101,4.9698782,0.0069439951,0.36379874,-0.35685474,102,False,196.04481,0.023721621,5096,False
0b_crop_best,file,18,6880,118,117,193,192,5.2234201,0.0053888666,0.75415355,-0.74876468,193,False,167.00719,0.16513497,5432,False
0b_crop_best,file,18,2034,36,35,194,193,0.006659931,0.99336219,0.0035578159,0.98980437,36,True,1.2199834,-0.0043075681,6880,False
0b_crop_best,file,18,8949,153,152,172,171,0.66786391,0.51280284,0.087751515,0.42505132,153,True,97.003719,-0.023735438,2034,False
0b_crop_best,file,18,10877,185,184,186,185,4.6863523,0.0092202583,0.974922,-0.96570174,186,False,162.91904,-0.033908,8949,False
0b_crop_best,file,18,11558,197,196,196,195,0.00062839309,0.99937183,0.00032024877,0.99905158,197,True,0.11626017,0.014473932,10877,False
0b_crop_best,file,18,10353,176,175,169,168,0.0060328292,0.99398535,0.00067477539,0.99331058,176,True,0.91462915,-0.066928973,11558,False
0b_crop_best,file,18,5997,103,102,102,101,3.0606899,0.046855357,0.5575943,-0.51073894,102,False,114.09385,0.024057757,10353,False
0b_crop_best,file,18,3787,66,65,65,64,3.3986163,0.033419479,0.95006925,-0.91664977,65,False,235.57895,-0.051430925,5997,False
0b_crop_best,file,18,11232,191,190,188,187,0.027309904,0.97305965,0.024361484,0.94869817,191,True,4.9380653,-0.056323923,3787,False
0b_crop_best,file,18,4848,83,82,14,13,0.33163264,0.71775097,0.12672032,0.59103064,83,True,44.637951,0.0056285934,11232,False
0b_crop_best,file,18,9080,155,154,2,1,2.7365155,0.064795732,0.18753557,-0.12273984,2,False,146.05597,-0.0030110366,4848,False
0b_crop_best,file,18,5394,93,92,3,2,0.19858107,0.8198933,0.054408111,0.76548519,93,True,45.633249,0.086919717,9080,False
0b_crop_best,file,18,4994,86,85,53,52,0.39176846,0.67586058,0.11119496,0.56466562,86,True,79.845475,-0.058049605,5394,False
0b_crop_best,file,18,11088,189,188,36,35,0.11781324,0.88886207,0.088973343,0.79988873,189,True,19.937799,0.028284371,4994,False
0b_crop_best,file,18,4716,81,80,192,191,0.25408238,0.77562791,0.12616709,0.64946082,81,True,45.649748,-0.063317172,11088,False
0b_crop_best,file,18,10989,187,186,190,189,0.12075841,0.88624805,0.099665739,0.78658231,187,True,32.561118,-0.064126122,4716,False
0b_crop_best,file,18,8410,144,143,145,144,9.0548477,0.00011682334,0.93068051,-0.93056369,145,False,277.2615,0.049122965,10989,False
0b_crop_best,file,18,10124,172,171,16,15,0.29258075,0.74633497,0.16731729,0.57901768,172,True,41.296942,0.0099010824,8410,False
0b_crop_best,file,18,9855,168,167,162,161,3.7456846,0.023619451,0.79304051,-0.76942106,162,False,164.40137,-0.026829335,10124,False
0b_crop_best,file,18,1603,29,28,142,141,6.4553308,0.0015721193,0.70153904,-0.69996692,142,False,136.07331,-6.6774873e-05,9855,False
0b_crop_best,file,18,10539,179,178,148,147,0.0031413515,0.9968636,0.00089346344,0.99597014,179,True,0.50579282,-0.064621395,1603,False
0b_crop_best,file,18,3160,55,54,12,11,0.1657338,0.84727174,0.13630468,0.71096706,55,True,36.511648,0.076257462,10539,False
0b_crop_best,file,18,6513,112,111,111,110,0.3959569,0.67303568,0.32239649,0.35063919,112,True,76.829041,-0.025591824,3160,False
0b_crop_best,file,18,7430,127,126,128,127,0.026257832,0.9740839,0.011887589,0.96219631,127,True,3.821006,0.048590037,6513,False
0b_crop_best,file,18,1772,32,31,33,32,2.3828056,0.092291273,0.83427739,-0.74198612,33,False,168.52663,-0.12099428,7430,False
0b_crop_best,file,18,5158,89,88,46,45,0.00032598426,0.99967408,3.482086e-05,0.99963926,89,True,0.051935988,-0.079326085,1772,False
0b_crop_best,file,18,10638,181,180,178,177,0.0057117823,0.99430448,0.0025952987,0.99170918,181,True,0.94943504,0.068795761,5158,False
0b_crop_best,file,18,2832,50,49,51,50,0.12213207,0.88503146,0.073857851,0.81117361,50,True,15.67054,0.12624273,10638,False
0b_crop_best,file,18,10225,174,173,168,167,0.97745448,0.37626767,0.094445527,0.28182214,174,True,117.51496,0.00078791727,2832,False
0b_crop_best,file,18,460,9,8,11,10,0.08075016,0.92242414,0.055064496,0.86735964,9,True,9.301265,0.0076567281,10225,False
0b_crop_best,file,18,7417,127,126,120,119,6.2587695,0.0019135986,0.47468582,-0.47277222,120,False,136.18335,-0.060531935,460,False
0b_crop_best,file,18,3546,61,60,66,65,0.1310593,0.87716573,0.097352505,0.77981323,61,True,17.357777,-0.070226369,7417,False
0b_crop_best,file,18,5772,99,98,149,148,0.049046896,0.95213646,0.033532053,0.9186044,99,True,9.2060206,0.012916254,3546,False
0b_crop_best,file,18,11034,188,187,191,190,0.0046269973,0.99538368,0.0032616416,0.99212204,188,True,0.74744878,-0.019471757,5772,False
0b_crop_best,file,18,8042,137,136,118,117,4.9249487,0.0072630988,0.72677583,-0.71951273,118,False,157.55479,-0.017754841,11034,False
0b_crop_best,file,18,1670,30,29,27,26,5.1633291,0.0057226168,0.96149164,-0.95576903,27,False,234.17529,0.085266377,8042,False
0b_crop_best,file,18,11448,195,194,130,129,0.010554919,0.98950058,0.0031859875,0.98631459,195,True,2.1249254,-0.022367417,1670,False
0b_crop_best,file,18,5979,103,102,102,101,0.53376859,0.58639091,0.062051333,0.52433958,103,True,82.862695,0.017195254,11448,False
0b_crop_best,file,18,7152,123,122,128,127,1.5665442,0.2087654,0.14781186,0.060953543,123,True,150.98384,0.086014546,5979,False
0b_crop_best,file,18,2554,45,44,63,62,2.6489036,0.070728727,0.84172243,-0.7709937,63,False,219.80653,-0.072970671,7152,False
0b_crop_best,file,18,115,2,1,44,43,0.05108697,0.95019603,0.023636667,0.92655936,2,True,9.9427565,-0.077484816,2554,False
0b_crop_best,file,18,9090,155,154,153,152,0.055224951,0.94627225,0.025858311,0.92041394,155,True,8.5262106,0.076982764,115,False
0b_crop_best,file,18,313,6,5,7,6,0.013106977,0.98697853,0.0086257625,0.97835277,6,True,3.3713694,0.13842188,9090,False
0b_crop_best,file,18,5206,90,89,51,50,0.043810461,0.95713538,0.025268374,0.93186701,90,True,7.9748362,0.038895441,313,False
0b_crop_best,file,18,10103,172,171,20,19,3.5679252,0.028214334,0.48350501,-0.45529068,20,False,200.25256,0.017762155,5206,False
0b_crop_best,file,18,10552,180,179,182,181,0.01539913,0.98471886,0.0041911895,0.98052767,180,True,2.1986646,0.17773809,10103,False
0b_crop_best,file,18,345,7,6,5,4,0.016236106,0.983895,0.0095742354,0.97432077,7,True,2.9889541,-0.091920815,10552,False
0b_crop_best,file,18,9955,170,169,160,159,2.1106853,0.1211549,0.076287068,0.044867828,170,True,130.49169,-0.14022264,345,False
0b_crop_best,file,18,7995,137,136,69,68,0.79118711,0.45330635,0.42411023,0.029196113,137,True,137.55568,0.1367493,9955,False
0b_crop_best,file,18,7867,135,134,102,101,0.085870467,0.91771311,0.026839666,0.89087344,135,True,13.746422,0.074812105,7995,False
0b_crop_best,file,18,2741,48,47,47,46,0.0061783274,0.99384069,0.0017117342,0.99212896,48,True,0.8368973,0.083946825,7867,False
0b_crop_best,file,18,213,4,3,29,28,0.39625052,0.67283815,0.09169358,0.58114457,4,True,64.457387,0.099115091,2741,False
0b_crop_best,file,18,5874,101,100,100,99,0.0024963426,0.9975068,0.00060616015,0.99690064,101,True,0.34146439,-0.042158883,213,False
0b_crop_best,file,18,11493,196,195,199,198,0.13715468,0.87183535,0.048915349,0.82292,196,True,21.217911,0.088403229,5874,False
0b_crop_best,file,18,2334,41,40,135,134,0.0010452766,0.99895525,0.00026990159,0.99868535,41,True,0.16307546,-0.076932402,11493,False
0b_crop_best,file,18,409,8,7,24,23,3.6237924,0.026681297,0.48669907,-0.46001778,24,False,196.64062,-0.018201055,2334,False
0b_crop_best,file,18,10558,180,179,182,181,0.0038504286,0.99615699,0.0013672088,0.99478978,180,True,0.50620077,-0.11920758,409,False
0b_crop_best,file,18,9888,168,167,162,161,0.036742296,0.96392453,0.026716655,0.93720787,168,True,5.9707509,0.11355469,10558,False
0b_crop_best,file,18,11206,191,190,35,34,0.090590097,0.91339207,0.011828848,0.90156322,191,True,12.862167,-0.035637336,9888,False
0b_crop_best,file,18,10180,173,172,199,198,0.12834275,0.87955189,0.045180932,0.83437096,173,True,28.817725,0.16961245,11206,False
0b_crop_best,file,18,6068,104,103,122,121,1.2470082,0.28736326,0.2481517,0.039211556,104,True,162.80791,0.24328572,10180,False
0b_crop_best,file,18,3310,58,57,8,7,4.4464075e-05,0.99995553,1.6829603e-05,0.99993871,58,True,0.0074811461,-0.018354563,6068,False
0b_crop_best,file,18,10086,172,171,173,172,0.022695091,0.97756052,0.0086918948,0.96886863,172,True,2.6973688,-0.036044392,3310,False
0b_crop_best,file,18,4027,70,69,68,67,5.4070573,0.0044848174,0.79791856,-0.79343374,68,False,139.93873,-0.013320968,10086,False
0b_crop_best,file,18,4929,85,84,34,33,0.2267433,0.7971254,0.020427855,0.77669754,85,True,35.711069,-0.032911125,4027,False
0b_crop_best,file,18,5875,101,100,145,144,0.045004711,0.955993,0.013059088,0.94293391,101,True,6.6368767,-0.038327131,4929,False
0b_crop_best,file,18,6291,108,107,30,29,0.073743105,0.92891032,0.030545177,0.89836514,108,True,10.871402,-0.029452948,5875,False
0b_crop_best,file,18,3867,67,66,68,67,0.10878449,0.89692372,0.097883306,0.79904041,67,True,23.466849,-0.0020825569,6291,False
0b_crop_best,file,18,3363,58,57,44,43,1.4553783,0.23331209,0.18937874,0.043933347,58,True,139.1945,0.059051703,3867,False
0b_crop_best,file,18,5957,102,101,103,102,1.6890846,0.18468849,0.21195854,-0.027270049,103,False,116.22081,0.043461638,3363,False
0b_crop_best,file,18,1343,25,24,23,22,1.6149997,0.19889075,0.74109554,-0.5422048,23,False,146.89447,-0.013501971,5957,False
0b_crop_best,file,18,10014,171,170,99,98,3.1735864,0.041853223,0.14542466,-0.10357144,99,False,148.27261,0.047932253,1343,False
0b_crop_best,file,18,3605,62,61,74,73,4.9642205,0.0069833933,0.68018204,-0.67319865,74,False,215.02122,-0.046529561,10014,False
0b_crop_best,file,18,11366,193,192,198,197,0.03369372,0.96686757,0.0070475535,0.95982001,193,True,5.3797761,0.048801112,3605,False
0b_crop_best,file,18,7676,131,130,119,118,0.98077637,0.37501982,0.49569631,-0.12067649,119,False,143.91331,-0.048501632,11366,False
0b_crop_best,file,18,10852,185,184,112,111,0.0011505419,0.99885011,0.00028718048,0.99856293,185,True,0.18638669,-0.16756998,7676,False
0b_crop_best,file,18,2635,46,45,142,141,0.10569718,0.89969707,0.031890959,0.86780611,46,True,21.485678,0.09765092,10852,False
0b_crop_best,file,18,7837,134,133,24,23,0.92352021,0.39711866,0.19672389,0.20039476,134,True,101.07273,-0.021035878,2635,False
0b_crop_best,file,18,9657,165,164,166,165,0.0031702281,0.99683481,0.0012940358,0.99554078,165,True,0.47194452,0.10798271,7837,False
0b_crop_best,file,18,4392,76,75,26,25,0.70342463,0.49488759,0.17123015,0.32365744,76,True,89.542852,-0.037381144,9657,False
0b_crop_best,file,18,225,4,3,30,29,0.0034035868,0.99660218,0.00081528432,0.99578689,4,True,0.57218066,0.13726297,4392,False
0b_crop_best,file,18,55,1,0,8,7,0.18203188,0.83357477,0.05604266,0.77753211,1,True,30.91939,-0.072220257,225,False
0b_crop_best,file,18,4845,83,82,14,13,0.009838542,0.9902097,0.0012064799,0.98900322,83,True,1.8615324,-0.00053895473,55,False
0b_crop_best,file,18,3657,63,62,60,59,0.60239661,0.54749793,0.17546971,0.37202822,63,True,77.02777,-0.0075659447,4845,False
0b_crop_best,file,18,8870,151,150,152,151,0.03609078,0.9645527,0.017258128,0.94729457,151,True,4.3821206,0.001198731,3657,False
0b_crop_best,file,18,9664,165,164,166,165,0.029364549,0.97106242,0.0093624378,0.96169998,165,True,4.745904,0.015290917,8870,False
0b_crop_best,file,18,5922,102,101,39,38,2.4250791,0.088471115,0.518619,-0.43014789,39,False,229.85265,-0.17697134,9664,False
0b_crop_best,file,18,2094,37,36,39,38,2.6951962,0.067529134,0.53855771,-0.47102857,39,False,134.39305,0.026361826,5922,False
0b_crop_best,file,18,9063,155,154,153,152,2.5917232,0.074890874,0.87895644,-0.80406556,153,False,185.03761,-0.017467105,2094,False
0b_crop_best,file,18,7197,123,122,125,124,0.10286321,0.90225041,0.025606349,0.87664406,123,True,14.592953,0.079776116,9063,False
0b_crop_best,file,18,4604,79,78,198,197,2.7508569,0.063873105,0.19264533,-0.12877222,198,False,128.62904,0.010541329,7197,False
0b_crop_best,file,18,10665,182,181,175,174,0.23901998,0.78739917,0.12609299,0.66130619,182,True,31.774571,-0.016421261,4604,False
0b_crop_best,file,18,8730,149,148,150,149,0.029406106,0.97102207,0.017242935,0.95377913,149,True,4.9158682,0.058348864,10665,False
0b_crop_best,file,18,6794,117,116,158,157,0.88016826,0.41471311,0.15191877,0.26279435,117,True,117.68643,-0.041930515,8730,False
0b_crop_best,file,18,11456,195,194,199,198,0.015198846,0.98491609,0.012944291,0.9719718,195,True,3.4840476,-0.20671587,6794,False
0b_crop_best,file,18,10255,175,174,157,156,0.00096620119,0.99903429,0.00054355589,0.99849073,175,True,0.15867608,-0.02710841,11456,False
0b_crop_best,file,18,10426,177,176,180,179,0.0028551549,0.99714893,0.00089021446,0.99625872,177,True,0.43343543,0.088612061,10255,False
0b_crop_best,file,18,7265,124,123,126,125,0.0082952483,0.99173903,0.0056635393,0.9860755,124,True,1.2369408,0.010320489,10426,False
0b_crop_best,file,18,10209,174,173,178,177,0.13130324,0.87695181,0.017793523,0.85915829,174,True,25.574406,-0.042250814,7265,False
0b_crop_best,file,18,7740,132,131,133,132,0.13280885,0.87563246,0.020890608,0.85474186,132,True,18.344841,-0.097076256,10209,False
0b_crop_best,file,18,1974,35,34,56,55,0.072655432,0.92992121,0.014741831,0.91517938,35,True,11.597598,0.042997466,7740,False
0b_crop_best,file,18,10503,179,178,154,153,0.74288654,0.47573867,0.44534856,0.030390114,179,True,115.62466,-0.064556159,1974,False
0b_crop_best,file,18,8679,148,147,114,113,0.0024375985,0.99756539,0.00059314293,0.99697225,148,True,0.43706797,0.18634843,10503,False
0b_crop_best,file,18,5721,98,97,180,179,4.6320186,0.0097350869,0.26286334,-0.25312825,180,False,128.05693,-0.017396565,8679,False
0b_crop_best,file,18,545,11,10,9,8,0.44197714,0.64276433,0.09176553,0.5509988,11,True,60.974315,-0.0090284722,5721,False
0b_crop_best,file,18,8129,139,138,42,41,0.0044544521,0.99555546,0.0019772507,0.99357821,139,True,0.52911484,0.070864176,545,False
0b_crop_best,file,18,2176,39,38,37,36,3.6538408,0.025891492,0.40658918,-0.38069769,37,False,173.8597,0.0054392428,8129,False
0b_crop_best,file,18,1034,19,18,155,154,0.00021264676,0.99978739,9.4567549e-05,0.99969282,19,True,0.032671998,-0.063553717,2176,False
0b_crop_best,file,18,4167,72,71,71,70,0.029141918,0.97127861,0.0069342954,0.96434431,72,True,5.0983568,-0.044078789,1034,False
0b_crop_best,file,18,5465,94,93,112,111,0.2214801,0.80133188,0.028015291,0.77331659,94,True,38.532519,0.011100934,4167,False
0b_crop_best,file,18,6768,116,115,117,116,0.70278525,0.49520409,0.3427262,0.15247789,116,True,95.34893,0.033274698,5465,False
0b_crop_best,file,18,984,18,17,181,180,0.0066135097,0.99340832,0.0016608391,0.99174748,18,True,1.6245461,0.028986736,6768,False
0b_crop_best,file,18,10060,171,170,88,87,0.088988751,0.91485584,0.021162825,0.89369301,171,True,14.005879,-0.091336727,984,False
0b_crop_best,file,18,8280,141,140,144,143,0.63408494,0.5304206,0.23749755,0.29292305,141,True,67.211819,0.1465808,10060,False
0b_crop_best,file,18,7704,132,131,119,118,4.9282813,0.0072389338,0.60662514,-0.59938621,119,False,169.97739,-0.080834878,8280,False
0b_crop_best,file,18,2932,51,50,50,49,0.7094202,0.49192932,0.48918805,0.0027412772,51,True,128.91567,0.080235653,7704,False
0b_crop_best,file,18,9308,159,158,114,113,0.0096446974,0.99040169,0.0042157471,0.98618594,159,True,1.8615444,-0.073490203,2932,False
0b_crop_best,file,18,3289,57,56,6,5,1.8711979,0.15393914,0.11630531,0.037633836,57,True,138.62802,0.13407918,9308,False
0b_crop_best,file,18,3205,56,55,34,33,0.070647046,0.93179071,0.039861988,0.89192872,56,True,11.615364,-0.0031071652,3289,False
0b_crop_best,file,18,9290,158,157,136,135,0.20273474,0.81649482,0.070658021,0.7458368,158,True,37.128797,0.1030196,3205,False
0b_crop_best,file,18,9869,168,167,20,19,0.05887967,0.94282019,0.019761408,0.92305878,168,True,10.277952,-0.015595816,9290,False
0b_crop_best,file,18,4485,77,76,38,37,0.00083626102,0.9991641,0.00063554954,0.99852855,77,True,0.15260247,-0.12005608,9869,False
0b_crop_best,file,18,8564,146,145,147,146,0.92401433,0.39692247,0.38043019,0.016492277,146,True,65.504182,0.094115685,4485,False
0b_crop_best,file,18,8881,152,151,172,171,0.00045730147,0.99954283,0.0001947102,0.99934812,152,True,0.077560926,0.040613873,8564,False
0b_crop_best,file,18,1058,20,19,170,169,1.8218923,0.16171946,0.64193988,-0.48022042,170,False,139.92374,0.17979345,8881,False
0b_crop_best,file,18,929,17,16,42,41,1.0263014,0.35832986,0.31263644,0.045693427,17,True,106.77721,0.11737653,1058,False
0b_crop_best,file,18,10633,181,180,18,17,6.1466675,0.0021406037,0.79153073,-0.78939012,18,False,209.6659,0.061204388,929,False
0b_crop_best,file,18,6757,116,115,119,118,0.71784431,0.48780268,0.21512493,0.27267775,116,True,102.65252,-0.019989061,10633,False
0b_crop_best,file,18,3123,54,53,14,13,0.030893954,0.96957839,0.017619023,0.95195936,54,True,6.0199995,0.046280036,6757,False
0b_crop_best,file,18,6283,108,107,188,187,0.076270536,0.92656553,0.05334466,0.87322087,108,True,15.159235,0.049630921,3123,False
0b_crop_best,file,18,3114,54,53,14,13,0.00087556645,0.99912483,0.00056720665,0.99855762,54,True,0.12647936,0.06755494,6283,False
0b_crop_best,file,18,11057,188,187,187,186,0.0092761489,0.99076676,0.0065425783,0.98422419,188,True,1.9367217,-0.02183934,3114,False
0b_crop_best,file,18,1103,20,19,200,199,0.033263478,0.96728367,0.017633075,0.94965059,20,True,3.9741982,-0.046272745,11057,False
0b_crop_best,file,18,9607,164,163,160,159,0.0020728072,0.99792933,0.00088040455,0.99704893,164,True,0.41260128,-0.0034802255,1103,False
0b_crop_best,file,18,1186,22,21,105,104,0.17662199,0.83809656,0.081166163,0.7569304,22,True,31.683949,-0.066407906,9607,False
0b_crop_best,file,18,7585,130,129,197,196,6.0229459,0.0024225225,0.63393605,-0.63151353,197,False,201.54096,-0.13647926,1186,False
0b_crop_best,file,18,1286,23,22,58,57,0.41901168,0.65769655,0.069173932,0.58852261,23,True,54.077909,-0.026646437,7585,False
0b_crop_best,file,18,4426,76,75,79,78,1.3302845,0.26440203,0.39258382,-0.12818179,79,False,137.01884,0.053414244,1286,False
0b_crop_best,file,18,3621,63,62,62,61,0.83806276,0.43254766,0.27806893,0.15447873,63,True,113.8186,-0.0033168087,4426,False
0b_crop_best,file,18,3866,67,66,35,34,0.052367598,0.94897997,0.028445218,0.92053476,67,True,10.215778,-0.010281454,3621,False
0b_crop_best,file,18,9639,164,163,94,93,2.1957588,0.11127407,0.57557815,-0.46430408,94,False,165.86326,0.040260039,3866,False
0b_crop_best,file,18,8083,138,137,111,110,0.012064345,0.98800814,0.0064223497,0.98158579,138,True,1.9502719,0.036330161,9639,False
0b_crop_best,file,18,1436,26,25,30,29,0.49525419,0.60941601,0.22006345,0.38935256,26,True,95.763239,-0.076465269,8083,False
0b_crop_best,file,18,5050,87,86,137,136,0.38636866,0.67951995,0.034499254,0.6450207,87,True,46.563202,-0.021125067,1436,False
0b_crop_best,file,18,6935,119,118,118,117,1.2651113,0.28220788,0.1546596,0.12754828,119,True,160.49853,-0.014030048,5050,False
0b_crop_best,file,18,11423,194,193,197,196,0.040352982,0.96045035,0.0061929715,0.95425738,194,True,8.0225202,-0.24926088,6935,False
0b_crop_best,file,18,11347,193,192,195,194,0.045402136,0.95561314,0.031421036,0.9241921,193,True,8.4491904,0.0037644727,11423,False
0b_crop_best,file,18,10212,174,173,77,76,0.18469383,0.83135879,0.072753973,0.75860482,174,True,27.394588,0.0040275391,11347,False
0b_crop_best,file,18,6587,113,112,123,122,0.0028521833,0.99715185,0.002210967,0.99494088,113,True,0.48932638,-0.026795388,10212,False
0b_crop_best,file,18,6137,105,104,22,21,0.23460959,0.79087955,0.20822598,0.58265357,105,True,73.382884,0.1796761,6587,False
0b_crop_best,file,18,11074,189,188,36,35,0.00045634824,0.99954373,0.0002201219,0.9993236,189,True,0.064428285,0.057552872,6137,False
0b_crop_best,file,18,7561,129,128,131,130,0.032666113,0.96786165,0.023078825,0.94478283,129,True,10.318872,0.091331682,11074,False
0b_crop_best,file,18,5796,99,98,131,130,0.12043919,0.886531,0.021995097,0.8645359,99,True,13.890949,0.044205576,7561,False
0b_crop_best,file,18,2455,43,42,102,101,4.0419312,0.017563516,0.36161911,-0.3440556,102,False,195.65851,-0.11227409,5796,False
0b_crop_best,file,18,10437,178,177,195,194,0.83759177,0.43275145,0.20430322,0.22844823,178,True,176.16333,-0.08259933,2455,False
0b_crop_best,file,18,5857,100,99,23,22,0.029589791,0.97084367,0.014400807,0.95644287,100,True,4.9504307,-0.12347068,10437,False
0b_crop_best,file,18,3092,54,53,14,13,0.48940432,0.61299139,0.37823805,0.23475334,54,True,78.70359,0.043141906,5857,False
0b_crop_best,file,18,275,5,4,89,88,5.8487859,0.0028833982,0.34747517,-0.34459177,89,False,173.38972,0.0003489506,3092,False
0b_crop_best,file,18,823,15,14,14,13,0.0033494106,0.99665618,0.00095551641,0.99570066,15,True,0.43065299,-0.046541091,275,False
0b_crop_best,file,18,10795,184,183,183,182,0.1601007,0.85205799,0.022698805,0.82935919,184,True,29.774356,-0.049542608,823,False
0b_crop_best,file,18,7766,133,132,118,117,1.0717413,0.34241173,0.21016243,0.1322493,133,True,138.9513,0.13228916,10795,False
0b_crop_best,file,18,744,14,13,54,53,0.15504739,0.85637462,0.079769738,0.77660488,14,True,27.130988,0.085807161,7766,False
0b_crop_best,file,18,11685,199,198,196,195,0.53926229,0.58317828,0.4065221,0.17665619,199,True,80.425025,-0.069343547,744,False
0b_crop_best,file,18,10734,183,182,184,183,0.0049862321,0.99502617,0.0043258974,0.99070027,183,True,1.105327,-0.014854106,11685,False
0b_crop_best,file,18,3690,64,63,142,141,0.0010517072,0.99894887,0.00041179039,0.99853708,64,True,0.19839676,0.022990355,10734,False
0b_crop_best,file,18,9269,158,157,97,96,0.0022712168,0.99773139,0.00071057712,0.99702081,158,True,0.38350564,-0.050513039,3690,False
0b_crop_best,file,18,5852,100,99,53,52,0.026783949,0.97357154,0.01568062,0.95789092,100,True,4.7593939,-0.011363593,9269,False
0b_crop_best,file,18,2966,52,51,50,49,0.011349048,0.98871511,0.0096476665,0.97906745,52,True,2.62925,-0.016327692,5852,False
0b_crop_best,file,18,2953,52,51,51,50,0.0078392709,0.99219137,0.0028823116,0.98930906,52,True,1.4043028,0.41092034,2966,True
0b_crop_best,file,18,6638,114,113,85,84,0.013739418,0.98635453,0.0029635313,0.983391,114,True,2.2086654,0.080802701,2953,False
0b_crop_best,file,18,8966,153,152,155,154,0.22422177,0.79913789,0.080513753,0.71862414,153,True,26.964796,0.031043386,6638,False
0b_crop_best,file,18,5646,97,96,30,29,0.20701341,0.81300873,0.042975534,0.77003319,97,True,29.665599,0.034630876,8966,False
0b_crop_best,file,18,2734,48,47,47,46,0.0016337393,0.99836761,0.00058976555,0.99777784,48,True,0.20590323,0.058354294,5646,False
0b_crop_best,file,18,3949,68,67,69,68,0.033639085,0.96692044,0.019152027,0.94776841,68,True,5.1217446,-0.06881502,2734,False
0b_crop_best,file,18,8324,142,141,30,29,0.45525026,0.63428921,0.1259449,0.50834431,142,True,61.311207,0.019129412,3949,False
0b_crop_best,file,18,8209,140,139,139,138,0.0020460403,0.99795604,0.0008364605,0.99711958,140,True,0.22552303,-0.091826549,8324,False
0b_crop_best,file,18,11708,199,198,22,21,2.3253076,0.097753376,0.33923739,-0.24148402,22,False,132.58535,0.034767737,8209,False
0b_crop_best,file,18,515,10,9,5,4,0.0064651142,0.99355572,0.0023760733,0.99117965,10,True,0.93790428,0.018861332,11708,False
0b_crop_best,file,18,3542,61,60,60,59,0.02725202,0.97311598,0.0082000829,0.9649159,61,True,3.8178438,0.032708817,515,False
0b_crop_best,file,18,11652,198,197,196,195,0.012934241,0.98714906,0.0029078783,0.98424118,198,True,2.4780845,0.096312725,3542,False
0b_crop_best,file,18,4289,74,73,72,71,5.398572,0.0045230365,0.30039486,-0.29587183,72,False,200.54515,0.17856856,11652,False
0b_crop_best,file,18,4332,75,74,16,15,0.014537721,0.98556745,0.0046111434,0.98095631,75,True,2.8333821,0.051265048,4289,False
0b_crop_best,file,18,4183,72,71,8,7,0.033809435,0.96675569,0.0069620176,0.95979367,72,True,6.6825819,0.024197962,4332,False
0b_crop_best,file,18,5357,92,91,105,104,6.4283466,0.0016151194,0.99834788,-0.99673276,105,False,220.10035,0.022931253,4183,False
0b_crop_best,file,18,10491,179,178,153,152,1.009436,0.36442447,0.27141044,0.093014032,179,True,149.31339,0.046697158,5357,False
0b_crop_best,file,18,1357,25,24,44,43,0.74733889,0.47362524,0.14788027,0.32574497,25,True,93.145226,-0.10808557,10491,False
0b_crop_best,file,18,9675,165,164,156,155,0.12451225,0.88292742,0.032126933,0.85080048,165,True,17.031968,0.016726011,1357,False
0b_crop_best,file,18,570,11,10,9,8,1.5066655,0.22164783,0.63720638,-0.41555855,9,False,179.5596,-0.037911388,9675,False
0b_crop_best,file,18,862,16,15,14,13,0.0050907275,0.99492222,0.0028364041,0.99208582,16,True,0.8565389,0.0045080712,570,False
0b_crop_best,file,18,8466,145,144,143,142,0.042707194,0.95819193,0.022980897,0.93521103,145,True,5.0639539,-0.099927659,862,False
0b_crop_best,file,18,2787,49,48,26,25,1.5309104,0.21633862,0.33310682,-0.1167682,26,False,121.96286,0.083366189,8466,False
0b_crop_best,file,18,2661,47,46,180,179,0.011995088,0.98807657,0.0072540636,0.9808225,47,True,2.1988537,0.017377023,2787,False
0b_crop_best,file,18,10932,186,185,103,102,2.862421,0.05713027,0.62811428,-0.57098401,103,False,286.53455,0.044719808,2661,False
0b_crop_best,file,18,7598,130,129,56,55,1.5264801,0.21729921,0.37188622,-0.15458702,56,False,133.67437,0.068345732,10932,False
0b_crop_best,file,18,5609,96,95,161,160,0.0070693367,0.99295557,0.0010237535,0.99193181,96,True,1.2757421,0.0031847758,7598,False
0b_crop_best,file,18,7001,120,119,129,128,0.0022167414,0.99778569,0.00040076268,0.99738492,120,True,0.29253174,0.056393557,5609,False
0b_crop_best,file,18,7653,131,130,127,126,0.0067517008,0.99327105,0.0049116164,0.98835944,131,True,1.2267108,0.023903828,7001,False
0b_crop_best,file,18,9715,166,165,165,164,0.064738154,0.93731284,0.010938797,0.92637404,166,True,11.327107,0.02774934,7653,False
0b_crop_best,file,18,7616,130,129,116,115,1.558061,0.21054392,0.081309482,0.12923443,130,True,139.64794,0.030065614,9715,False
0b_crop_best,file,18,1905,34,33,97,96,0.0011418497,0.99885881,0.00025623559,0.99860257,34,True,0.20484435,-0.05980739,7616,False
0b_crop_best,file,18,5621,96,95,97,96,0.17138124,0.84250033,0.076286308,0.76621402,96,True,30.381185,-0.20388592,1905,False
0b_gaussian_blur_best,file,18,3891,67,66,69,68,4.7192898,0.0089215133,0.94460434,-0.93568282,69,False,220.2301,,-1,False
0b_gaussian_blur_best,file,18,5405,93,92,19,18,0.0062036808,0.99381554,0.0032486136,0.99056693,93,True,0.85045768,0.078050079,3891,False
0b_gaussian_blur_best,file,18,920,17,16,42,41,0.055251233,0.9462474,0.025370868,0.92087653,17,True,7.4933526,-0.045965608,5405,False
0b_gaussian_blur_best,file,18,5043,87,86,75,74,0.051398985,0.94989961,0.010739246,0.93916037,87,True,5.6840297,0.082388011,920,False
0b_gaussian_blur_best,file,18,11743,200,199,168,167,0.037158869,0.96352303,0.02857825,0.93494478,200,True,6.8603316,0.10641929,5043,False
0b_gaussian_blur_best,file,18,3563,62,61,65,64,1.838514,0.15905361,0.49027121,-0.3312176,65,False,133.47639,-0.0030281465,11743,False
0b_gaussian_blur_best,file,18,956,18,17,190,189,1.9057637,0.14870901,0.15280659,-0.0040975809,190,False,128.60135,0.0025725791,3563,False
0b_gaussian_blur_best,file,18,11179,190,189,192,191,0.38366511,0.68135959,0.28240329,0.3989563,190,True,83.484342,0.055358601,956,False
0b_gaussian_blur_best,file,18,4184,72,71,71,70,0.0045703952,0.99544001,0.00086564542,0.99457436,72,True,0.71750953,-0.10402352,11179,False
0b_gaussian_blur_best,file,18,881,16,15,170,169,0.052944493,0.94843268,0.01196157,0.93647111,16,True,7.157138,-0.017829714,4184,False
0b_gaussian_blur_best,file,18,2199,39,38,38,37,0.1997423,0.81894177,0.14062996,0.67831181,39,True,42.108026,-0.080304436,881,False
0b_gaussian_blur_best,file,18,4531,78,77,112,111,0.00063113321,0.99936908,0.00034220051,0.99902688,78,True,0.099676303,-0.085459835,2199,False
0b_gaussian_blur_best,file,18,782,15,14,158,157,0.0022575387,0.99774504,0.00019269341,0.99755234,15,True,0.28448179,0.082034429,4531,False
0b_gaussian_blur_best,file,18,3068,53,52,51,50,0.1247078,0.8827548,0.036238682,0.84651612,53,True,12.645904,-0.022696956,782,False
0b_gaussian_blur_best,file,18,1464,27,26,128,127,7.0740876,0.00084676489,0.57753134,-0.57668457,128,False,167.37062,0.023576958,3068,False
0b_gaussian_blur_best,file,18,11718,199,198,119,118,6.8969355,0.0010108784,0.20323943,-0.20222855,119,False,145.87154,0.0093052268,1464,False
0b_gaussian_blur_best,file,18,736,14,13,54,53,0.74657804,0.47398573,0.42211798,0.051867753,14,True,115.03658,-0.047830501,11718,False
0b_gaussian_blur_best,file,18,10670,182,181,43,42,1.5251386,0.2175909,0.17998731,0.037603587,182,True,110.31255,-0.032464579,736,False
0b_gaussian_blur_best,file,18,7916,135,134,114,113,1.2586695,0.28403169,0.10560011,0.17843158,135,True,145.46694,-0.12084475,10670,False
0b_gaussian_blur_best,file,18,8376,143,142,26,25,3.8914375,0.020415977,0.081904128,-0.061488152,26,False,94.001842,0.068653269,7916,False
0b_gaussian_blur_best,file,18,4061,70,69,68,67,0.0010655208,0.99893504,0.00032164625,0.9986134,70,True,0.12945518,0.0010403644,8376,False
0b_gaussian_blur_best,file,18,6612,113,112,115,114,0.091350473,0.91269779,0.07057593,0.84212186,113,True,23.341917,-0.081751353,4061,False
0b_gaussian_blur_best,file,18,6151,106,105,8,7,0.71328747,0.49003059,0.12810226,0.36192833,106,True,61.219932,0.1272801,6612,False
0b_gaussian_blur_best,file,18,4937,85,84,132,131,0.0034761736,0.99652988,0.0024827255,0.99404715,85,True,0.4087771,-0.021477594,6151,False
0b_gaussian_blur_best,file,18,6726,115,114,117,116,0.24979018,0.77896422,0.072067901,0.70689632,115,True,33.311549,0.018737705,4937,False
0b_gaussian_blur_best,file,18,8770,150,149,9,8,0.0032105113,0.99679464,0.00081141485,0.99598323,150,True,0.47184752,0.03519966,6726,False
0b_gaussian_blur_best,file,18,4112,71,70,2,1,1.9247665,0.14590982,0.11613843,0.029771388,71,True,121.85644,-0.083414742,8770,False
0b_gaussian_blur_best,file,18,6465,111,110,112,111,0.083134905,0.92022699,0.052476775,0.86775022,111,True,12.415402,0.11334957,4112,False
0b_gaussian_blur_best,file,18,2001,36,35,189,188,0.032039993,0.96846783,0.029110434,0.9393574,36,True,5.5220581,0.027468463,6465,False
0b_gaussian_blur_best,file,18,7827,134,133,14,13,0.0010931476,0.99890745,0.00030945078,0.998598,134,True,0.13926658,-0.032884079,2001,False
0b_gaussian_blur_best,file,18,11579,197,196,195,194,0.27512741,0.75947535,0.060477421,0.69899793,197,True,30.7885,-0.01415814,7827,False
0b_gaussian_blur_best,file,18,7688,132,131,116,115,0.24073718,0.78604817,0.052602928,0.73344525,132,True,26.892783,0.13855802,11579,False
0b_gaussian_blur_best,file,18,6623,114,113,85,84,0.00097596686,0.99902451,0.00014961319,0.9988749,114,True,0.14265221,-0.073526668,7688,False
0b_gaussian_blur_best,file,18,2550,45,44,65,64,3.090692,0.045470476,0.42066002,-0.37518954,65,False,148.19337,0.047244158,6623,False
0b_gaussian_blur_best,file,18,6381,109,108,171,170,0.012330609,0.98774511,0.0042585861,0.98348652,109,True,2.0246304,-0.0050189578,2550,False
0b_gaussian_blur_best,file,18,10708,182,181,175,174,0.073097982,0.92950976,0.060635146,0.86887461,182,True,12.913658,0.099745257,6381,False
0b_gaussian_blur_best,file,18,479,9,8,26,25,1.3708434,0.25389275,0.56927937,-0.31538662,26,False,154.89845,-0.0096563016,10708,False
0b_gaussian_blur_best,file,18,4952,85,84,132,131,0.47345555,0.62284625,0.078050628,0.54479562,85,True,65.060665,0.070134579,479,False
0b_gaussian_blur_best,file,18,10656,181,180,151,150,0.69471002,0.49921921,0.064435512,0.4347837,181,True,84.153038,0.046630647,4952,False
0b_gaussian_blur_best,file,18,3630,63,62,45,44,0.0034292482,0.99657661,0.00053731253,0.99603929,63,True,0.59727098,0.014079319,10656,False
0b_gaussian_blur_best,file,18,10772,183,182,184,183,0.11221527,0.89385182,0.024339169,0.86951265,183,True,16.330507,0.02261465,3630,False
0b_gaussian_blur_best,file,18,4129,71,70,72,71,2.5412679,0.078766465,0.77923369,-0.70046723,72,False,143.2262,-0.060511067,10772,False
0b_gaussian_blur_best,file,18,11036,188,187,187,186,0.024772834,0.97553152,0.0036008491,0.97193067,188,True,3.4770349,0.10034762,4129,False
0b_gaussian_blur_best,file,18,5450,94,93,155,154,0.00022837892,0.99977165,3.1045762e-05,0.99974061,94,True,0.032022708,-0.037235505,11036,False
0b_gaussian_blur_best,file,18,4776,82,81,80,79,0.45637876,0.63357383,0.23223677,0.40133706,82,True,50.573021,0.050128422,5450,False
0b_gaussian_blur_best,file,18,6166,106,105,89,88,0.42827165,0.6516344,0.073216654,0.57841774,106,True,47.112788,0.066133014,4776,False
0b_gaussian_blur_best,file,18,6776,116,115,174,173,5.7352009,0.0032302334,0.39424062,-0.39101038,174,False,146.51957,0.086438829,6166,False
0b_gaussian_blur_best,file,18,5910,101,100,100,99,0.0043444303,0.99566501,0.0027827385,0.99288228,101,True,0.59829024,0.012671673,6776,False
0b_gaussian_blur_best,file,18,2998,52,51,155,154,0.042389255,0.95849663,0.005034422,0.95346221,52,True,6.7147983,0.016522342,5910,False
0b_gaussian_blur_best,file,18,3365,58,57,106,105,0.23676157,0.78917944,0.12363261,0.66554683,58,True,34.406774,0.073433741,2998,False
0b_gaussian_blur_best,file,18,10968,187,186,190,189,0.29024667,0.748079,0.1094268,0.6386522,187,True,48.555788,0.047622175,3365,False
0b_gaussian_blur_best,file,18,10980,187,186,190,189,0.068814807,0.93349952,0.059912454,0.87358706,187,True,17.003548,0.3609744,10968,True
0b_gaussian_blur_best,file,18,9585,163,162,182,181,0.039061222,0.96169186,0.016535101,0.94515675,163,True,5.745814,-0.0031304617,10980,False
0b_gaussian_blur_best,file,18,5511,95,94,96,95,0.48395419,0.61634147,0.2852532,0.33108827,95,True,58.365085,-0.060540423,9585,False
0b_gaussian_blur_best,file,18,1671,30,29,29,28,0.04419969,0.95676291,0.017534414,0.9392285,30,True,7.482432,-0.13669723,5511,False
0b_gaussian_blur_best,file,18,3774,65,64,66,65,0.22711572,0.79682857,0.18982139,0.60700718,65,True,40.457621,-0.06211005,1671,False
0b_gaussian_blur_best,file,18,10791,184,183,183,182,3.2630906,0.038269933,0.50122786,-0.46295792,183,False,108.92165,-0.12586249,3774,False
0b_gaussian_blur_best,file,18,269,5,4,7,6,0.0492328,0.95195949,0.03338642,0.91857307,5,True,10.279041,-0.076799736,10791,False
0b_gaussian_blur_best,file,18,4032,70,69,18,17,0.0018222409,0.99817944,0.0010452678,0.99713417,70,True,0.34040437,0.083385699,269,False
0b_gaussian_blur_best,file,18,5581,96,95,97,96,1.0222402,0.35978809,0.16704023,0.19274786,96,True,96.50367,-0.008184948,4032,False
0b_gaussian_blur_best,file,18,9536,163,162,176,175,0.0125164,0.98756158,0.0029419116,0.98461967,163,True,2.6283764,0.056249547,5581,False
0b_gaussian_blur_best,file,18,2615,46,45,87,86,0.021872602,0.97836488,0.0055947104,0.97277017,46,True,3.9372546,0.045260422,9536,False
0b_gaussian_blur_best,file,18,2793,49,48,34,33,2.6400645,0.071356677,0.11624323,-0.044886552,34,False,129.23998,-0.0078189183,2615,False
0b_gaussian_blur_best,file,18,8764,150,149,194,193,0.02212589,0.97811711,0.0070284763,0.97108863,150,True,3.1513241,0.12403036,2793,False
0b_gaussian_blur_best,file,18,2169,38,37,39,38,2.0272481,0.13169746,0.41227618,-0.28057872,39,False,151.1885,-0.036130554,8764,False
0b_gaussian_blur_best,file,18,2664,47,46,161,160,0.11641432,0.89010638,0.045293774,0.84481261,47,True,18.461219,-0.084252998,2169,False
0b_gaussian_blur_best,file,18,6240,107,106,30,29,1.1388109,0.32019955,0.52545285,-0.2052533,30,False,112.22738,-0.11270787,2664,False
0b_gaussian_blur_best,file,18,10156,173,172,179,178,0.29302701,0.74600196,0.12238465,0.62361731,173,True,40.993662,-0.041735716,6240,False
0b_gaussian_blur_best,file,18,9794,167,166,176,175,0.001474604,0.99852645,0.00033368912,0.99819276,167,True,0.20484838,-0.0097033943,10156,False
0b_gaussian_blur_best,file,18,9937,169,168,172,171,3.0881352,0.04558688,0.31549019,-0.26990331,172,False,128.39711,0.0011846012,9794,False
0b_gaussian_blur_best,file,18,9237,158,157,165,164,0.037261777,0.96342391,0.021547854,0.94187605,158,True,5.4170029,0.028042766,9937,False
0b_gaussian_blur_best,file,18,8240,141,140,144,143,0.0058666896,0.99415046,0.0019181611,0.9922323,141,True,0.82402395,0.024383478,9237,False
0b_gaussian_blur_best,file,18,2115,38,37,39,38,0.16894063,0.84455901,0.06340418,0.78115483,38,True,25.447083,-0.040225466,8240,False
0b_gaussian_blur_best,file,18,2563,45,44,142,141,3.1791003,0.041623086,0.30548128,-0.2638582,142,False,163.97378,0.014477534,2115,False
0b_gaussian_blur_best,file,18,2526,44,43,72,71,2.7124648,0.06637302,0.69485259,-0.62847957,72,False,186.35532,0.069145864,2563,False
0b_gaussian_blur_best,file,18,6959,119,118,56,55,0.084562942,0.91891384,0.026736585,0.89217726,119,True,13.66362,-0.043227968,2526,False
0b_gaussian_blur_best,file,18,10368,177,176,180,179,0.58001703,0.55988884,0.39202511,0.16786373,177,True,119.92604,-0.1414164,6959,False
0b_gaussian_blur_best,file,18,6810,117,116,115,114,0.16421123,0.84856278,0.11669449,0.73186829,117,True,25.294736,0.052359323,10368,False
0b_gaussian_blur_best,file,18,1601,29,28,30,29,0.18588299,0.83037078,0.046461366,0.78390942,29,True,28.490802,-0.070216738,6810,False
0b_gaussian_blur_best,file,18,10767,183,182,99,98,0.063008882,0.93893516,0.020331819,0.91860334,183,True,8.8184507,0.079658176,1601,False
0b_gaussian_blur_best,file,18,138,3,2,2,1,0.47342187,0.62286723,0.15796764,0.46489958,3,True,56.816227,0.026203425,10767,False
0b_gaussian_blur_best,file,18,11555,197,196,193,192,0.44356763,0.64174283,0.27668449,0.36505833,197,True,60.890956,-0.046163543,138,False
0b_gaussian_blur_best,file,18,5018,86,85,53,52,0.0029326549,0.99707162,0.00089768623,0.99617394,86,True,0.4371844,-0.037670456,11555,False
0b_gaussian_blur_best,file,18,10036,171,170,166,165,1.171654,0.309854,0.46523413,-0.15538013,166,False,116.78107,-0.053627704,5018,False
0b_gaussian_blur_best,file,18,6388,110,109,71,70,0.019125808,0.98105592,0.0021885994,0.97886732,110,True,2.8036076,0.011053315,10036,False
0b_gaussian_blur_best,file,18,5211,90,89,50,49,0.0042523206,0.99575669,0.0012434525,0.99451323,90,True,0.59027719,0.089143574,6388,False
0b_gaussian_blur_best,file,18,7367,126,125,128,127,4.4213014,0.012018583,0.95920289,-0.9471843,128,False,163.99485,-0.0076983421,5211,False
0b_gaussian_blur_best,file,18,290,6,5,120,119,0.055037454,0.9464497,0.022815235,0.92363446,6,True,9.3402913,-0.011252567,7367,False
0b_gaussian_blur_best,file,18,8666,148,147,114,113,0.15505014,0.85637224,0.078798607,0.77757363,148,True,24.617792,-0.066870039,290,False
0b_gaussian_blur_best,file,18,5144,88,87,92,91,1.9323374,0.14480934,0.18527119,-0.040461853,92,False,121.4129,0.085527624,8666,False
0b_gaussian_blur_best,file,18,3275,57,56,68,67,1.4283355,0.23970757,0.25086847,-0.011160895,68,False,146.36059,-0.11174843,5144,False
0b_gaussian_blur_best,file,18,113,2,1,71,70,0.071609408,0.93089443,0.022472594,0.90842184,2,True,11.323518,0.079220006,3275,False
0b_gaussian_blur_best,file,18,3819,66,65,59,58,0.02752668,0.97284871,0.016664745,0.95618397,66,True,3.3864172,-0.034270446,113,False
0b_gaussian_blur_best,file,18,9415,161,160,157,156,5.5627208,0.0038383184,0.19792403,-0.19408571,157,False,107.29943,0.039351368,3819,False
0b_gaussian_blur_best,file,18,1298,24,23,25,24,0.0018756669,0.99812609,0.0009382873,0.9971878,24,True,0.27582749,-0.02190849,9415,False
0b_gaussian_blur_best,file,18,5560,95,94,96,95,0.0019393223,0.99806255,0.0010960039,0.99696655,95,True,0.27622081,-0.030535361,1298,False
0b_gaussian_blur_best,file,18,10914,186,185,185,184,0.00016473368,0.99983525,3.7226175e-05,0.99979803,186,True,0.023915755,-0.0028429446,5560,False
0b_gaussian_blur_best,file,18,4238,73,72,164,163,0.31408566,0.73045647,0.24513809,0.48531838,73,True,48.502045,0.045699931,10914,False
0b_gaussian_blur_best,file,18,4661,80,79,82,81,0.00037925204,0.9996208,0.0001093407,0.99951145,80,True,0.067044849,-0.06066161,4238,False
0b_gaussian_blur_best,file,18,2841,50,49,51,50,0.020286225,0.97991818,0.014659029,0.96525915,50,True,3.3092496,0.011032085,4661,False
0b_gaussian_blur_best,file,18,6566,113,112,124,123,4.2530837,0.014220318,0.43932617,-0.42510585,124,False,115.28726,0.023219338,2841,False
0b_gaussian_blur_best,file,18,10350,176,175,163,162,0.32843828,0.72004735,0.17487088,0.54517648,176,True,39.058092,0.1890264,6566,False
0b_gaussian_blur_best,file,18,7555,129,128,195,194,4.1895566,0.015153003,0.33541867,-0.32026567,195,False,109.21639,0.047971424,10350,False
0b_gaussian_blur_best,file,18,1074,20,19,200,199,0.0029715213,0.99703288,0.0011055592,0.99592732,20,True,0.33410013,-0.017180227,7555,False
0b_gaussian_blur_best,file,18,7464,128,127,197,196,0.00051544729,0.99948466,7.7640201e-05,0.99940702,128,True,0.077198208,0.040213005,1074,False
0b_gaussian_blur_best,file,18,8913,152,151,155,154,1.1659075,0.31163973,0.65010321,-0.33846349,155,False,165.85035,0.080093949,7464,False
0b_gaussian_blur_best,file,18,3196,56,55,35,34,0.059229489,0.94249046,0.0520343,0.89045616,56,True,10.223923,0.064329527,8913,False
0b_gaussian_blur_best,file,18,8123,139,138,191,190,0.10760327,0.89798379,0.073452339,0.82453145,139,True,13.085096,0.14732636,3196,False
0b_gaussian_blur_best,file,18,7080,121,120,128,127,0.21846361,0.80375272,0.094945647,0.70880707,121,True,32.933714,-0.00079048754,8123,False
0b_gaussian_blur_best,file,18,3435,60,59,66,65,3.891151,0.020421831,0.79754335,-0.77712152,66,False,124.50391,-0.015700758,7080,False
0b_gaussian_blur_best,file,18,6277,108,107,107,106,0.89523995,0.40850955,0.48016521,-0.071655661,107,False,84.208917,-0.014145905,3435,False
0b_gaussian_blur_best,file,18,6248,107,106,108,107,0.059501685,0.94223392,0.019940492,0.92229343,107,True,8.0935029,-0.40127743,6277,False
0b_gaussian_blur_best,file,18,1241,23,22,100,99,2.176748,0.11340974,0.1456542,-0.032244459,100,False,125.67515,0.083718115,6248,False
0b_gaussian_blur_best,file,18,11303,192,191,190,189,0.71009922,0.49159542,0.28362253,0.20797288,192,True,94.642504,-0.052559814,1241,False
0b_gaussian_blur_best,file,18,6956,119,118,99,98,0.0027167813,0.99728692,0.00071531942,0.9965716,119,True,0.43971745,0.060315317,11303,False
0b_gaussian_blur_best,file,18,9150,156,155,165,164,0.00040082051,0.99959928,0.00018427572,0.999415,156,True,0.072993857,0.0309178,6956,False
0b_gaussian_blur_best,file,18,1514,27,26,29,28,0.87686586,0.41608495,0.34409657,0.071988374,27,True,98.059779,3.0814728e-05,9150,False
0b_gaussian_blur_best,file,18,1639,29,28,107,106,1.3009696,0.27226767,0.59611416,-0.32384649,107,False,133.17099,0.075504974,1514,False
0b_gaussian_blur_best,file,18,1375,25,24,24,23,0.082758568,0.92057335,0.04568572,0.87488763,25,True,10.491252,0.080693183,1639,False
0b_gaussian_blur_best,file,18,4127,71,70,3,2,0.1906002,0.82646292,0.055254281,0.77120864,71,True,28.289636,-0.052077873,1375,False
0b_gaussian_blur_best,file,18,6533,112,111,111,110,1.9110235,0.14792891,0.80627459,-0.65834568,111,False,153.31272,0.0095897556,4127,False
0b_gaussian_blur_best,file,18,7844,134,133,9,8,0.0035110989,0.99649507,0.00085637113,0.9956387,134,True,0.41120777,0.031041718,6533,False
0b_gaussian_blur_best,file,18,8500,145,144,143,142,2.1190934,0.12014052,0.77966571,-0.65952519,143,False,109.50099,0.013292101,7844,False
0b_gaussian_blur_best,file,18,7770,133,132,119,118,3.1590106,0.042467732,0.50398421,-0.46151648,119,False,200.30074,-0.019336721,8500,False
0b_gaussian_blur_best,file,18,9211,157,156,172,171,0.233484,0.79177028,0.098545618,0.69322466,157,True,39.780552,0.13678933,7770,False
0b_gaussian_blur_best,file,18,2502,44,43,33,32,4.0686874,0.017099816,0.089127094,-0.072027277,33,False,128.28657,-0.068586246,9211,False
0b_gaussian_blur_best,file,18,8194,140,139,16,15,0.0031247144,0.99688017,0.00088175945,0.99599841,140,True,0.38156547,-0.0076783215,2502,False
0b_gaussian_blur_best,file,18,1426,26,25,27,26,0.27292413,0.76115054,0.19067119,0.57047935,26,True,47.194012,0.040958337,8194,False
0b_gaussian_blur_best,file,18,8057,138,137,15,14,0.0093150055,0.99072826,0.0020255551,0.9887027,138,True,1.457147,-0.068537061,1426,False
0b_gaussian_blur_best,file,18,1802,32,31,31,30,2.9200475,0.053931132,0.66640133,-0.61247019,31,False,238.69332,-0.0022395427,8057,False
0b_gaussian_blur_best,file,18,4599,79,78,80,79,0.84601414,0.42912194,0.30665922,0.12246272,79,True,78.512219,0.094265354,1802,False
0b_gaussian_blur_best,file,18,5159,89,88,86,85,0.0010688551,0.99893171,0.00013096005,0.99880075,89,True,0.18562693,-0.046850176,4599,False
0b_gaussian_blur_best,file,18,8734,149,148,120,119,0.056599654,0.94497234,0.029859871,0.91511247,149,True,7.1104985,0.021432551,5159,False
0b_gaussian_blur_best,file,18,4520,78,77,40,39,1.7749667,0.1694891,0.20779496,-0.038305864,40,False,109.34524,0.011495268,8734,False
0b_gaussian_blur_best,file,18,1188,22,21,121,120,0.58174503,0.55892217,0.045797639,0.51312453,22,True,72.03051,-0.004590729,4520,False
0b_gaussian_blur_best,file,18,264,5,4,7,6,0.019678483,0.98051387,0.0086524999,0.97186137,5,True,2.5917677,0.034904799,1188,False
0b_gaussian_blur_best,file,18,1749,31,30,33,32,2.8214729,0.059518214,0.70001143,-0.64049322,33,False,166.12054,-0.032518901,264,False
0b_gaussian_blur_best,file,18,11302,192,191,81,80,6.0675688e-05,0.99993932,1.1519325e-05,0.9999278,192,True,0.010956435,-0.20410697,1749,False
0b_gaussian_blur_best,file,18,2933,51,50,50,49,0.0559773,0.94556057,0.025878277,0.9196823,51,True,7.4307896,0.17162127,11302,False
0b_gaussian_blur_best,file,18,9650,164,163,159,158,0.046306916,0.95474887,0.040878266,0.9138706,164,True,9.120052,0.0043934316,2933,False
0b_gaussian_blur_best,file,18,10149,173,172,148,147,4.8049803,0.0081888633,0.061235208,-0.053046345,148,False,120.80245,0.086260482,9650,False
0b_gaussian_blur_best,file,18,2467,43,42,39,38,0.56916225,0.56599939,0.23720643,0.32879296,43,True,74.113544,-0.027241371,10149,False
0b_gaussian_blur_best,file,18,6135,105,104,22,21,0.3924264,0.67541605,0.30895993,0.36645612,105,True,74.30799,-0.006514129,2467,False
0b_gaussian_blur_best,file,18,1581,28,27,190,189,0.0067965761,0.99322647,0.0012318878,0.99199458,28,True,1.2751113,-0.10548337,6135,False
0b_gaussian_blur_best,file,18,8782,150,149,128,127,0.72012007,0.48669383,0.088052899,0.39864093,150,True,75.637906,0.12683422,1581,False
0b_gaussian_blur_best,file,18,8635,147,146,112,111,0.33404857,0.71601897,0.086291149,0.62972783,147,True,36.562944,0.04306265,8782,False
0b_gaussian_blur_best,file,18,566,11,10,9,8,0.50960124,0.60073507,0.33449474,0.26624033,11,True,77.888268,-0.0064604298,8635,False
0b_gaussian_blur_best,file,18,8751,149,148,99,98,0.13447654,0.8741734,0.031436253,0.84273715,149,True,19.27604,0.080367274,566,False
0b_gaussian_blur_best,file,18,6529,112,111,193,192,1.2373977,0.29013827,0.14802182,0.14211646,112,True,165.64238,-0.12673556,8751,False
0b_gaussian_blur_best,file,18,4639,80,79,81,80,0.3090041,0.73417777,0.04678344,0.68739433,80,True,53.959999,0.092131983,6529,False
0b_gaussian_blur_best,file,18,10452,178,177,154,153,0.043139216,0.95777804,0.02701935,0.93075869,178,True,8.6713602,0.011314726,4639,False
0b_gaussian_blur_best,file,18,8335,142,141,49,48,0.011751237,0.98831755,0.0023575241,0.98596003,142,True,1.9949592,-0.099530408,10452,False
0b_gaussian_blur_best,file,18,1149,21,20,109,108,0.058954973,0.9427492,0.031112792,0.91163641,21,True,9.0733699,0.02546821,8335,False
0b_gaussian_blur_best,file,18,4254,73,72,94,93,0.0011561384,0.9988445,0.00019144891,0.99865306,73,True,0.20280128,-0.12753761,1149,False
0b_gaussian_blur_best,file,18,4526,78,77,111,110,0.54800898,0.57809967,0.16942242,0.40867725,78,True,68.367859,-0.016828449,4254,False
0b_gaussian_blur_best,file,18,4356,75,74,16,15,0.032326154,0.96819073,0.0057657319,0.962425,75,True,4.3154329,0.044451604,4526,False
0b_gaussian_blur_best,file,18,2372,42,41,17,16,0.0015637563,0.99843746,0.00059361756,0.99784385,42,True,0.19730455,0.02176517,4356,False
0b_gaussian_blur_best,file,18,9117,156,155,152,151,3.0193877,0.048831113,0.23645937,-0.18762826,152,False,100.30534,0.015885855,2372,False
0b_gaussian_blur_best,file,18,6481,111,110,112,111,0.010906607,0.98915267,0.0072917873,0.98186088,111,True,1.7628239,-0.011170227,9117,False
0b_gaussian_blur_best,file,18,1855,33,32,31,30,1.8645941,0.1549591,0.39550176,-0.24054267,31,False,106.55726,-0.06822252,6481,False
0b_gaussian_blur_best,file,18,7482,128,127,126,125,0.022692643,0.9775629,0.0078465976,0.96971631,128,True,3.2712498,-0.046967349,1855,False
0b_gaussian_blur_best,file,18,641,12,11,98,97,3.2302592,0.03954725,0.086132906,-0.046585657,98,False,125.49786,0.066481201,7482,False
0b_gaussian_blur_best,file,18,3930,68,67,69,68,0.47659352,0.62089485,0.31504506,0.30584979,68,True,68.542251,0.044192895,641,False
0b_gaussian_blur_best,file,18,2088,37,36,39,38,4.3637171,0.012730976,0.6284011,-0.61567013,39,False,151.37927,0.093881955,3930,False
0b_gaussian_blur_best,file,18,3431,60,59,62,61,3.5077281,0.029964911,0.5772782,-0.54731329,62,False,153.47482,0.019716369,2088,False
0b_gaussian_blur_best,file,18,2718,48,47,132,131,0.005850927,0.99416614,0.0015378706,0.99262827,48,True,0.8517566,-0.010938366,3431,False
0b_gaussian_blur_best,file,18,415,8,7,5,4,0.28939375,0.74871731,0.10764346,0.64107385,8,True,34.174919,0.0069752563,2718,False
0b_gaussian_blur_best,file,18,9953,170,169,172,171,0.0012290075,0.99877173,0.00050223951,0.99826949,170,True,0.16597344,0.15851028,415,False
0b_gaussian_blur_best,file,18,2684,47,46,177,176,0.14466979,0.86530799,0.064891413,0.80041657,47,True,22.577493,0.023492353,9953,False
0b_gaussian_blur_best,file,18,4006,69,68,83,82,1.43782,0.23744483,0.41477218,-0.17732735,83,False,134.94277,-0.067261715,2684,False
0b_gaussian_blur_best,file,18,148,3,2,1,0,0.19757874,0.82071555,0.13834856,0.68236698,3,True,30.565486,-0.024792171,4006,False
0b_gaussian_blur_best,file,18,1017,19,18,94,93,2.283818,0.10189443,0.084617764,0.017276667,19,True,123.43732,0.0098210035,148,False
0b_gaussian_blur_best,file,18,671,13,12,12,11,0.046005148,0.95503706,0.026859539,0.92817752,13,True,6.5406833,-0.0096891944,1017,False
0b_gaussian_blur_best,file,18,151,3,2,9,8,0.56047368,0.57093859,0.19567497,0.37526362,3,True,55.883451,0.037218103,671,False
0b_gaussian_blur_best,file,18,4617,80,79,82,81,1.5472386,0.21283486,0.40580949,-0.19297463,82,False,106.62732,-0.022084106,151,False
0b_gaussian_blur_best,file,18,7287,125,124,131,130,3.5321941,0.02924069,0.57178062,-0.54253993,131,False,229.2212,-0.016114985,4617,False
0b_gaussian_blur_best,file,18,9512,162,161,169,168,0.0777127,0.92523021,0.05838016,0.86685004,162,True,11.96578,0.013159554,7287,False
0b_gaussian_blur_best,file,18,10901,185,184,146,145,0.5101248,0.60042059,0.038004536,0.56241606,185,True,48.880138,-0.0080091477,9512,False
0b_gaussian_blur_best,file,18,3701,64,63,91,90,1.2588698,0.2839748,0.19529992,0.088674873,64,True,109.8646,-0.023984534,10901,False
0b_gaussian_blur_best,file,18,4894,84,83,45,44,0.36076075,0.69714576,0.17898084,0.51816492,84,True,38.144147,-0.059240157,3701,False
0b_gaussian_blur_best,file,18,7407,127,126,131,130,2.8532848,0.057654615,0.46570241,-0.4080478,131,False,127.19085,-0.14740925,4894,False
0b_gaussian_blur_best,file,18,4422,76,75,122,121,0.0016821772,0.99831921,0.00047533168,0.99784388,76,True,0.26989311,-0.025170626,7407,False
0b_gaussian_blur_best,file,18,6208,107,106,30,29,2.5969033,0.074503936,0.83885098,-0.76434704,30,False,192.03954,0.058638485,4422,False
0b_gaussian_blur_best,file,18,7375,126,125,124,123,0.36517531,0.69407499,0.16149911,0.53257588,126,True,48.742359,-0.043303294,6208,False
0b_gaussian_blur_best,file,18,3555,62,61,64,63,2.1680968,0.11439512,0.67924958,-0.56485447,64,False,117.2682,-0.0033153856,7375,False
0b_gaussian_blur_best,file,18,9793,167,166,157,156,0.37056172,0.69034642,0.14963254,0.54071388,167,True,48.168473,-0.035449754,3555,False
0b_gaussian_blur_best,file,18,303,6,5,7,6,0.0037672992,0.99623978,0.003521926,0.99271786,6,True,0.7693109,-0.052807381,9793,False
0b_gaussian_blur_best,file,18,9474,162,161,172,171,0.041914955,0.95895135,0.028883655,0.9300677,162,True,6.7735333,0.10034947,303,False
0b_gaussian_blur_best,file,18,4449,77,76,38,37,0.015056652,0.98505616,0.012223154,0.97283301,77,True,2.4411233,0.11986349,9474,False
0b_gaussian_blur_best,file,18,4363,75,74,16,15,0.01484796,0.98526174,0.01033499,0.97492675,75,True,2.7222506,0.079038685,4449,False
0b_gaussian_blur_best,file,18,6394,110,109,150,149,0.016462684,0.98367208,0.0029821051,0.98068998,110,True,1.8827215,-0.032618836,4363,False
0b_gaussian_blur_best,file,18,5235,90,89,50,49,0.0028906963,0.99711347,0.00083966093,0.99627381,90,True,0.53048688,0.036310716,6394,False
0b_gaussian_blur_best,file,18,9193,157,156,175,174,0.70397639,0.49461463,0.49773955,-0.0031249225,175,False,94.028167,0.030738386,5235,False
0b_gaussian_blur_best,file,18,3990,69,68,196,195,0.54309493,0.58094746,0.25002629,0.33092117,69,True,61.417414,-0.054422341,9193,False
0b_gaussian_blur_best,file,18,1790,32,31,195,194,5.5758762,0.0037881543,0.11766054,-0.11387238,195,False,109.35014,-0.13694948,3990,False
0b_gaussian_blur_best,file,18,181,4,3,33,32,5.8808632,0.0027923733,0.21445303,-0.21166065,33,False,140.52537,0.037270147,1790,False
0b_gaussian_blur_best,file,18,710,13,12,166,165,1.3056928,0.27098474,0.11710141,0.15388333,13,True,94.594764,0.20575513,181,False
0b_gaussian_blur_best,file,18,11178,190,189,189,188,0.0065289522,0.99349231,0.0036934244,0.98979888,190,True,0.76597691,0.024250655,710,False
0b_gaussian_blur_best,file,18,5845,100,99,101,100,0.37716159,0.68580526,0.12311305,0.56269221,100,True,44.359055,-0.023848836,11178,False
0b_gaussian_blur_best,file,18,8544,146,145,144,143,0.0013325869,0.99866831,0.00077520031,0.99789311,146,True,0.24826928,-0.015215133,5845,False
0b_gaussian_blur_best,file,18,6326,109,108,21,20,0.00029726379,0.99970275,4.76061e-05,0.99965515,109,True,0.037319387,-0.0091222532,8544,False
0b_gaussian_blur_best,file,18,4683,81,80,159,158,0.010845171,0.98921341,0.007119969,0.98209344,81,True,1.7046225,0.091214804,6326,False
0b_gaussian_blur_best,file,18,9125,156,155,157,156,0.060940407,0.94087929,0.024418605,0.91646068,156,True,10.618936,-0.04086527,4683,False
0b_gaussian_blur_best,file,18,3979,69,68,17,16,0.98147941,0.37475628,0.093514472,0.2812418,69,True,91.823158,0.0048674385,9125,False
0b_gaussian_blur_best,file,18,6330,109,108,10,9,0.11138134,0.89459753,0.0083010839,0.88629645,109,True,14.417757,0.046665431,3979,False
0b_gaussian_blur_best,file,18,1259,23,22,72,71,5.9176102,0.0026916249,0.78690863,-0.784217,72,False,146.69995,-0.028951641,6330,False
0b_gaussian_blur_best,file,18,7930,136,135,137,136,0.22248663,0.80052572,0.18086223,0.61966349,136,True,38.682299,-0.030906877,1259,False
0b_gaussian_blur_best,file,18,2286,40,39,135,134,0.65170872,0.52115452,0.40260869,0.11854583,40,True,113.96828,0.0080477512,7930,False
0b_gaussian_blur_best,file,18,6891,118,117,119,118,3.9195178,0.019850664,0.21484008,-0.19498942,119,False,129.41429,-0.01482609,2286,False
0b_gaussian_blur_best,file,18,9317,159,158,81,80,0.0028928358,0.99711132,0.00068254262,0.99642878,159,True,0.38334132,0.042608708,6891,False
0b_gaussian_blur_best,file,18,2279,40,39,103,102,0.013617243,0.98647505,0.0047482545,0.9817268,40,True,2.364108,-0.14404061,9317,False
0b_gaussian_blur_best,file,18,11516,196,195,199,198,2.6997256,0.067223944,0.78680634,-0.7195824,199,False,139.64148,-0.11128173,2279,False
0b_gaussian_blur_best,file,18,1717,31,30,33,32,0.016930686,0.98321182,0.0076750997,0.97553672,31,True,2.5928292,-0.021482261,11516,False
0b_gaussian_blur_best,file,18,3371,59,58,143,142,1.7318723,0.17695278,0.1652945,0.011658281,59,True,100.04041,-0.082505001,1717,False
0b_gaussian_blur_best,file,18,11075,189,188,36,35,0.0034784307,0.99652761,0.00056850078,0.99595911,189,True,0.41366478,-0.039600395,3371,False
0b_gaussian_blur_best,file,18,2038,36,35,24,23,0.77755553,0.45952794,0.042225856,0.41730208,36,True,66.627249,0.046100563,11075,False
0b_gaussian_blur_best,file,18,6845,117,116,116,115,3.5545354,0.028594662,0.4229573,-0.39436264,116,False,173.63536,0.055056835,2038,False
0b_gaussian_blur_best,file,18,7382,126,125,124,123,0.028744463,0.97166473,0.026085408,0.94557932,126,True,6.0710958,-0.082103481,6845,False
0b_gaussian_blur_best,file,18,3016,53,52,86,85,0.36366946,0.69512093,0.11917643,0.57594451,53,True,40.898548,-0.04318502,7382,False
0b_gaussian_blur_best,file,18,5196,89,88,147,146,6.1629304e-05,0.99993837,1.2475856e-05,0.99992589,89,True,0.0080352954,0.058468247,3016,False
0b_gaussian_blur_best,file,18,4439,77,76,103,102,0.29497731,0.7445485,0.090242438,0.65430606,77,True,34.552646,-0.042236031,5196,False
0b_gaussian_blur_best,file,18,11759,200,199,168,167,0.16974947,0.84387618,0.045012198,0.79886398,200,True,23.313986,-0.0082951694,4439,False
0b_gaussian_blur_best,file,18,11421,194,193,36,35,0.064748101,0.93730354,0.031037465,0.90626608,194,True,9.8001296,-0.076840967,11759,False
0b_gaussian_blur_best,file,18,3928,68,67,78,77,2.0772507,0.12527415,0.44849494,-0.32322079,78,False,161.52708,-0.12795772,11421,False
0b_gaussian_blur_best,file,18,7969,136,135,135,134,7.2010627,0.00074579281,0.77481443,-0.77406863,135,False,208.61201,0.035401858,3928,False
0b_gaussian_blur_best,file,18,1491,27,26,107,106,7.5653586,0.00051809166,0.88470656,-0.88418847,107,False,176.32207,0.051941967,7969,False
0b_gaussian_blur_best,file,18,6000,103,102,198,197,0.073828481,0.92883098,0.037327439,0.89150354,103,True,13.42532,0.0715507,1491,False
0b_gaussian_blur_best,file,18,3208,56,55,185,184,0.0013166339,0.99868423,0.0004581135,0.99822611,56,True,0.22570708,0.0061078483,6000,False
0b_gaussian_blur_best,file,18,5522,95,94,96,95,0.010926063,0.98913342,0.0029347509,0.98619867,95,True,1.371829,0.092441178,3208,False
0b_gaussian_blur_best,file,18,8626,147,146,146,145,0.10788873,0.89772749,0.040699594,0.8570279,147,True,13.076583,-0.0072361126,5522,False
0b_gaussian_blur_best,file,18,1332,24,23,5,4,0.23108181,0.79367453,0.041137367,0.75253716,24,True,31.569714,0.03950944,8626,False
0b_gaussian_blur_best,file,18,3799,66,65,59,58,0.00910783,0.99093354,0.0064509627,0.98448257,66,True,1.333963,-0.064757273,1332,False
0b_gaussian_blur_best,file,18,861,16,15,14,13,0.007272793,0.99275357,0.0012445847,0.99150898,16,True,1.1326402,-0.082959079,3799,False
0b_gaussian_blur_best,file,18,8361,143,142,145,144,0.43851513,0.64499342,0.34967634,0.29531708,143,True,54.525914,-0.051684188,861,False
0b_gaussian_blur_best,file,18,1973,35,34,119,118,0.093604706,0.91064268,0.040305,0.87033768,35,True,15.600307,-0.019728024,8361,False
0b_gaussian_blur_best,file,18,1837,33,32,31,30,1.2379146,0.28998837,0.10011451,0.18987386,33,True,74.148329,-0.041099461,1973,False
0b_gaussian_blur_best,file,18,4840,83,82,165,164,0.26384187,0.76809496,0.043046281,0.72504868,83,True,39.895743,-0.075284643,1837,False
0b_gaussian_blur_best,file,18,8917,152,151,157,156,0.24297626,0.78429013,0.047129907,0.73716023,152,True,37.563106,-0.05009711,4840,False
0b_gaussian_blur_best,file,18,2827,49,48,27,26,3.8114843,0.022115326,0.4346419,-0.41252657,27,False,159.24083,-0.079251299,8917,False
0b_gaussian_blur_best,file,18,5699,98,97,95,94,0.094260611,0.91004556,0.0344433,0.87560226,98,True,12.891081,0.098728169,2827,False
0b_gaussian_blur_best,file,18,8653,148,147,174,173,0.3186838,0.72710544,0.028581662,0.69852378,148,True,58.288662,0.093563,5699,False
0b_gaussian_blur_best,file,18,7111,122,121,99,98,0.15507658,0.85634959,0.023152547,0.83319704,122,True,29.564921,0.011230649,8653,False
0b_gaussian_blur_best,file,18,6416,110,109,194,193,0.00057609176,0.9994241,0.00021641441,0.99920769,110,True,0.10204781,-0.13396736,7111,False
0b_gaussian_blur_best,file,18,2343,41,40,112,111,0.068488583,0.93380409,0.02270641,0.91109768,41,True,11.832158,-0.0047489493,6416,False
0b_gaussian_blur_best,file,18,7633,131,130,125,124,0.84055936,0.43146911,0.31627977,0.11518934,131,True,95.569704,-0.091663199,2343,False
0b_gaussian_blur_best,file,18,1571,28,27,190,189,0.0005296258,0.99947053,0.0002962884,0.99917424,28,True,0.12474748,0.046670954,7633,False
0b_gaussian_blur_best,file,18,1952,35,34,195,194,0.16074355,0.85151041,0.04857434,0.80293607,35,True,22.154142,0.053897804,1571,False
0b_gaussian_blur_best,file,18,8012,137,136,135,134,0.0032699232,0.99673539,0.0020887528,0.99464664,137,True,0.51597381,0.059954738,1952,False
0b_gaussian_blur_best,file,18,11532,196,195,199,198,0.063190639,0.93876451,0.025732916,0.9130316,196,True,11.974083,-0.09357317,8012,False
0b_gaussian_blur_best,file,18,8107,139,138,140,139,1.2801425,0.2779977,0.70589137,-0.42789367,140,False,178.47434,0.088080809,11532,False
0b_gaussian_blur_best,file,18,7871,135,134,137,136,1.0778559,0.34032443,0.46249634,-0.12217191,137,False,75.474045,-0.052440855,8107,False
0b_gaussian_blur_best,file,18,1027,19,18,102,101,0.031807795,0.96869278,0.0060411734,0.96265161,19,True,4.4466096,-0.046380161,7871,False
0b_gaussian_blur_best,file,18,3069,53,52,51,50,0.00016354177,0.99983644,4.7852867e-05,0.99978859,53,True,0.022424553,0.08803229,1027,False
0b_gaussian_blur_best,file,18,9721,166,165,165,164,0.074067399,0.92860913,0.057499636,0.8711095,166,True,10.36366,0.035195974,3069,False
0b_gaussian_blur_best,file,18,9988,170,169,172,171,0.20096588,0.81794035,0.096033029,0.72190733,170,True,24.439356,0.028828973,9721,False
0b_gaussian_blur_best,file,18,5099,88,87,128,127,0.020586394,0.97962403,0.0044317511,0.97519228,88,True,2.8253161,-0.13629571,9988,False
0b_gaussian_blur_best,file,18,10420,177,176,182,181,0.50554287,0.60317802,0.044560947,0.55861708,177,True,46.218945,0.034911602,5099,False
0b_gaussian_blur_best,file,18,3164,55,54,96,95,0.018756878,0.98141795,0.0040870211,0.97733093,55,True,2.476796,-0.04192958,10420,False
0b_gaussian_blur_best,file,18,8053,138,137,79,78,1.2867478,0.27616748,0.18406712,0.092100367,138,True,117.31767,-0.0075547064,3164,False
0b_gaussian_blur_best,file,18,8498,145,144,147,146,2.9371209,0.053018145,0.25027406,-0.19725592,147,False,117.7474,-0.0091277453,8053,False
0b_gaussian_blur_best,file,18,6675,115,114,117,116,0.02146548,0.97876328,0.019135321,0.95962796,115,True,4.4273067,-0.0032014877,8498,False
0b_gaussian_blur_best,file,18,5635,97,96,95,94,0.091159075,0.91287249,0.019176353,0.89369614,97,True,10.043981,0.0865593,6675,False
0b_gaussian_blur_best,file,18,2888,50,49,8,7,0.097338706,0.90724868,0.023298634,0.88395004,50,True,12.399455,-0.03543392,5635,False
0b_gaussian_blur_best,file,18,3761,65,64,45,44,1.9783199,0.13830142,0.35146341,-0.21316199,45,False,163.27316,-0.12567965,2888,False
0b_gaussian_blur_best,file,18,4768,82,81,80,79,0.0075249556,0.99250329,0.0047538243,0.98774946,82,True,0.89771855,-0.033505188,3761,False
0b_gaussian_blur_best,file,18,2152,38,37,170,169,0.96573794,0.38070217,0.1483994,0.23230277,38,True,79.933853,-0.0073638397,4768,False
0b_gaussian_blur_best,file,18,4699,81,80,79,78,0.18927686,0.82755738,0.066791274,0.76076611,81,True,32.745546,-0.015226506,2152,False
0b_gaussian_blur_best,file,18,1229,22,21,105,104,1.0043573,0.36627996,0.60513252,-0.23885256,105,False,117.392,0.032046568,4699,False
0b_gaussian_blur_best,file,18,4770,82,81,79,78,1.0583839,0.34701616,0.38674766,-0.039731503,79,False,87.382611,0.035792922,1229,False
0b_gaussian_blur_best,file,18,822,15,14,16,15,0.019832527,0.98036283,0.0048551243,0.97550771,15,True,2.5812061,-0.08883576,4770,False
0b_gaussian_blur_best,file,18,11174,190,189,94,93,2.6708198,0.069195479,0.65224016,-0.58304468,94,False,177.44171,-0.024346739,822,False
0b_gaussian_blur_best,file,18,1877,34,33,36,35,0.014459353,0.9856447,0.0044962685,0.98114843,34,True,2.9849309,-0.08188154,11174,False
0b_gaussian_blur_best,file,18,605,12,11,108,107,0.13426571,0.8743577,0.018272936,0.85608476,12,True,16.176739,-0.012867624,1877,False
0b_gaussian_blur_best,file,18,5342,92,91,105,104,0.016826015,0.98331475,0.0073545906,0.97596016,92,True,2.6446943,-0.025527847,605,False
0b_gaussian_blur_best,file,18,4858,84,83,141,140,0.00183295,0.99816871,0.00045121074,0.9977175,84,True,0.30270116,-0.040807903,5342,False
0b_gaussian_blur_best,file,18,10803,184,183,181,180,1.9395025,0.14377546,0.12698857,0.016786888,184,True,152.3377,-0.027132356,4858,False
0b_gaussian_blur_best,file,18,5691,98,97,55,54,0.19116929,0.82599276,0.065328911,0.76066385,98,True,28.85264,0.0016238977,10803,False
0b_gaussian_blur_best,file,18,11484,195,194,181,180,0.010797764,0.98926032,0.0016306823,0.98762963,195,True,1.8745763,-0.051842133,5691,False
0b_gaussian_blur_best,file,18,1299,24,23,5,4,0.0042578997,0.99575114,0.0040052263,0.99174592,24,True,0.81043715,0.0087648941,11484,False
0b_gaussian_blur_best,file,18,9021,154,153,181,180,2.1765292,0.11343457,0.87291896,-0.7594844,181,False,199.17715,0.005454444,1299,False
0b_gaussian_blur_best,file,18,11412,194,193,91,90,2.7979629,0.060934063,0.34955928,-0.28862521,91,False,206.02552,-0.14324579,9021,False
0b_gaussian_blur_best,file,18,10931,186,185,185,184,0.024801791,0.97550327,0.015409281,0.96009399,186,True,4.0229229,0.028795962,11412,False
0b_gaussian_blur_best,file,18,9559,163,162,95,94,0.60007042,0.54877299,0.25415397,0.29461902,163,True,71.213247,-0.0027028555,10931,False
0b_gaussian_blur_best,file,18,72,2,1,33,32,0.0017232344,0.99827826,0.00066600129,0.99761226,2,True,0.25622581,0.020777872,9559,False
0b_gaussian_blur_best,file,18,7761,133,132,132,131,0.020555915,0.97965389,0.0067029949,0.9729509,133,True,2.519625,0.046869199,72,False
0b_gaussian_blur_best,file,18,5287,91,90,63,62,3.0377669,0.047941819,0.29759526,-0.24965344,63,False,157.78352,-0.061578425,7761,False
0b_gaussian_blur_best,file,18,4209,73,72,74,73,0.068199337,0.93407428,0.051725883,0.8823484,73,True,10.423244,-0.099650935,5287,False
0b_gaussian_blur_best,file,18,8378,143,142,145,144,0.82948852,0.43627238,0.21053772,0.22573467,143,True,65.381395,0.0042282483,4209,False
0b_gaussian_blur_best,file,18,1548,28,27,190,189,0.0098946104,0.99015421,0.0028926942,0.98726151,28,True,1.9970426,0.011591026,8378,False
0b_gaussian_blur_best,file,18,9783,167,166,180,179,6.0479603,0.002362676,0.99513274,-0.99277007,180,False,199.64862,0.0060283274,1548,False
0b_gaussian_blur_best,file,18,4267,74,73,54,53,0.0027428172,0.99726093,0.00073686749,0.99652406,74,True,0.53164362,-0.05605655,9783,False
0b_gaussian_blur_best,file,18,5492,94,93,160,159,0.001714547,0.9982869,0.00066867465,0.99761823,94,True,0.23922168,0.13009485,4267,False
0b_gaussian_blur_best,file,18,6081,104,103,150,149,0.10690336,0.8986125,0.07797683,0.82063567,104,True,18.089752,0.0099356438,5492,False
0b_gaussian_blur_best,file,18,7469,128,127,104,103,9.0286388,0.00011992567,0.44921121,-0.44909128,104,False,214.64107,-0.28651429,6081,False
0b_gaussian_blur_best,file,18,8975,153,152,155,154,0.18094707,0.83447951,0.11303679,0.72144272,153,True,29.930466,0.098541256,7469,False
0b_gaussian_blur_best,file,18,7079,121,120,119,118,0.80258238,0.44817013,0.28009331,0.16807681,121,True,74.218162,-0.029564945,8975,False
0b_gaussian_blur_best,file,18,7290,125,124,129,128,0.16271645,0.84983212,0.13925427,0.71057785,125,True,32.751553,0.044316489,7079,False
0b_gaussian_blur_best,file,18,6478,111,110,78,77,0.73236072,0.48077267,0.30003536,0.18073732,111,True,109.02831,-0.11491086,7290,False
0b_gaussian_blur_best,file,18,7254,124,123,126,125,0.098446116,0.90624452,0.023028459,0.88321606,124,True,15.450123,0.21074754,6478,False
0b_gaussian_blur_best,file,18,1704,31,30,33,32,0.8813917,0.41420606,0.31828722,0.095918834,31,True,86.173434,-0.053984107,7254,False
0b_gaussian_blur_best,file,18,3415,59,58,64,63,1.3728354,0.25338751,0.6146313,-0.36124378,64,False,108.65778,-0.035294924,1704,False
0b_gaussian_blur_best,file,18,9006,154,153,165,164,0.2476629,0.78062302,0.04972925,0.73089377,154,True,39.603862,-0.045449221,3415,False
0b_gaussian_blur_best,file,18,6037,104,103,184,183,0.046636585,0.95443422,0.01196485,0.94246937,104,True,6.2238393,-0.0033324919,9006,False
0b_gaussian_blur_best,file,18,6111,105,104,92,91,4.7568297,0.0085928068,0.97282255,-0.96422974,92,False,137.16203,-0.034518151,6037,False
0b_gaussian_blur_best,file,18,5035,87,86,46,45,0.010274258,0.98977834,0.0079361433,0.9818422,87,True,2.3628434,0.12021568,6111,False
0b_gaussian_blur_best,file,18,9757,166,165,167,166,0.040700413,0.96011674,0.0076643783,0.95245237,166,True,5.4479945,-0.008686053,5035,False
0b_gaussian_blur_best,file,18,8411,144,143,141,140,5.7095814,0.0033140595,0.95789057,-0.95457651,141,False,166.39313,-0.036467086,9757,False
0b_gaussian_blur_best,file,18,10264,175,174,157,156,1.5123694,0.22038716,0.6684345,-0.44804734,157,False,129.27209,-0.087516097,8411,False
0b_gaussian_blur_best,file,18,955,18,17,37,36,0.0096844845,0.99036229,0.0063907476,0.98397154,18,True,2.1134211,0.049792312,10264,False
0b_gaussian_blur_best,file,18,762,14,13,54,53,0.057495158,0.94412649,0.04540972,0.89871677,14,True,11.291962,0.076306891,955,False
0b_gaussian_blur_best,file,18,9402,160,159,94,93,0.015933102,0.98419315,0.0064762053,0.97771694,160,True,3.4349437,-0.13159521,762,False
0b_gaussian_blur_best,file,18,11244,191,190,139,138,0.00086889655,0.9991315,0.00041736296,0.99871414,191,True,0.10933934,0.013697782,9402,False
0b_gaussian_blur_best,file,18,617,12,11,96,95,0.39467824,0.67389685,0.076233178,0.59766367,12,True,41.299214,0.052323908,11244,False
0b_gaussian_blur_best,file,18,10429,178,177,154,153,2.0856409,0.12422749,0.34688225,-0.22265476,154,False,131.47377,-0.01513745,617,False
0b_gaussian_blur_best,file,18,7544,129,128,125,124,0.77926004,0.45874533,0.45485684,0.0038884878,129,True,107.29717,-0.12020911,10429,False
0b_gaussian_blur_best,file,18,6861,118,117,130,129,1.1918377,0.30366275,0.64469063,-0.34102789,130,False,139.71239,0.060987419,7544,False
0b_gaussian_blur_best,file,18,9382,160,159,57,56,0.0328582,0.96767575,0.010014269,0.95766148,160,True,4.588015,-0.047092001,6861,False
0b_gaussian_blur_best,file,18,1415,26,25,27,26,1.0863842,0.33743438,0.32496807,0.012466311,26,True,102.55265,-0.11793798,9382,False
0b_gaussian_blur_best,file,18,1897,34,33,54,53,0.0046245051,0.99538618,0.00084703846,0.99453914,34,True,0.64729004,0.023964271,1415,False
0b_gaussian_blur_best,file,18,8323,142,141,27,26,0.028462606,0.97193861,0.012543141,0.95939547,142,True,4.4389,0.07437934,1897,False
0b_gaussian_blur_best,file,18,4275,74,73,114,113,1.638705,0.19423139,0.20524949,-0.011018097,114,False,164.41002,0.037389508,8323,False
0b_gaussian_blur_best,file,18,4612,79,78,82,81,0.33555806,0.714939,0.2084876,0.5064514,79,True,45.113143,-0.13270342,4275,False
0b_gaussian_blur_best,file,18,5800,99,98,176,175,0.14739908,0.86294949,0.045670077,0.81727941,99,True,27.16205,0.092378316,4612,False
0b_gaussian_blur_best,file,18,7074,121,120,128,127,0.37889606,0.6846168,0.16180329,0.52281351,121,True,49.19587,-0.060809486,5800,False
0b_gaussian_blur_best,file,18,2325,41,40,33,32,5.3338099,0.0048256493,0.74001896,-0.73519331,33,False,157.37577,-0.035331249,7074,False
0b_gaussian_blur_best,file,18,8526,146,145,145,144,0.087989159,0.91577083,0.036398958,0.87937187,146,True,14.593235,0.094251912,2325,False
0b_gaussian_blur_best,file,18,6685,115,114,131,130,3.6064963,0.027146788,0.46654257,-0.43939578,131,False,160.16564,-0.055319486,8526,False
0b_gaussian_blur_best,file,18,15,1,0,3,2,0.039890204,0.96089494,0.017387342,0.9435076,1,True,5.8728607,-0.006444049,6685,False
0b_gaussian_blur_best,file,18,2402,42,41,17,16,0.0030505571,0.99695408,0.0023017898,0.99465229,42,True,0.54218539,-0.14599835,15,False
0b_gaussian_blur_best,file,18,8836,151,150,9,8,0.0021910488,0.99781138,0.00027816807,0.99753321,151,True,0.31147521,-0.017560492,2402,False
0b_gaussian_blur_best,file,18,11647,198,197,150,149,0.61107701,0.54276597,0.22145478,0.32131119,198,True,57.252397,0.072847967,8836,False
0b_gaussian_blur_best,file,18,9326,159,158,99,98,0.015006626,0.9851054,0.0072495039,0.97785589,159,True,2.4413372,0.022984155,11647,False
0b_gaussian_blur_best,file,18,533,10,9,26,25,0.0038484097,0.99615896,0.00087237981,0.99528658,10,True,0.46671691,0.10810894,9326,False
0b_gaussian_blur_best,file,18,11755,200,199,20,19,0.037221119,0.96346307,0.0076913186,0.95577175,200,True,5.2632901,0.099791983,533,False
0b_gaussian_blur_best,file,18,5637,97,96,95,94,0.75784445,0.46867558,0.36491758,0.10375801,97,True,84.555549,0.046479433,11755,False
0b_gaussian_blur_best,file,18,2487,44,43,24,23,0.0021192015,0.99788302,0.00021275016,0.99767027,44,True,0.4139192,-0.048870499,5637,False
0b_gaussian_blur_best,file,18,7243,124,123,126,125,0.17901932,0.83608973,0.14450896,0.69158077,124,True,21.790427,0.0022213885,2487,False
0b_gaussian_blur_best,file,18,3438,60,59,64,63,1.8901119,0.1510549,0.33456656,-0.18351166,64,False,149.46839,-0.011172335,7243,False
0b_gaussian_blur_best,file,18,2254,40,39,38,37,0.2260139,0.79770702,0.093380339,0.70432668,40,True,38.414791,0.087655023,3438,False
0b_gaussian_blur_best,file,18,368,7,6,6,5,0.29613501,0.74368703,0.16403547,0.57965156,7,True,41.435768,-0.026703228,2254,False
0b_gaussian_blur_best,file,18,11657,198,197,91,90,0.083320282,0.9200564,0.031216435,0.88883997,198,True,13.825763,0.0082858813,368,False
0b_gaussian_blur_best,file,18,8625,147,146,71,70,4.4576631,0.011589417,0.34896809,-0.33737867,71,False,120.8767,-0.0045586873,11657,False
0b_gaussian_blur_best,file,18,6663,114,113,85,84,0.0046996139,0.99531144,0.0014151481,0.99389629,114,True,0.68753802,-0.059422194,8625,False
0b_gaussian_blur_best,file,18,7200,123,122,124,123,0.001281751,0.9987191,0.00084843318,0.99787066,123,True,0.14942447,0.096278281,6663,False
0b_gaussian_blur_best,file,18,9896,169,168,176,175,0.0028575324,0.99714655,0.00089503394,0.99625151,169,True,0.38902554,0.057205707,7200,False
0b_gaussian_blur_best,file,18,3746,65,64,84,83,0.5052985,0.60332543,0.1636219,0.43970352,65,True,61.420174,0.11232492,9896,False
0b_gaussian_blur_best,file,18,5003,86,85,25,24,1.1601793,0.31343001,0.42465797,-0.11122796,25,False,157.38688,0.11557721,3746,False
0b_gaussian_blur_best,file,18,5946,102,101,40,39,1.8959152,0.15018083,0.80148286,-0.65130202,40,False,140.11367,-0.0069630954,5003,False
0b_gaussian_blur_best,file,18,7141,122,121,99,98,0.43010712,0.65043944,0.14677699,0.50366245,122,True,56.877679,0.13683844,5946,False
0b_gaussian_blur_best,file,18,3375,59,58,64,63,0.027518911,0.97285628,0.018031018,0.95482527,59,True,3.0235657,-0.00046072016,7141,False
0b_gaussian_blur_best,file,18,1165,21,20,158,157,0.14476715,0.86522371,0.023003548,0.84222016,21,True,16.123416,-6.349172e-06,3375,False
0b_gaussian_blur_best,file,18,1171,21,20,195,194,7.4406037,0.00058693078,0.85563946,-0.85505253,195,False,225.49271,-0.0020195598,1165,True
0b_gaussian_blur_best,file,18,6988,120,119,125,124,0.095547073,0.90887558,0.01167743,0.89719815,120,True,12.140251,-0.053325411,1171,False
0b_gaussian_blur_best,file,18,1860,33,32,32,31,0.04341092,0.95751786,0.024311349,0.93320651,33,True,6.7771297,0.096974816,6988,False
0b_gaussian_blur_best,file,18,7022,120,119,11,10,3.9276366,0.019690152,0.21492404,-0.19523389,11,False,134.83369,0.052775094,1860,False
0b_gaussian_blur_best,file,18,9421,161,160,96,95,0.0066521154,0.99336994,0.0012253713,0.99214457,161,True,1.1142961,-0.030619038,7022,False
0b_gaussian_blur_best,file,18,7272,125,124,131,130,0.16298619,0.84960294,0.10347962,0.74612331,125,True,23.527452,0.10843903,9421,False
0b_gaussian_blur_best,file,18,32,1,0,3,2,3.0761585,0.046136148,0.85934061,-0.81320446,3,False,152.71786,0.044597105,7272,False
0b_gaussian_blur_best,file,18,8997,154,153,130,129,1.1128707,0.32861426,0.13342924,0.19518502,154,True,108.3453,-0.03922096,32,False
0b_gaussian_blur_best,file,18,3145,55,54,168,167,0.0014112762,0.99858969,0.00018644691,0.99840325,55,True,0.19275589,-0.056419809,8997,False
0b_gaussian_blur_best,file,18,2386,42,41,139,138,0.19417498,0.82351381,0.028236041,0.79527777,42,True,25.306215,0.052778916,3145,False
0b_gaussian_blur_best,file,18,11332,193,192,196,195,0.11382999,0.89240968,0.037346691,0.85506299,193,True,19.182371,0.033051286,2386,False
0b_gaussian_blur_best,file,18,5359,92,91,105,104,0.019456958,0.98073113,0.0064107804,0.97432035,92,True,3.0945291,0.0024011588,11332,False
0b_gaussian_blur_best,file,18,2598,46,45,90,89,0.02843781,0.97196275,0.0059053912,0.96605736,46,True,4.5248758,0.047771559,5359,False
0b_gaussian_blur_best,file,18,388,8,7,25,24,0.30181015,0.73947847,0.10176402,0.63771445,8,True,45.299917,-0.053850532,2598,False
0b_gaussian_blur_best,file,18,7936,136,135,137,136,0.22867498,0.79558706,0.12707293,0.66851413,136,True,29.291514,0.034511222,388,False
0b_gaussian_blur_best,file,18,9947,169,168,95,94,0.00044896061,0.99955112,0.00011271829,0.9994384,169,True,0.060820587,0.081634801,7936,False
0b_gaussian_blur_best,file,18,5267,91,90,112,111,0.76240826,0.46654153,0.069280647,0.39726088,91,True,72.884005,0.018561395,9947,False
0b_gaussian_blur_best,file,18,9223,157,156,175,174,0.03323292,0.96731323,0.012527684,0.95478555,157,True,5.2575959,0.045809465,5267,False
0b_gaussian_blur_best,file,18,10306,175,174,172,171,0.96944571,0.3792932,0.20387192,0.17542128,175,True,97.733189,0.10253988,9223,False
0b_gaussian_blur_best,file,18,4853,84,83,63,62,0.84798014,0.42827913,0.26533183,0.1629473,84,True,86.154652,-0.0061037211,10306,False
0b_gaussian_blur_best,file,18,10599,180,179,182,181,0.051755618,0.94956088,0.04476985,0.90479103,180,True,8.5081996,0.12326648,4853,False
0b_gaussian_blur_best,file,18,912,17,16,140,139,0.086275823,0.91734117,0.012854377,0.9044868,17,True,11.997918,0.077240064,10599,False
0b_gaussian_blur_best,file,18,9503,162,161,176,175,0.0014648433,0.99853623,0.00026056881,0.99827566,162,True,0.19383995,0.038952281,912,False
0b_gaussian_blur_best,file,18,8233,141,140,58,57,2.5708771,0.076468438,0.29744282,-0.22097439,58,False,135.8547,-0.0047323144,9503,False
0b_gaussian_blur_best,file,18,444,9,8,11,10,0.022514563,0.97773701,0.0085588852,0.96917812,9,True,2.9518545,0.022064005,8233,False
0b_gaussian_blur_best,file,18,2198,39,38,103,102,5.3904924,0.0045597288,0.21146688,-0.20690715,103,False,120.09168,-0.097786042,444,False
0b_gaussian_blur_best,file,18,10347,176,175,163,162,0.0045425082,0.99546778,0.0010172535,0.99445053,176,True,0.60900576,0.0061677492,2198,False
0b_gaussian_blur_best,file,18,5285,91,90,78,77,1.581684,0.20562854,0.13164675,0.073981792,91,True,129.70614,0.025441145,10347,False
0b_gaussian_blur_best,file,18,361,7,6,6,5,0.0010777862,0.99892277,0.00055653881,0.99836623,7,True,0.14406161,0.043232557,5285,False
0b_gaussian_blur_best,file,18,8848,151,150,8,7,0.2123259,0.8087011,0.019906793,0.78879431,151,True,36.943995,-0.16657454,361,False
0b_gaussian_blur_best,file,18,2931,51,50,50,49,4.1656504,0.015519614,0.34100151,-0.3254819,50,False,175.30735,-0.024376394,8848,False
0b_gaussian_blur_best,file,18,2071,37,36,43,42,3.6065016,0.02714665,0.61122894,-0.58408229,43,False,137.53616,0.019860459,2931,False
0b_gaussian_blur_best,file,18,662,13,12,10,9,0.0031218624,0.99688303,0.00060070271,0.99628233,13,True,0.46122051,0.019912775,2071,False
0b_gaussian_blur_best,file,18,3271,57,56,192,191,0.0046035023,0.9954071,0.00060850504,0.9947986,57,True,0.64259946,0.047826517,662,False
0b_gaussian_blur_best,file,18,11283,192,191,187,186,0.00064721616,0.99935299,9.2509159e-05,0.99926048,192,True,0.08228583,0.034875661,3271,False
0b_gaussian_blur_best,file,18,9371,160,159,114,113,3.0987692,0.045104682,0.13287491,-0.087770224,114,False,134.17158,0.055168152,11283,False
0b_gaussian_blur_best,file,18,511,10,9,109,108,0.011257935,0.98880517,0.0050747381,0.98373044,10,True,1.4272519,0.097251199,9371,False
0b_gaussian_blur_best,file,18,7106,122,121,118,117,0.26238045,0.76921833,0.03882489,0.73039344,122,True,40.101174,0.028618976,511,False
0b_gaussian_blur_best,file,18,6182,106,105,84,83,0.0029489386,0.99705541,0.00094332121,0.99611209,106,True,0.40514463,-0.019542816,7106,False
0b_gaussian_blur_best,file,18,8405,144,143,147,146,1.0957375,0.33429301,0.27306294,0.061230063,144,True,127.14248,-0.19161231,6182,False
0b_gaussian_blur_best,file,18,2439,43,42,174,173,4.3082118,0.013457593,0.95393687,-0.94047928,174,False,226.44604,0.024827808,8405,False
0b_gaussian_blur_best,file,18,9446,161,160,162,161,4.1641326,0.015543194,0.29663447,-0.28109127,162,False,145.24869,-0.07181995,2439,False
0b_gaussian_blur_best,file,18,3497,61,60,66,65,0.071922414,0.93060309,0.018040238,0.91256285,61,True,8.7308149,-0.086786052,9446,False
0b_gaussian_blur_best,file,18,8172,140,139,16,15,0.27074918,0.76280779,0.12503766,0.63777013,140,True,38.466621,0.014820025,3497,False
0b_gaussian_blur_best,file,18,1658,30,29,23,22,2.3397665,0.096350133,0.26842642,-0.17207628,23,False,143.37183,-0.060254481,8172,False
0b_gaussian_blur_best,file,18,3706,64,63,63,62,0.75421107,0.47038156,0.29606774,0.17431381,64,True,61.784047,-0.0053768228,1658,False
0b_gaussian_blur_best,file,18,5096,88,87,168,167,0.0060715755,0.99394679,0.0012863472,0.99266044,88,True,0.90367477,0.012000064,3706,False
0b_gaussian_blur_best,file,18,5432,93,92,11,10,5.0199385,0.0066049341,0.60656953,-0.59996459,11,False,198.00945,0.015863576,5096,False
0b_gaussian_blur_best,file,18,6880,118,117,193,192,3.825737,0.021802364,0.73800212,-0.71619976,193,False,188.92031,0.064751346,5432,False
0b_gaussian_blur_best,file,18,2034,36,35,35,34,0.034209028,0.96636951,0.0042911959,0.96207831,36,True,4.5959113,0.097035924,6880,False
0b_gaussian_blur_best,file,18,8949,153,152,173,172,1.2877502,0.27589077,0.18578999,0.09010078,153,True,135.17773,-0.080384483,2034,False
0b_gaussian_blur_best,file,18,10877,185,184,186,185,6.4734726,0.0015438552,0.99548256,-0.99393871,186,False,143.64884,0.061056195,8949,False
0b_gaussian_blur_best,file,18,11558,197,196,121,120,0.0028337582,0.99717027,0.00063839555,0.99653187,197,True,0.44902075,-0.05338093,10877,False
0b_gaussian_blur_best,file,18,10353,176,175,182,181,0.010947051,0.98911268,0.0014055094,0.98770717,176,True,1.4377362,-0.01558758,11558,False
0b_gaussian_blur_best,file,18,5997,103,102,102,101,1.5204904,0.21860467,0.46480036,-0.24619569,102,False,105.27017,0.05301724,10353,False
0b_gaussian_blur_best,file,18,3787,66,65,65,64,4.5390744,0.01068329,0.96082371,-0.95014043,65,False,233.71824,0.070290713,5997,False
0b_gaussian_blur_best,file,18,11232,191,190,188,187,0.23717806,0.78885078,0.15079126,0.63805953,191,True,35.492929,-0.039529521,3787,False
0b_gaussian_blur_best,file,18,4848,83,82,31,30,0.9440493,0.38904926,0.095598847,0.29345042,83,True,81.954568,-0.053718694,11232,False
0b_gaussian_blur_best,file,18,9080,155,154,2,1,0.89626962,0.40808916,0.079587221,0.32850194,155,True,101.03746,0.027255175,4848,False
0b_gaussian_blur_best,file,18,5394,93,92,3,2,0.34197566,0.71036547,0.059162267,0.65120321,93,True,58.502704,-0.00078492304,9080,False
0b_gaussian_blur_best,file,18,4994,86,85,45,44,0.46969515,0.62519282,0.24436222,0.3808306,86,True,93.338148,-0.050231497,5394,False
0b_gaussian_blur_best,file,18,11088,189,188,36,35,0.031228047,0.96925449,0.030230146,0.93902435,189,True,5.7900521,0.029224793,4994,False
0b_gaussian_blur_best,file,18,4716,81,80,187,186,0.54159838,0.58181751,0.043757111,0.5380604,81,True,68.024317,0.014294619,11088,False
0b_gaussian_blur_best,file,18,10989,187,186,190,189,0.23924945,0.78721845,0.13784827,0.64937018,187,True,42.709886,-0.02747314,4716,False
0b_gaussian_blur_best,file,18,8410,144,143,145,144,9.1126108,0.0001102665,0.96674025,-0.96662998,145,False,228.5717,-0.017042933,10989,False
0b_gaussian_blur_best,file,18,10124,172,171,16,15,0.28528401,0.75180072,0.090654857,0.66114586,172,True,37.32667,0.022095962,8410,False
0b_gaussian_blur_best,file,18,9855,168,167,162,161,2.3447008,0.095875889,0.80206722,-0.70619133,162,False,172.3034,-0.074210357,10124,False
0b_gaussian_blur_best,file,18,1603,29,28,30,29,4.0484676,0.017449092,0.47310838,-0.45565929,30,False,98.397743,0.049282069,9855,False
0b_gaussian_blur_best,file,18,10539,179,178,152,151,0.17143416,0.84245574,0.044458482,0.79799726,179,True,30.073355,-0.029710735,1603,False
0b_gaussian_blur_best,file,18,3160,55,54,96,95,0.039144449,0.96161181,0.013668758,0.94794305,55,True,5.4698701,0.037149445,10539,False
0b_gaussian_blur_best,file,18,6513,112,111,111,110,0.57823664,0.56088656,0.43526241,0.12562415,112,True,95.39426,-0.016548662,3160,False
0b_gaussian_blur_best,file,18,7430,127,126,128,127,0.19701102,0.8211816,0.10015293,0.72102866,127,True,29.824228,0.045264409,6513,False
0b_gaussian_blur_best,file,18,1772,32,31,33,32,0.41011551,0.66357356,0.23880285,0.42477071,32,True,58.102019,-0.16884238,7430,False
0b_gaussian_blur_best,file,18,5158,89,88,53,52,0.0023905053,0.99761236,0.00042152504,0.99719083,89,True,0.31016072,0.029291845,1772,False
0b_gaussian_blur_best,file,18,10638,181,180,195,194,0.0038412847,0.99616611,0.0012416022,0.99492451,181,True,0.57202222,0.044188376,5158,False
0b_gaussian_blur_best,file,18,2832,50,49,51,50,0.50151825,0.60561049,0.14650457,0.45910592,50,True,59.864241,0.079583152,10638,False
0b_gaussian_blur_best,file,18,10225,174,173,162,161,3.0662267,0.046596643,0.57975864,-0.533162,162,False,225.11108,-0.029271271,2832,False
0b_gaussian_blur_best,file,18,460,9,8,29,28,0.12232839,0.88485771,0.02812642,0.85673129,9,True,15.108016,-0.020127979,10225,False
0b_gaussian_blur_best,file,18,7417,127,126,120,119,4.5641885,0.010418331,0.64214474,-0.63172641,120,False,224.63362,0.0052263071,460,False
0b_gaussian_blur_best,file,18,3546,61,60,66,65,0.2422298,0.78487581,0.10551541,0.6793604,61,True,28.072139,-0.04586872,7417,False
0b_gaussian_blur_best,file,18,5772,99,98,149,148,0.17817096,0.83679932,0.09983255,0.73696677,99,True,22.182817,0.00044160539,3546,False
0b_gaussian_blur_best,file,18,11034,188,187,191,190,0.00096346205,0.99903703,0.00041181027,0.99862522,188,True,0.15326534,0.061483587,5772,False
0b_gaussian_blur_best,file,18,8042,137,136,118,117,4.0004387,0.018307606,0.57172847,-0.55342086,118,False,150.99341,0.014122011,11034,False
0b_gaussian_blur_best,file,18,1670,30,29,27,26,3.2491717,0.038806342,0.76041108,-0.72160474,27,False,175.44472,0.10425329,8042,False
0b_gaussian_blur_best,file,18,11448,195,194,199,198,0.0034488502,0.99655712,0.00061517215,0.99594194,195,True,0.60789799,0.066469586,1670,False
0b_gaussian_blur_best,file,18,5979,103,102,38,37,0.040513378,0.96029633,0.015434853,0.94486148,103,True,6.2127328,0.12330895,11448,False
0b_gaussian_blur_best,file,18,7152,123,122,129,128,0.49401957,0.61016887,0.12696719,0.48320168,123,True,68.763404,-0.031530322,5979,False
0b_gaussian_blur_best,file,18,2554,45,44,63,62,3.3013794,0.036832329,0.64566106,-0.60882873,63,False,134.60809,-0.027286942,7152,False
0b_gaussian_blur_best,file,18,115,2,1,1,0,0.11719391,0.8894127,0.068351656,0.82106104,2,True,18.939627,-0.10562958,2554,False
0b_gaussian_blur_best,file,18,9090,155,154,196,195,0.028163632,0.97222924,0.010434785,0.96179446,155,True,4.1246427,0.11571621,115,False
0b_gaussian_blur_best,file,18,313,6,5,151,150,0.0037352333,0.99627173,0.0013223091,0.99494942,6,True,0.78981804,0.076819679,9090,False
0b_gaussian_blur_best,file,18,5206,90,89,50,49,0.42935503,0.6509288,0.19249067,0.45843813,90,True,67.039367,-0.032960685,313,False
0b_gaussian_blur_best,file,18,10103,172,171,20,19,2.0356092,0.13060087,0.2168999,-0.086299032,20,False,127.0073,-0.11553375,5206,False
0b_gaussian_blur_best,file,18,10552,180,179,182,181,0.008775834,0.99126256,0.0050053117,0.98625724,180,True,1.3692155,0.16256665,10103,False
0b_gaussian_blur_best,file,18,345,7,6,5,4,0.033355147,0.96719497,0.026340023,0.94085495,7,True,5.7319579,-0.0044105913,10552,False
0b_gaussian_blur_best,file,18,9955,170,169,152,151,1.7905259,0.16687238,0.12518571,0.041686669,170,True,131.32476,-0.13218435,345,False
0b_gaussian_blur_best,file,18,7995,137,136,136,135,0.59460646,0.55177969,0.11424131,0.43753838,137,True,61.925184,-0.095190314,9955,False
0b_gaussian_blur_best,file,18,7867,135,134,102,101,0.48969594,0.6128127,0.2944735,0.3183392,135,True,66.321251,0.12180919,7995,False
0b_gaussian_blur_best,file,18,2741,48,47,47,46,0.0025771996,0.99742609,0.00062589592,0.9968002,48,True,0.3503652,0.031641638,7867,False
0b_gaussian_blur_best,file,18,213,4,3,29,28,2.5999665,0.074276052,0.46135402,-0.38707796,29,False,171.26388,0.046558132,2741,False
0b_gaussian_blur_best,file,18,5874,101,100,100,99,0.007516555,0.99251163,0.0031300669,0.98938156,101,True,0.88882358,0.027216807,213,False
0b_gaussian_blur_best,file,18,11493,196,195,199,198,0.083228037,0.92014128,0.02953743,0.89060385,196,True,13.306591,0.045291941,5874,False
0b_gaussian_blur_best,file,18,2334,41,40,135,134,0.021362333,0.97886425,0.011717504,0.96714675,41,True,2.6378758,-0.03727538,11493,False
0b_gaussian_blur_best,file,18,409,8,7,24,23,2.5219502,0.080302835,0.27464688,-0.19434404,24,False,154.50161,0.010862189,2334,False
0b_gaussian_blur_best,file,18,10558,180,179,182,181,0.0031526408,0.99685234,0.0015064736,0.99534586,180,True,0.40266006,-0.065382026,409,False
0b_gaussian_blur_best,file,18,9888,168,167,162,161,0.26619479,0.76628983,0.15385409,0.61243574,168,True,41.561419,0.11779573,10558,False
0b_gaussian_blur_best,file,18,11206,191,190,139,138,0.0043089404,0.99570036,0.00064072892,0.99505963,191,True,0.64201749,0.011557809,9888,False
0b_gaussian_blur_best,file,18,10180,173,172,175,174,0.44121093,0.64325702,0.21545531,0.42780171,173,True,80.371146,0.069228978,11206,False
0b_gaussian_blur_best,file,18,6068,104,103,127,126,0.57555765,0.56239116,0.084139884,0.47825128,104,True,77.761121,0.24080319,10180,False
0b_gaussian_blur_best,file,18,3310,58,57,25,24,0.015846159,0.98427874,0.0055127111,0.97876603,58,True,2.5325031,0.005281111,6068,False
0b_gaussian_blur_best,file,18,10086,172,171,170,169,0.063161649,0.93879169,0.0092933951,0.9294983,172,True,7.818326,-0.0844926,3310,False
0b_gaussian_blur_best,file,18,4027,70,69,68,67,6.2737689,0.0018851103,0.23956434,-0.23767923,68,False,117.67959,0.058185342,10086,False
0b_gaussian_blur_best,file,18,4929,85,84,168,167,0.044226948,0.9567368,0.0050206282,0.95171617,85,True,6.4777417,0.025755228,4027,False
0b_gaussian_blur_best,file,18,5875,101,100,145,144,0.35495198,0.7012071,0.10135512,0.59985198,101,True,42.314758,-0.10062101,4929,False
0b_gaussian_blur_best,file,18,6291,108,107,107,106,0.73079044,0.48152822,0.4174726,0.064055622,108,True,111.80893,0.00059482507,5875,False
0b_gaussian_blur_best,file,18,3867,67,66,68,67,0.11061001,0.89528781,0.090254202,0.80503361,67,True,18.368709,0.014503864,6291,False
0b_gaussian_blur_best,file,18,3363,58,57,25,24,0.84261453,0.43058327,0.1369164,0.29366687,58,True,80.935517,0.067571371,3867,False
0b_gaussian_blur_best,file,18,5957,102,101,78,77,2.1521177,0.11623774,0.74625576,-0.63001802,78,False,269.42325,0.00035833771,3363,False
0b_gaussian_blur_best,file,18,1343,25,24,23,22,2.5113292,0.081160292,0.90256006,-0.82139976,23,False,118.48473,0.0031092108,5957,False
0b_gaussian_blur_best,file,18,10014,171,170,174,173,2.4742415,0.084226869,0.12577516,-0.041548289,174,False,118.91907,0.041268151,1343,False
0b_gaussian_blur_best,file,18,3605,62,61,74,73,3.579834,0.027880332,0.34703779,-0.31915746,74,False,132.98185,-0.14176986,10014,False
0b_gaussian_blur_best,file,18,11366,193,192,178,177,1.6498408,0.19208048,0.14116614,0.050914347,193,True,150.31513,0.14942889,3605,False
0b_gaussian_blur_best,file,18,7676,131,130,119,118,0.85014153,0.42735445,0.20540655,0.22194791,131,True,96.248216,0.0020232748,11366,False
0b_gaussian_blur_best,file,18,10852,185,184,192,191,0.0033688955,0.99663675,0.0019814742,0.99465527,185,True,0.61101949,-0.15254726,7676,False
0b_gaussian_blur_best,file,18,2635,46,45,142,141,1.9254215,0.14581428,0.39261088,-0.24679659,142,False,205.53522,0.24561921,10852,False
0b_gaussian_blur_best,file,18,7837,134,133,24,23,0.1744505,0.83991843,0.023378903,0.81653953,134,True,26.126055,-0.034451363,2635,False
0b_gaussian_blur_best,file,18,9657,165,164,166,165,0.034498371,0.9660899,0.030091301,0.9359986,165,True,6.9546988,0.075482674,7837,False
0b_gaussian_blur_best,file,18,4392,76,75,26,25,0.10672798,0.89877009,0.028232252,0.87053784,76,True,20.384313,-0.054596119,9657,False
0b_gaussian_blur_best,file,18,225,4,3,13,12,0.0088301888,0.99120867,0.0050776601,0.98613101,4,True,1.4126178,0.1100245,4392,False
0b_gaussian_blur_best,file,18,55,1,0,3,2,0.15724292,0.85449648,0.018951347,0.83554513,1,True,22.276658,0.10323525,225,False
0b_gaussian_blur_best,file,18,4845,83,82,16,15,0.079658411,0.92343175,0.016680088,0.90675167,83,True,11.659679,-0.0071207391,55,False
0b_gaussian_blur_best,file,18,3657,63,62,145,144,0.45052555,0.63729316,0.14069127,0.49660189,63,True,75.29427,-0.01875878,4845,False
0b_gaussian_blur_best,file,18,8870,151,150,37,36,0.15688857,0.85479933,0.0064575402,0.84834179,151,True,14.262342,0.02671782,3657,False
0b_gaussian_blur_best,file,18,9664,165,164,166,165,0.0035388959,0.99646735,0.0016414709,0.99482588,165,True,0.50397549,0.0027414731,8870,False
0b_gaussian_blur_best,file,18,5922,102,101,39,38,3.2812412,0.037581582,0.72670954,-0.68912796,39,False,196.84392,-0.02277152,9664,False
0b_gaussian_blur_best,file,18,2094,37,36,39,38,4.6748428,0.0093269888,0.59133661,-0.58200962,39,False,145.06743,0.11192287,5922,False
0b_gaussian_blur_best,file,18,9063,155,154,152,151,1.9120054,0.14778373,0.48890874,-0.34112501,152,False,148.91321,-0.15013492,2094,False
0b_gaussian_blur_best,file,18,7197,123,122,99,98,0.83777839,0.43267068,0.20774582,0.22492486,123,True,83.116575,0.014907919,9063,False
0b_gaussian_blur_best,file,18,4604,79,78,112,111,1.8136868,0.16305187,0.084033079,0.079018794,79,True,103.66906,0.044771657,7197,False
0b_gaussian_blur_best,file,18,10665,182,181,173,172,0.055837292,0.94569302,0.013763865,0.93192915,182,True,9.7632782,0.056587225,4604,False
0b_gaussian_blur_best,file,18,8730,149,148,150,149,0.15199059,0.85899639,0.07166905,0.78732734,149,True,21.415276,0.13884767,10665,False
0b_gaussian_blur_best,file,18,6794,117,116,132,131,0.12751231,0.88028258,0.070098735,0.81018385,117,True,21.303499,-0.06477237,8730,False
0b_gaussian_blur_best,file,18,11456,195,194,199,198,0.0049209907,0.99509108,0.0042420062,0.99084907,195,True,1.1128834,-0.13040445,6794,False
0b_gaussian_blur_best,file,18,10255,175,174,157,156,0.012245945,0.98782873,0.0085358126,0.97929292,175,True,2.0686,-0.050346504,11456,False
0b_gaussian_blur_best,file,18,10426,177,176,182,181,0.0012850845,0.99871576,0.00020133823,0.99851442,177,True,0.17685188,0.046603505,10255,False
0b_gaussian_blur_best,file,18,7265,124,123,126,125,0.51450443,0.5977968,0.37542731,0.22236949,124,True,74.62505,-0.031076459,10426,False
0b_gaussian_blur_best,file,18,10209,174,173,195,194,0.20296432,0.81630737,0.027786529,0.78852084,174,True,35.957991,0.10133627,7265,False
0b_gaussian_blur_best,file,18,7740,132,131,91,90,0.35602239,0.70045698,0.094724968,0.60573201,132,True,46.952628,-0.012380523,10209,False
0b_gaussian_blur_best,file,18,1974,35,34,56,55,0.01926228,0.98092204,0.0062242001,0.97469784,35,True,2.9793131,0.0086944894,7740,False
0b_gaussian_blur_best,file,18,10503,179,178,154,153,0.51716292,0.59620965,0.18131147,0.41489817,179,True,55.491048,-0.1009938,1974,False
0b_gaussian_blur_best,file,18,8679,148,147,116,115,0.060920555,0.940898,0.040456798,0.9004412,148,True,10.402425,0.17414429,10503,False
0b_gaussian_blur_best,file,18,5721,98,97,16,15,1.6020783,0.20147735,0.16149506,0.039982289,98,True,113.00555,-0.096844663,8679,False
0b_gaussian_blur_best,file,18,545,11,10,9,8,2.0503321,0.12869217,0.23679562,-0.10810345,9,False,152.76562,-0.057782556,5721,False
0b_gaussian_blur_best,file,18,8129,139,138,42,41,0.0043406319,0.99566877,0.0022144071,0.99345436,139,True,0.55614839,0.10841993,545,False
0b_gaussian_blur_best,file,18,2176,39,38,43,42,2.6411586,0.071278639,0.3937923,-0.32251366,43,False,153.31503,0.035098165,8129,False
0b_gaussian_blur_best,file,18,1034,19,18,155,154,0.0018352109,0.9981665,0.00074470986,0.99742179,19,True,0.34223643,0.090213411,2176,False
0b_gaussian_blur_best,file,18,4167,72,71,71,70,1.310644,0.26964635,0.25500786,0.014638484,72,True,99.581164,0.026933285,1034,False
0b_gaussian_blur_best,file,18,5465,94,93,160,159,0.14112568,0.86838019,0.017536554,0.85084363,94,True,23.780984,0.1735619,4167,False
0b_gaussian_blur_best,file,18,6768,116,115,130,129,0.021981763,0.97825807,0.017162308,0.96109577,116,True,3.8487866,0.0081366871,5465,False
0b_gaussian_blur_best,file,18,984,18,17,16,15,0.014939217,0.98517179,0.0016331068,0.98353869,18,True,2.0804558,0.012656537,6768,False
0b_gaussian_blur_best,file,18,10060,171,170,133,132,0.65931672,0.51720464,0.077699177,0.43950547,171,True,64.283968,-0.024879453,984,False
0b_gaussian_blur_best,file,18,8280,141,140,144,143,0.25405356,0.77565026,0.15569459,0.61995567,141,True,32.795367,0.014995369,10060,False
0b_gaussian_blur_best,file,18,7704,132,131,119,118,4.4746985,0.011393656,0.58718163,-0.57578797,119,False,151.3722,-0.011889774,8280,False
0b_gaussian_blur_best,file,18,2932,51,50,50,49,0.33086938,0.71829897,0.26456439,0.45373458,51,True,48.144458,-0.062187031,7704,False
0b_gaussian_blur_best,file,18,9308,159,158,114,113,0.023579776,0.97669607,0.0043409993,0.97235507,159,True,3.7450732,0.030608161,2932,False
0b_gaussian_blur_best,file,18,3289,57,56,6,5,0.22273883,0.80032384,0.064859994,0.73546385,57,True,28.821117,-0.0039841222,9308,False
0b_gaussian_blur_best,file,18,3205,56,55,76,75,0.096050762,0.90841788,0.0059977737,0.90242011,56,True,13.002055,0.089693888,3289,False
0b_gaussian_blur_best,file,18,9290,158,157,21,20,0.0068494999,0.9931739,0.0021505535,0.99102334,158,True,0.92421424,0.10552898,3205,False
0b_gaussian_blur_best,file,18,9869,168,167,162,161,1.7987506,0.16550556,0.24793896,-0.082433403,162,False,100.33886,0.012972217,9290,False
0b_gaussian_blur_best,file,18,4485,77,76,38,37,0.0024034681,0.99759942,0.0018036992,0.99579572,77,True,0.33013675,0.054822474,9869,False
0b_gaussian_blur_best,file,18,8564,146,145,147,146,0.41152591,0.66263837,0.18014219,0.48249617,146,True,40.716921,0.076836333,4485,False
0b_gaussian_blur_best,file,18,8881,152,151,172,171,0.0039970754,0.9960109,0.0025226269,0.99348827,152,True,0.93801874,0.035464004,8564,False
0b_gaussian_blur_best,file,18,1058,20,19,170,169,0.28341842,0.75320458,0.082827672,0.67037691,20,True,36.505803,0.07490507,8881,False
0b_gaussian_blur_best,file,18,929,17,16,35,34,0.2400078,0.78662175,0.073570348,0.7130514,17,True,31.794736,0.068193689,1058,False
0b_gaussian_blur_best,file,18,10633,181,180,18,17,3.9969616,0.018371373,0.75470001,-0.73632863,18,False,243.0255,-0.14636863,929,False
0b_gaussian_blur_best,file,18,6757,116,115,119,118,0.13637219,0.87251782,0.088684686,0.78383314,116,True,25.412123,-0.13978046,10633,False
0b_gaussian_blur_best,file,18,3123,54,53,14,13,0.002744006,0.99725974,0.0014881568,0.99577158,54,True,0.42324472,0.061518863,6757,False
0b_gaussian_blur_best,file,18,6283,108,107,23,22,0.15413031,0.85716033,0.11625843,0.7409019,108,True,32.550805,0.051505085,3123,False
0b_gaussian_blur_best,file,18,3114,54,53,14,13,0.012394663,0.98768181,0.010543519,0.97713829,54,True,2.1475368,-0.00015031489,6283,False
0b_gaussian_blur_best,file,18,11057,188,187,191,190,0.0065300181,0.99349123,0.0018310526,0.99166018,188,True,0.90161592,-0.098099198,3114,False
0b_gaussian_blur_best,file,18,1103,20,19,200,199,0.10010596,0.90474153,0.032986283,0.87175524,20,True,11.648937,0.017400093,11057,False
0b_gaussian_blur_best,file,18,9607,164,163,159,158,0.00048518329,0.99951494,0.00039549131,0.99911945,164,True,0.09267222,0.069611775,1103,False
0b_gaussian_blur_best,file,18,1186,22,21,105,104,0.10250756,0.90257132,0.029260896,0.87331042,22,True,13.355722,-0.062270179,9607,False
0b_gaussian_blur_best,file,18,7585,130,129,197,196,4.7051611,0.0090484554,0.31282157,-0.30377311,197,False,116.3672,-0.069465636,1186,False
0b_gaussian_blur_best,file,18,1286,23,22,8,7,0.28149292,0.75465626,0.024235452,0.7304208,23,True,35.760228,-0.09976078,7585,False
0b_gaussian_blur_best,file,18,4426,76,75,79,78,0.64961702,0.52224576,0.23627856,0.2859672,76,True,61.256829,0.018807558,1286,False
0b_gaussian_blur_best,file,18,3621,63,62,178,177,1.9983917,0.13555311,0.12649855,0.0090545565,63,True,165.45517,0.05525173,4426,False
0b_gaussian_blur_best,file,18,3866,67,66,69,68,0.19279385,0.82465196,0.07416229,0.75048967,67,True,29.225719,-0.073738607,3621,False
0b_gaussian_blur_best,file,18,9639,164,163,152,151,0.42762116,0.65205842,0.10852554,0.54353289,164,True,61.472232,0.032631426,3866,False
0b_gaussian_blur_best,file,18,8083,138,137,111,110,0.12669261,0.88100445,0.081607245,0.79939721,138,True,27.339782,0.13197122,9639,False
0b_gaussian_blur_best,file,18,1436,26,25,108,107,3.0673487,0.046544399,0.8375603,-0.7910159,108,False,249.47279,0.017670252,8083,False
0b_gaussian_blur_best,file,18,5050,87,86,137,136,1.4621351,0.23174098,0.098292343,0.13344864,87,True,91.734229,-0.051967083,1436,False
0b_gaussian_blur_best,file,18,6935,119,118,115,114,1.2863142,0.27628726,0.090244561,0.1860427,119,True,92.148053,0.029733062,5050,False
0b_gaussian_blur_best,file,18,11423,194,193,92,91,0.014482969,0.98562139,0.0051478017,0.98047359,194,True,2.6997103,-0.12800268,6935,False
0b_gaussian_blur_best,file,18,11347,193,192,195,194,1.2697575,0.28089973,0.59441072,-0.31351098,195,False,147.00611,-0.056099951,11423,False
0b_gaussian_blur_best,file,18,10212,174,173,91,90,0.31368265,0.73075086,0.030111073,0.70063979,174,True,37.149755,0.034610928,11347,False
0b_gaussian_blur_best,file,18,6587,113,112,131,130,0.0015324526,0.9984687,0.00060869375,0.99786,113,True,0.20948343,0.040348215,10212,False
0b_gaussian_blur_best,file,18,6137,105,104,22,21,0.24877971,0.77975172,0.21512435,0.56462736,105,True,58.609215,0.083234912,6587,False
0b_gaussian_blur_best,file,18,11074,189,188,36,35,0.00024804377,0.99975199,5.3981916e-05,0.999698,189,True,0.030084593,0.10918674,6137,False
0b_gaussian_blur_best,file,18,7561,129,128,127,126,0.26142323,0.76995498,0.13260302,0.63735196,129,True,66.051447,0.078175737,11074,False
0b_gaussian_blur_best,file,18,5796,99,98,37,36,0.0098255565,0.99022257,0.0022819033,0.98794067,99,True,1.474852,0.060844591,7561,False
0b_gaussian_blur_best,file,18,2455,43,42,119,118,2.2250013,0.10806727,0.11939514,-0.011327863,119,False,131.24575,-0.16339552,5796,False
0b_gaussian_blur_best,file,18,10437,178,177,37,36,0.43366706,0.64812803,0.055285875,0.59284216,178,True,79.461695,0.086771509,2455,False
0b_gaussian_blur_best,file,18,5857,100,99,25,24,0.54705191,0.57865322,0.20783953,0.37081368,100,True,78.770041,-0.086124005,10437,False
0b_gaussian_blur_best,file,18,3092,54,53,14,13,0.029811282,0.97062868,0.027361134,0.94326754,54,True,5.1141836,0.10860915,5857,False
0b_gaussian_blur_best,file,18,275,5,4,89,88,7.3192053,0.00066268863,0.77538204,-0.77471935,89,False,168.83468,0.17179383,3092,False
0b_gaussian_blur_best,file,18,823,15,14,54,53,0.0033533315,0.99665231,0.00036293862,0.99628937,15,True,0.42872835,-0.10193074,275,False
0b_gaussian_blur_best,file,18,10795,184,183,183,182,0.93760026,0.39156637,0.20617791,0.18538846,184,True,100.04687,0.13856277,823,False
0b_gaussian_blur_best,file,18,7766,133,132,118,117,0.52144593,0.59366155,0.19591361,0.39774793,133,True,74.879919,-0.0439116,10795,False
0b_gaussian_blur_best,file,18,744,14,13,73,72,0.50806642,0.60165781,0.2389805,0.36267731,14,True,87.837145,-0.033842003,7766,False
0b_gaussian_blur_best,file,18,11685,199,198,195,194,0.06261985,0.93930048,0.030194838,0.90910564,199,True,9.0204643,-0.009237738,744,False
0b_gaussian_blur_best,file,18,10734,183,182,184,183,0.28746867,0.7501601,0.20538765,0.54477245,183,True,38.491986,0.14804362,11685,False
0b_gaussian_blur_best,file,18,3690,64,63,62,61,0.022685185,0.97757018,0.0054315333,0.97213864,64,True,3.979453,0.099120935,10734,False
0b_gaussian_blur_best,file,18,9269,158,157,21,20,0.02166253,0.9785704,0.012333442,0.96623696,158,True,3.2203722,-0.033948043,3690,False
0b_gaussian_blur_best,file,18,5852,100,99,23,22,0.0058438163,0.99417323,0.001026307,0.99314692,100,True,0.92850174,0.0040778324,9269,False
0b_gaussian_blur_best,file,18,2966,52,51,51,50,0.056734826,0.9448446,0.013505417,0.93133919,52,True,7.0720357,-0.066034513,5852,False
0b_gaussian_blur_best,file,18,2953,52,51,23,22,0.1357881,0.87302762,0.069387451,0.80364017,52,True,21.291106,0.33758686,2966,True
0b_gaussian_blur_best,file,18,6638,114,113,111,110,0.0042692949,0.99573982,0.0016314035,0.99410841,114,True,0.65334713,0.058813143,2953,False
0b_gaussian_blur_best,file,18,8966,153,152,157,156,0.3811886,0.68304902,0.083761178,0.59928785,153,True,49.292637,-0.10726363,6638,False
0b_gaussian_blur_best,file,18,5646,97,96,30,29,0.42811984,0.65173328,0.14962764,0.50210564,97,True,68.699052,0.03260318,8966,False
0b_gaussian_blur_best,file,18,2734,48,47,47,46,0.00053177046,0.99946839,0.00020242235,0.99926596,48,True,0.070002713,0.03955937,5646,False
0b_gaussian_blur_best,file,18,3949,68,67,67,66,1.0771985,0.34054825,0.12566794,0.2148803,68,True,78.344962,-0.085296472,2734,False
0b_gaussian_blur_best,file,18,8324,142,141,72,71,2.0352182,0.13065197,0.6075868,-0.47693484,72,False,137.66503,-0.021981125,3949,False
0b_gaussian_blur_best,file,18,8209,140,139,16,15,0.00098787609,0.99901259,0.0004411643,0.99857143,140,True,0.14030908,-0.012598338,8324,False
0b_gaussian_blur_best,file,18,11708,199,198,193,192,2.2952313,0.10073809,0.075000204,0.025737889,199,True,114.69088,0.062113334,8209,False
0b_gaussian_blur_best,file,18,515,10,9,13,12,0.017074725,0.98307019,0.0065123341,0.97655786,10,True,1.6982912,-0.040017175,11708,False
0b_gaussian_blur_best,file,18,3542,61,60,60,59,0.60158986,0.54793978,0.25925112,0.28868866,61,True,56.932656,0.11429987,515,False
0b_gaussian_blur_best,file,18,11652,198,197,150,149,0.032163169,0.96834856,0.013056284,0.95529228,198,True,5.5110207,0.13114752,3542,False
0b_gaussian_blur_best,file,18,4289,74,73,92,91,5.580514,0.0037706268,0.109544,-0.10577337,92,False,131.1919,0.043923532,11652,False
0b_gaussian_blur_best,file,18,4332,75,74,16,15,0.010243935,0.98980838,0.0017235273,0.98808485,75,True,1.9333791,0.073429368,4289,False
0b_gaussian_blur_best,file,18,4183,72,71,71,70,0.011742519,0.98832613,0.002156147,0.98616999,72,True,1.9119922,0.12849449,4332,False
0b_gaussian_blur_best,file,18,5357,92,91,105,104,4.3285995,0.013186005,0.98244447,-0.96925846,105,False,185.41461,0.13868761,4183,False
0b_gaussian_blur_best,file,18,10491,179,178,152,151,0.67076141,0.5113191,0.30796188,0.20335722,179,True,82.470025,0.0071164445,5357,False
0b_gaussian_blur_best,file,18,1357,25,24,72,71,3.7294953,0.024004951,0.37755311,-0.35354815,72,False,152.24761,-0.085582633,10491,False
0b_gaussian_blur_best,file,18,9675,165,164,157,156,0.57080507,0.56507033,0.22023055,0.34483978,165,True,102.44483,-0.046127802,1357,False
0b_gaussian_blur_best,file,18,570,11,10,9,8,2.8876381,0.055707637,0.88476312,-0.82905548,9,False,191.44737,0.011889418,9675,False
0b_gaussian_blur_best,file,18,862,16,15,14,13,0.013144156,0.98694187,0.0038370721,0.9831048,16,True,1.8172552,-0.081263381,570,False
0b_gaussian_blur_best,file,18,8466,145,144,143,142,0.07819061,0.92478812,0.055508327,0.86927979,145,True,8.7560769,-0.027990721,862,False
0b_gaussian_blur_best,file,18,2787,49,48,9,8,1.2025211,0.30043584,0.27238503,0.02805081,49,True,90.750731,0.037736986,8466,False
0b_gaussian_blur_best,file,18,2661,47,46,180,179,0.0044874446,0.99552262,0.001032362,0.99449026,47,True,0.66076948,-0.029628629,2787,False
0b_gaussian_blur_best,file,18,10932,186,185,112,111,3.573571,0.028055491,0.17807719,-0.1500217,112,False,185.28064,0.060864377,2661,False
0b_gaussian_blur_best,file,18,7598,130,129,133,132,1.3705831,0.25395885,0.27118081,-0.017221957,133,False,109.79672,0.031876588,10932,False
0b_gaussian_blur_best,file,18,5609,96,95,95,94,0.062980674,0.93896163,0.01647947,0.92248216,96,True,7.6888513,-0.050438521,7598,False
0b_gaussian_blur_best,file,18,7001,120,119,34,33,0.0047465982,0.99526465,0.00088279427,0.99438186,120,True,0.64178579,0.0080677797,5609,False
0b_gaussian_blur_best,file,18,7653,131,130,127,126,0.0047723437,0.99523902,0.0015813891,0.99365763,131,True,0.73344113,-0.031350158,7001,False
0b_gaussian_blur_best,file,18,9715,166,165,114,113,0.00039486241,0.99960524,6.6474102e-05,0.99953876,166,True,0.064959387,0.046806937,7653,False
0b_gaussian_blur_best,file,18,7616,130,129,115,114,2.090312,0.12364858,0.31918085,-0.19553227,115,False,151.84008,0.041722571,9715,False
0b_gaussian_blur_best,file,18,1905,34,33,97,96,0.0078114746,0.99221897,0.0013987112,0.99082026,34,True,1.3024726,-0.10934561,7616,False
0b_gaussian_blur_best,file,18,5621,96,95,12,11,0.0634716,0.93850076,0.01832274,0.92017802,96,True,8.7654843,-0.23284331,1905,False
0b_random_erasing_best,file,18,3891,67,66,69,68,0.66780204,0.51283455,0.32952893,0.18330562,67,True,86.334486,,-1,False
0b_random_erasing_best,file,18,5405,93,92,91,90,0.010698464,0.98935854,0.0061987862,0.98315976,93,True,1.3570935,0.012520931,3891,False
0b_random_erasing_best,file,18,920,17,16,96,95,0.034595564,0.96599603,0.0043056901,0.96169034,17,True,4.9330683,0.0040102425,5405,False
0b_random_erasing_best,file,18,5043,87,86,134,133,0.46767405,0.62645769,0.035564657,0.59089303,87,True,41.343672,0.065508241,920,False
0b_random_erasing_best,file,18,11743,200,199,168,167,0.46457565,0.6284017,0.22470798,0.40369372,200,True,53.301817,0.081543038,5043,False
0b_random_erasing_best,file,18,3563,62,61,72,71,3.5490956,0.028750636,0.2852633,-0.25651266,72,False,159.21831,-0.012979134,11743,False
0b_random_erasing_best,file,18,956,18,17,105,104,0.53975397,0.58289164,0.16525771,0.41763394,18,True,89.15812,-0.086749322,3563,False
0b_random_erasing_best,file,18,11179,190,189,187,186,0.053111698,0.94827408,0.030225385,0.91804869,190,True,7.703445,0.32861026,956,False
0b_random_erasing_best,file,18,4184,72,71,92,91,0.0040569156,0.99595129,0.00098358281,0.99496771,72,True,0.6673224,0.076213438,11179,False
0b_random_erasing_best,file,18,881,16,15,172,171,0.0059159892,0.99410146,0.001383789,0.99271768,16,True,0.82957319,-0.052234727,4184,False
0b_random_erasing_best,file,18,2199,39,38,38,37,0.46289584,0.62945819,0.10230137,0.52715682,39,True,59.922819,-0.013367338,881,False
0b_random_erasing_best,file,18,4531,78,77,111,110,0.1398945,0.86944997,0.06156202,0.80788795,78,True,17.084611,-0.025752744,2199,False
0b_random_erasing_best,file,18,782,15,14,158,157,0.021923918,0.97831464,0.0012839558,0.97703068,15,True,2.7222269,0.0017550376,4531,False
0b_random_erasing_best,file,18,3068,53,52,50,49,0.40564024,0.66654992,0.17761204,0.48893788,53,True,59.378684,-0.024828889,782,False
0b_random_erasing_best,file,18,1464,27,26,128,127,5.1520114,0.005787753,0.484476,-0.47868825,128,False,160.36656,-0.077424568,3068,False
0b_random_erasing_best,file,18,11718,199,198,125,124,6.2300406,0.0019693722,0.51437467,-0.5124053,125,False,222.38744,0.02756795,1464,False
0b_random_erasing_best,file,18,736,14,13,54,53,1.4269426,0.2400417,0.6831513,-0.4431096,54,False,205.34505,-0.026308117,11718,False
0b_random_erasing_best,file,18,10670,182,181,175,174,2.0729022,0.12582009,0.28119034,-0.15537025,175,False,130.75518,-0.0068926079,736,False
0b_random_erasing_best,file,18,7916,135,134,71,70,1.2828472,0.2772468,0.16480219,0.11244461,135,True,120.04962,-0.055301235,10670,False
0b_random_erasing_best,file,18,8376,143,142,144,143,3.3020463,0.036807775,0.16601038,-0.1292026,144,False,102.85784,-0.020943461,7916,False
0b_random_erasing_best,file,18,4061,70,69,67,66,0.0036625466,0.99634415,0.0025537293,0.99379042,70,True,0.53596509,-0.0023125152,8376,False
0b_random_erasing_best,file,18,6612,113,112,128,127,0.0052960101,0.99471802,0.0011405367,0.99357748,113,True,0.94435999,0.0089755738,4061,False
0b_random_erasing_best,file,18,6151,106,105,8,7,1.4027001,0.24593204,0.24286965,0.0030623972,106,True,97.418392,-0.14142571,6612,False
0b_random_erasing_best,file,18,4937,85,84,132,131,0.0026252351,0.99737823,0.00044768071,0.99693055,85,True,0.39923898,-0.13868252,6151,False
0b_random_erasing_best,file,18,6726,115,114,112,111,0.728809,0.4824833,0.082220182,0.40026312,115,True,76.410206,-0.025180385,4937,False
0b_random_erasing_best,file,18,8770,150,149,9,8,0.0013208007,0.99868006,0.00034540982,0.99833465,150,True,0.17035856,0.11168654,6726,False
0b_random_erasing_best,file,18,4112,71,70,61,60,2.9094956,0.054503214,0.17362472,-0.11912151,61,False,104.76887,0.013270966,8770,False
0b_random_erasing_best,file,18,6465,111,110,112,111,0.45860082,0.63216758,0.13134307,0.50082451,111,True,54.168505,0.095185808,4112,False
0b_random_erasing_best,file,18,2001,36,35,189,188,0.019900659,0.98029608,0.014777817,0.96551826,36,True,3.3934361,0.046197793,6465,False
0b_random_erasing_best,file,18,7827,134,133,14,13,0.023460427,0.9768126,0.0039995778,0.97281302,134,True,2.5439151,0.080170284,2001,False
0b_random_erasing_best,file,18,11579,197,196,193,192,0.39400834,0.67434841,0.047062539,0.62728588,197,True,58.391391,0.058513547,7827,False
0b_random_erasing_best,file,18,7688,132,131,159,158,0.25099847,0.77802354,0.055819783,0.72220376,132,True,28.61831,0.25412781,11579,False
0b_random_erasing_best,file,18,6623,114,113,85,84,0.064229399,0.93778986,0.01403533,0.92375453,114,True,7.9164773,0.046439544,7688,False
0b_random_erasing_best,file,18,2550,45,44,72,71,0.75532812,0.46985641,0.36940649,0.10044992,45,True,101.28123,-0.018269464,6623,False
0b_random_erasing_best,file,18,6381,109,108,171,170,0.13541816,0.87335062,0.045198176,0.82815244,109,True,20.687332,-0.06356746,2550,False
0b_random_erasing_best,file,18,10708,182,181,180,179,0.38108847,0.68311745,0.185323,0.49779445,182,True,44.110495,0.04489133,6381,False
0b_random_erasing_best,file,18,479,9,8,29,28,0.34800041,0.70609862,0.10068376,0.60541485,9,True,45.287215,-0.057073851,10708,False
0b_random_erasing_best,file,18,4952,85,84,41,40,1.4844217,0.22663338,0.45936674,-0.23273335,41,False,151.65069,0.037525881,479,False
0b_random_erasing_best,file,18,10656,181,180,168,167,0.21355112,0.80771089,0.072649375,0.73506151,181,True,33.252008,0.055845063,4952,False
0b_random_erasing_best,file,18,3630,63,62,62,61,0.0042256117,0.99578333,0.0010731111,0.99471022,63,True,0.77849508,0.074012998,10656,False
0b_random_erasing_best,file,18,10772,183,182,176,175,0.065798081,0.93631989,0.038737863,0.89758202,183,True,12.129995,-0.071470278,3630,False
0b_random_erasing_best,file,18,4129,71,70,72,71,3.9241579,0.01975877,0.79816431,-0.77840554,72,False,124.41125,-0.06341908,10772,False
0b_random_erasing_best,file,18,11036,188,187,191,190,0.0030729,0.99693179,0.0018169489,0.99511484,188,True,0.45205772,0.10394178,4129,False
0b_random_erasing_best,file,18,5450,94,93,45,44,0.0010470629,0.99895346,0.00029723291,0.99865623,94,True,0.20717074,0.1839402,11036,False
0b_random_erasing_best,file,18,4776,82,81,80,79,1.129842,0.32308426,0.3363508,-0.013266534,80,False,79.687666,0.15488681,5450,False
0b_random_erasing_best,file,18,6166,106,105,151,150,0.32981569,0.71905625,0.020223631,0.69883262,106,True,46.42225,-0.0030740996,4776,False
0b_random_erasing_best,file,18,6776,116,115,179,178,2.0054908,0.13459422,0.12688832,0.0077058971,116,True,178.74271,0.17214149,6166,False
0b_random_erasing_best,file,18,5910,101,100,62,61,0.0030462786,0.99695837,0.00069546921,0.99626291,101,True,0.50215693,-0.0088599431,6776,False
0b_random_erasing_best,file,18,2998,52,51,155,154,0.0049581197,0.99505413,0.0016490774,0.99340505,52,True,0.98219472,-0.040375659,5910,False
0b_random_erasing_best,file,18,3365,58,57,8,7,0.10363076,0.9015581,0.050486811,0.85107129,58,True,18.636141,0.028197847,2998,False
0b_random_erasing_best,file,18,10968,187,186,190,189,0.089132264,0.91472459,0.08051841,0.83420618,187,True,17.984736,0.1409801,3365,False
0b_random_erasing_best,file,18,10980,187,186,190,189,0.022124259,0.97811866,0.013295958,0.9648227,187,True,3.470905,0.38050083,10968,True
0b_random_erasing_best,file,18,9585,163,162,182,181,0.62681884,0.53428876,0.062970355,0.47131841,163,True,56.057701,-0.0093219958,10980,False
0b_random_erasing_best,file,18,5511,95,94,96,95,1.0654807,0.3445622,0.32364073,0.020921469,95,True,83.195502,-0.048052831,9585,False
0b_random_erasing_best,file,18,1671,30,29,29,28,0.68293649,0.50513148,0.26893613,0.23619536,30,True,72.031926,-0.043347883,5511,False
0b_random_erasing_best,file,18,3774,65,64,66,65,0.23212099,0.7928502,0.13705881,0.65579139,65,True,32.844847,0.11603972,1671,False
0b_random_erasing_best,file,18,10791,184,183,183,182,2.1950035,0.11135817,0.63640076,-0.52504259,183,False,127.76394,-0.094412169,3774,False
0b_random_erasing_best,file,18,269,5,4,7,6,0.12212067,0.88504153,0.094671473,0.79037006,5,True,31.298989,0.1139726,10791,False
0b_random_erasing_best,file,18,4032,70,69,67,66,0.0049895532,0.99502289,0.0023228701,0.99270002,70,True,1.1163453,0.056864226,269,False
0b_random_erasing_best,file,18,5581,96,95,97,96,4.6301494,0.0097532999,0.83001149,-0.82025819,97,False,200.34657,-0.064544644,4032,False
0b_random_erasing_best,file,18,9536,163,162,167,166,0.068020716,0.93424112,0.0072381129,0.927003,163,True,11.135324,0.11203896,5581,False
0b_random_erasing_best,file,18,2615,46,45,87,86,0.011207131,0.98885542,0.0051151407,0.98374028,46,True,2.1690141,-0.038401522,9536,False
0b_random_erasing_best,file,18,2793,49,48,134,133,2.331933,0.097107872,0.13383211,-0.03672424,134,False,132.22311,-0.085519564,2615,False
0b_random_erasing_best,file,18,8764,150,149,88,87,0.012407497,0.98766917,0.0051437644,0.98252541,150,True,1.5891219,0.16758113,2793,False
0b_random_erasing_best,file,18,2169,38,37,40,39,0.94323075,0.38936785,0.40544534,-0.016077489,40,False,100.39099,-0.11506851,8764,False
0b_random_erasing_best,file,18,2664,47,46,161,160,0.040714491,0.96010321,0.0078059859,0.95229723,47,True,6.070652,0.037503228,2169,False
0b_random_erasing_best,file,18,6240,107,106,30,29,2.6152835,0.073147058,0.82104695,-0.74789989,30,False,160.1332,0.0071411517,2664,False
0b_random_erasing_best,file,18,10156,173,172,199,198,0.17162436,0.84229553,0.021408314,0.82088721,173,True,30.076299,-0.09685037,6240,False
0b_random_erasing_best,file,18,9794,167,166,168,167,0.0030649374,0.99693978,0.0013991725,0.99554061,167,True,0.38689132,-0.031486977,10156,False
0b_random_erasing_best,file,18,9937,169,168,172,171,3.3209524,0.036118411,0.2572214,-0.22110299,172,False,108.35027,0.085889447,9794,False
0b_random_erasing_best,file,18,9237,158,157,165,164,0.015658759,0.98446321,0.0089397654,0.97552345,158,True,2.8969082,-0.11142104,9937,False
0b_random_erasing_best,file,18,8240,141,140,144,143,0.0046784938,0.99533242,0.0020487455,0.99328367,141,True,0.67786789,0.14909804,9237,False
0b_random_erasing_best,file,18,2115,38,37,102,101,0.090834729,0.91316861,0.026946815,0.88622179,38,True,15.046905,-0.017767183,8240,False
0b_random_erasing_best,file,18,2563,45,44,72,71,0.46266186,0.62960547,0.20176251,0.42784296,45,True,79.09082,0.019659087,2115,False
0b_random_erasing_best,file,18,2526,44,43,72,71,0.73274213,0.48058933,0.11933362,0.36125571,44,True,99.61437,-0.13634515,2563,False
0b_random_erasing_best,file,18,6959,119,118,130,129,0.093936183,0.91034085,0.03917712,0.87116373,119,True,14.89907,0.053911589,2526,False
0b_random_erasing_best,file,18,10368,177,176,180,179,0.018434741,0.98173416,0.004150419,0.97758374,177,True,2.9810879,-0.025418198,6959,False
0b_random_erasing_best,file,18,6810,117,116,115,114,0.67941773,0.50691205,0.07336507,0.43354698,117,True,72.621459,0.096220653,10368,False
0b_random_erasing_best,file,18,1601,29,28,30,29,0.15772472,0.85408485,0.088774279,0.76531057,29,True,24.063667,-0.036045857,6810,False
0b_random_erasing_best,file,18,10767,183,182,184,183,0.12389286,0.88347447,0.091799945,0.79167452,183,True,18.734057,-0.023160492,1601,False
0b_random_erasing_best,file,18,138,3,2,93,92,0.52145022,0.59365898,0.24490555,0.34875344,3,True,79.2587,-0.13178956,10767,False
0b_random_erasing_best,file,18,11555,197,196,193,192,1.3575318,0.25729507,0.3478412,-0.090546131,193,False,151.28727,0.0080011557,138,False
0b_random_erasing_best,file,18,5018,86,85,53,52,0.016278328,0.98385346,0.0041105677,0.97974289,86,True,2.0384753,-0.078022476,11555,False
0b_random_erasing_best,file,18,10036,171,170,165,164,0.67196792,0.51070255,0.067272522,0.44343003,171,True,65.95251,-0.057312659,5018,False
0b_random_erasing_best,file,18,6388,110,109,94,93,0.2370764,0.78893101,0.047897436,0.74103358,110,True,62.932508,0.05445563,10036,False
0b_random_erasing_best,file,18,5211,90,89,46,45,0.0025156063,0.99748755,0.00036384451,0.9971237,90,True,0.3262985,0.0015036604,6388,False
0b_random_erasing_best,file,18,7367,126,125,128,127,5.2528009,0.0052328417,0.99188459,-0.98665175,128,False,200.97451,-0.050782683,5211,False
0b_random_erasing_best,file,18,290,6,5,118,117,0.039587867,0.96118551,0.014731101,0.94645441,6,True,6.9928869,0.0015644948,7367,False
0b_random_erasing_best,file,18,8666,148,147,165,164,0.36995009,0.69076884,0.050899159,0.63986968,148,True,40.175519,-0.030879443,290,False
0b_random_erasing_best,file,18,5144,88,87,113,112,4.2119603,0.014817293,0.58040398,-0.56558669,113,False,182.45157,0.11795656,8666,False
0b_random_erasing_best,file,18,3275,57,56,68,67,2.1323667,0.11855637,0.68844062,-0.56988425,68,False,229.89321,-0.032875826,5144,False
0b_random_erasing_best,file,18,113,2,1,1,0,0.66764617,0.51291448,0.33175373,0.18116075,2,True,73.18424,0.013923777,3275,False
0b_random_erasing_best,file,18,3819,66,65,62,61,0.077466376,0.92545813,0.038050145,0.88740799,66,True,9.4878446,0.012495402,113,False
0b_random_erasing_best,file,18,9415,161,160,174,173,6.0737057,0.0023026252,0.25640625,-0.25410362,174,False,244.938,-0.0041420975,3819,False
0b_random_erasing_best,file,18,1298,24,23,25,24,0.41583923,0.65978634,0.33136365,0.3284227,24,True,69.812962,0.03400341,9415,False
0b_random_erasing_best,file,18,5560,95,94,96,95,0.0064602583,0.99356055,0.0039010118,0.98965954,95,True,0.80001383,0.037048259,1298,False
0b_random_erasing_best,file,18,10914,186,185,185,184,0.013670278,0.98642272,0.01226303,0.97415969,186,True,2.7365578,0.036818677,5560,False
0b_random_erasing_best,file,18,4238,73,72,164,163,0.82291907,0.43914789,0.40668383,0.032464057,73,True,106.48412,0.0032244147,10914,False
0b_random_erasing_best,file,18,4661,80,79,82,81,0.0051146853,0.99489838,0.0023156113,0.99258277,80,True,0.91051415,-0.053603669,4238,False
0b_random_erasing_best,file,18,2841,50,49,51,50,0.048518397,0.95263982,0.040447555,0.91219226,50,True,7.1045711,0.010546043,4661,False
0b_random_erasing_best,file,18,6566,113,112,124,123,3.2808566,0.037596039,0.19587542,-0.15827938,124,False,127.31578,-0.025794544,2841,False
0b_random_erasing_best,file,18,10350,176,175,43,42,2.1166351,0.12043621,0.26785609,-0.14741988,43,False,164.0899,-0.031248309,6566,False
0b_random_erasing_best,file,18,7555,129,128,149,148,3.9714775,0.018845569,0.15269801,-0.13385244,149,False,99.449149,0.042164778,10350,False
0b_random_erasing_best,file,18,1074,20,19,200,199,0.026021965,0.97431368,0.01861327,0.95570041,20,True,3.4189025,0.071760555,7555,False
0b_random_erasing_best,file,18,7464,128,127,126,125,0.0014704379,0.99853063,0.00068116828,0.99784946,128,True,0.19964055,-0.018520051,1074,False
0b_random_erasing_best,file,18,8913,152,151,155,154,0.83630627,0.43330809,0.1383113,0.2949968,152,True,87.448512,0.0068727333,7464,False
0b_random_erasing_best,file,18,3196,56,55,17,16,0.022736808,0.97751975,0.0077150241,0.96980473,56,True,2.7365834,0.086448479,8913,False
0b_random_erasing_best,file,18,8123,139,138,42,41,0.012340501,0.98773533,0.0077882679,0.97994706,139,True,1.7126213,0.0027718458,3196,False
0b_random_erasing_best,file,18,7080,121,120,113,112,0.005299449,0.99471456,0.0015641961,0.99315036,121,True,0.94616575,0.04113157,8123,False
0b_random_erasing_best,file,18,3435,60,59,62,61,2.4199371,0.088927217,0.52710861,-0.43818139,62,False,127.21978,-0.021613474,7080,False
0b_random_erasing_best,file,18,6277,108,107,107,106,3.7468555,0.023591815,0.87453198,-0.85094017,107,False,156.17157,-0.10172284,3435,False
0b_random_erasing_best,file,18,6248,107,106,30,29,1.4645209,0.23118873,0.32905656,-0.097867832,30,False,112.02552,-0.35965478,6277,False
0b_random_erasing_best,file,18,1241,23,22,52,51,3.9191694,0.01985758,0.18750785,-0.16765027,52,False,120.92775,0.076891371,6248,False
0b_random_erasing_best,file,18,11303,192,191,190,189,0.73976874,0.47722426,0.070556745,0.40666752,192,True,94.29892,0.036764052,1241,False
0b_random_erasing_best,file,18,6956,119,118,130,129,0.0016605173,0.99834085,0.00051041954,0.99783043,119,True,0.1993697,-0.065489858,11303,False
0b_random_erasing_best,file,18,9150,156,155,157,156,0.0087101301,0.9913277,0.0024103622,0.98891734,156,True,1.1275602,0.090231031,6956,False
0b_random_erasing_best,file,18,1514,27,26,9,8,1.5266634,0.21725935,0.23536488,-0.018105537,9,False,111.87675,-0.08716948,9150,False
0b_random_erasing_best,file,18,1639,29,28,30,29,0.4407669,0.64354271,0.1786572,0.4648855,29,True,45.747819,0.051531323,1514,False
0b_random_erasing_best,file,18,1375,25,24,9,8,0.026603926,0.97374684,0.0088871783,0.96485966,25,True,3.2831166,-0.0018992652,1639,False
0b_random_erasing_best,file,18,4127,71,70,72,71,0.18281649,0.83292097,0.10685459,0.72606638,71,True,24.624663,-0.036786146,1375,False
0b_random_erasing_best,file,18,6533,112,111,111,110,1.6865219,0.18516243,0.79499865,-0.60983622,111,False,149.12415,-0.010711968,4127,False
0b_random_erasing_best,file,18,7844,134,133,26,25,0.01459106,0.98551488,0.0029291196,0.98258576,134,True,1.6066563,-0.015436779,6533,False
0b_random_erasing_best,file,18,8500,145,144,143,142,1.3552313,0.25788766,0.41146347,-0.15357581,143,False,92.997552,0.072194469,7844,False
0b_random_erasing_best,file,18,7770,133,132,117,116,2.6674976,0.069425739,0.21216477,-0.14273904,117,False,127.35367,-0.1318291,8500,False
0b_random_erasing_best,file,18,9211,157,156,152,151,0.11619231,0.89030397,0.039692625,0.85061134,157,True,20.806312,0.029476327,7770,False
0b_random_erasing_best,file,18,2502,44,43,82,81,2.8481898,0.057949115,0.27242619,-0.21447707,82,False,125.52862,0.037898233,9211,False
0b_random_erasing_best,file,18,8194,140,139,17,16,0.028827975,0.9715836,0.0096907988,0.96189281,140,True,2.9410655,0.010421542,2502,False
0b_random_erasing_best,file,18,1426,26,25,27,26,0.068525322,0.93376982,0.038247827,0.89552199,26,True,13.282303,-0.057475373,8194,False
0b_random_erasing_best,file,18,8057,138,137,79,78,0.034790047,0.96580815,0.0066673146,0.95914084,138,True,4.2276957,-0.069580335,1426,False
0b_random_erasing_best,file,18,1802,32,31,31,30,0.49982244,0.60663837,0.19972533,0.40691304,32,True,87.120809,0.019059005,8057,False
0b_random_erasing_best,file,18,4599,79,78,80,79,0.83001578,0.4360424,0.30924755,0.12679484,79,True,75.686126,0.14234071,1802,False
0b_random_erasing_best,file,18,5159,89,88,90,89,0.0030170421,0.99698752,0.00086526759,0.99612225,89,True,0.57912912,0.047409926,4599,False
0b_random_erasing_best,file,18,8734,149,148,120,119,0.19961353,0.81904721,0.11204311,0.70700411,149,True,26.09756,0.087971491,5159,False
0b_random_erasing_best,file,18,4520,78,77,135,134,2.9450574,0.052599046,0.34676072,-0.29416167,135,False,97.829754,-0.088907898,8734,False
0b_random_erasing_best,file,18,1188,22,21,92,91,3.1409168,0.043243129,0.19084994,-0.14760682,92,False,123.08099,0.058012466,4520,False
0b_random_erasing_best,file,18,264,5,4,7,6,1.1991823,0.30144063,0.60379541,-0.30235478,7,False,124.2825,0.039773038,1188,False
0b_random_erasing_best,file,18,1749,31,30,33,32,2.1431899,0.11728013,0.60319108,-0.48591095,33,False,185.71162,-0.0083387712,264,False
0b_random_erasing_best,file,18,11302,192,191,187,186,0.0012036468,0.99879706,0.00055707357,0.99823999,192,True,0.270649,-0.089464554,1749,False
0b_random_erasing_best,file,18,2933,51,50,50,49,0.044792488,0.95619589,0.026471389,0.9297245,51,True,7.7731821,0.087848768,11302,False
0b_random_erasing_best,file,18,9650,164,163,159,158,0.034216747,0.966362,0.026858503,0.9395035,164,True,5.3373886,0.0886251,2933,False
0b_random_erasing_best,file,18,10149,173,172,148,147,5.2363205,0.0053197937,0.18953228,-0.18421249,148,False,121.56417,-0.029649646,9650,False
0b_random_erasing_best,file,18,2467,43,42,119,118,0.97267592,0.37807,0.18259563,0.19547437,43,True,109.17766,-0.092716663,10149,False
0b_random_erasing_best,file,18,6135,105,104,22,21,0.1152287,0.89116234,0.10541767,0.78574467,105,True,29.664339,0.055473689,2467,False
0b_random_erasing_best,file,18,1581,28,27,188,187,0.067261666,0.93495053,0.012183243,0.92276729,28,True,13.34137,-0.0066868649,6135,False
0b_random_erasing_best,file,18,8782,150,149,36,35,0.46384853,0.6288588,0.057577398,0.57128141,150,True,49.813887,-0.027068287,1581,False
0b_random_erasing_best,file,18,8635,147,146,111,110,0.67487794,0.50921857,0.065519519,0.44369905,147,True,75.856225,-0.073057173,8782,False
0b_random_erasing_best,file,18,566,11,10,148,147,0.16724053,0.84599608,0.017181754,0.82881433,11,True,24.167793,-0.15152581,8635,False
0b_random_erasing_best,file,18,8751,149,148,183,182,0.21381252,0.80749977,0.10381884,0.70368093,149,True,29.591509,0.030159309,566,False
0b_random_erasing_best,file,18,6529,112,111,130,129,0.89719915,0.40771002,0.14241162,0.2652984,112,True,136.91943,-0.154802,8751,False
0b_random_erasing_best,file,18,4639,80,79,67,66,0.10222401,0.90282726,0.034509208,0.86831805,80,True,21.044659,-0.07494432,6529,False
0b_random_erasing_best,file,18,10452,178,177,196,195,0.058177192,0.94348276,0.02553897,0.91794379,178,True,9.0908263,-0.035155464,4639,False
0b_random_erasing_best,file,18,8335,142,141,141,140,0.013980904,0.98611635,0.0031061352,0.98301021,142,True,2.6234643,-0.024198804,10452,False
0b_random_erasing_best,file,18,1149,21,20,109,108,0.16599293,0.84705222,0.044816878,0.80223534,21,True,19.261299,0.021555929,8335,False
0b_random_erasing_best,file,18,4254,73,72,74,73,0.0038645598,0.99614292,0.001104938,0.99503799,73,True,0.63405657,0.00074835276,1149,False
0b_random_erasing_best,file,18,4526,78,77,111,110,0.68384397,0.5046733,0.20451261,0.30016069,78,True,75.762855,0.027704856,4254,False
0b_random_erasing_best,file,18,4356,75,74,151,150,0.019020664,0.98115909,0.0050405217,0.97611857,75,True,3.2123647,-0.012032842,4526,False
0b_random_erasing_best,file,18,2372,42,41,17,16,0.00440781,0.99560189,0.0023443906,0.9932575,42,True,0.48753638,0.10244303,4356,False
0b_random_erasing_best,file,18,9117,156,155,152,151,3.7165759,0.024317091,0.74664873,-0.72233164,152,False,117.37958,0.060744407,2372,False
0b_random_erasing_best,file,18,6481,111,110,112,111,0.035206854,0.9654057,0.012490097,0.95291561,111,True,5.1524901,-0.053303157,9117,False
0b_random_erasing_best,file,18,1855,33,32,32,31,0.59225434,0.55307907,0.21103662,0.34204245,33,True,53.627417,0.03073802,6481,False
0b_random_erasing_best,file,18,7482,128,127,126,125,0.012843273,0.98723882,0.0065517891,0.98068704,128,True,1.9571963,-0.017539005,1855,False
0b_random_erasing_best,file,18,641,12,11,98,97,1.4912994,0.22508,0.11074964,0.11433036,12,True,103.03024,-0.10477085,7482,False
0b_random_erasing_best,file,18,3930,68,67,78,77,0.50275141,0.60486412,0.05360518,0.55125894,68,True,49.613768,-0.012299178,641,False
0b_random_erasing_best,file,18,2088,37,36,39,38,3.1735692,0.041853949,0.76228505,-0.7204311,39,False,156.15238,0.078909034,3930,False
0b_random_erasing_best,file,18,3431,60,59,59,58,4.1845322,0.015229326,0.58281648,-0.56758716,59,False,169.81951,0.12942748,2088,False
0b_random_erasing_best,file,18,2718,48,47,132,131,0.0013567538,0.99864417,0.0006109493,0.99803322,48,True,0.22245808,0.068869879,3431,False
0b_random_erasing_best,file,18,415,8,7,44,43,2.2555423,0.1048167,0.14471196,-0.039895259,44,False,136.13422,0.029488225,2718,False
0b_random_erasing_best,file,18,9953,170,169,160,159,0.0085793016,0.9914574,0.0026748562,0.98878255,170,True,1.1201682,-0.013900035,415,False
0b_random_erasing_best,file,18,2684,47,46,96,95,0.8731851,0.41761926,0.13512258,0.28249668,47,True,76.407701,-0.033551648,9953,False
0b_random_erasing_best,file,18,4006,69,68,83,82,2.4954693,0.082457751,0.34069377,-0.25823602,83,False,128.80394,-0.02592546,2684,False
0b_random_erasing_best,file,18,148,3,2,1,0,1.8027105,0.16485144,0.51552582,-0.35067438,1,False,137.79369,-0.1071778,4006,False
0b_random_erasing_best,file,18,1017,19,18,193,192,2.8560939,0.057492901,0.6036616,-0.5461687,193,False,159.25982,0.1119143,148,False
0b_random_erasing_best,file,18,671,13,12,10,9,0.0054412596,0.99457353,0.003128672,0.99144486,13,True,0.72321429,-0.08143966,1017,False
0b_random_erasing_best,file,18,151,3,2,9,8,1.5286651,0.21682493,0.1278809,0.088944033,3,True,126.32147,-0.048635927,671,False
0b_random_erasing_best,file,18,4617,80,79,79,78,2.3783004,0.092708007,0.46656469,-0.37385668,79,False,102.97925,0.070989377,151,False
0b_random_erasing_best,file,18,7287,125,124,131,130,4.0312681,0.017751805,0.82360452,-0.80585272,131,False,206.11734,-0.066208572,4617,False
0b_random_erasing_best,file,18,9512,162,161,169,168,0.040905494,0.95991987,0.034658402,0.92526147,162,True,6.8406569,0.019212017,7287,False
0b_random_erasing_best,file,18,10901,185,184,62,61,0.85324085,0.42603198,0.12017812,0.30585386,185,True,82.855836,0.025103303,9512,False
0b_random_erasing_best,file,18,3701,64,63,59,58,1.222237,0.29457048,0.3148827,-0.02031222,59,False,113.10181,-0.2294429,10901,False
0b_random_erasing_best,file,18,4894,84,83,45,44,0.44143957,0.64310998,0.22037365,0.42273633,84,True,73.358982,-0.067680583,3701,False
0b_random_erasing_best,file,18,7407,127,126,129,128,2.4311645,0.087934367,0.61008322,-0.52214886,129,False,167.56842,0.20779357,4894,False
0b_random_erasing_best,file,18,4422,76,75,119,118,0.084961601,0.91854757,0.012133225,0.90641435,76,True,16.071226,-0.14548793,7407,False
0b_random_erasing_best,file,18,6208,107,106,30,29,0.57540405,0.56247753,0.24043138,0.32204615,107,True,64.279948,0.03793376,4422,False
0b_random_erasing_best,file,18,7375,126,125,123,122,0.87781799,0.41568896,0.30807105,0.10761791,126,True,89.91153,0.16617656,6208,False
0b_random_erasing_best,file,18,3555,62,61,64,63,4.818687,0.0080773868,0.96624917,-0.95817178,64,False,221.78442,0.007059778,7375,False
0b_random_erasing_best,file,18,9793,167,166,157,156,2.8727651,0.05654237,0.28112894,-0.22458657,157,False,114.67692,0.0060911563,3555,False
0b_random_erasing_best,file,18,303,6,5,7,6,0.0040070489,0.99600095,0.0039213286,0.99207962,6,True,1.2038477,0.035870871,9793,False
0b_random_erasing_best,file,18,9474,162,161,169,168,0.047069188,0.95402139,0.012328681,0.94169271,162,True,6.9320935,0.12976289,303,False
0b_random_erasing_best,file,18,4449,77,76,38,37,0.044586375,0.956393,0.040115207,0.9162778,77,True,5.9019119,0.093011683,9474,False
0b_random_erasing_best,file,18,4363,75,74,16,15,0.028364465,0.97203404,0.018553609,0.95348043,75,True,4.8507512,-0.028676076,4449,False
0b_random_erasing_best,file,18,6394,110,109,150,149,0.0097010126,0.9903459,0.0023897912,0.9879561,110,True,1.1456622,0.024523161,4363,False
0b_random_erasing_best,file,18,5235,90,89,50,49,0.016271643,0.98386002,0.0078726206,0.9759874,90,True,2.6723158,0.012765887,6394,False
0b_random_erasing_best,file,18,9193,157,156,175,174,0.2888363,0.74913484,0.2395145,0.50962034,157,True,38.050725,-0.060641748,5235,False
0b_random_erasing_best,file,18,3990,69,68,197,196,0.64401144,0.52518147,0.1472481,0.37793337,69,True,74.516936,-0.084488169,9193,False
0b_random_erasing_best,file,18,1790,32,31,188,187,1.9333141,0.14466797,0.12782891,0.016839057,32,True,136.64537,-0.044872525,3990,False
0b_random_erasing_best,file,18,181,4,3,27,26,4.4619341,0.011540024,0.38648736,-0.37494734,27,False,166.40421,0.076092942,1790,False
0b_random_erasing_best,file,18,710,13,12,10,9,1.4577394,0.23276186,0.19077426,0.041987598,13,True,89.1575,0.22325023,181,False
0b_random_erasing_best,file,18,11178,190,189,187,186,0.063380308,0.93858647,0.042252317,0.89633416,190,True,8.2503179,-0.046674661,710,False
0b_random_erasing_best,file,18,5845,100,99,101,100,0.097731769,0.90689212,0.023518858,0.88337326,100,True,13.872646,0.02245919,11178,False
0b_random_erasing_best,file,18,8544,146,145,144,143,0.0040997751,0.99590862,0.0019890969,0.99391952,146,True,0.73375436,0.01695293,5845,False
0b_random_erasing_best,file,18,6326,109,108,97,96,0.0012978235,0.998703,0.00042929105,0.99827371,109,True,0.16465832,0.034212311,8544,False
0b_random_erasing_best,file,18,4683,81,80,159,158,0.11453379,0.89178181,0.081830055,0.80995175,81,True,16.573642,0.039981674,6326,False
0b_random_erasing_best,file,18,9125,156,155,157,156,0.010769461,0.98928833,0.0063834614,0.98290487,156,True,1.7839394,0.044029954,4683,False
0b_random_erasing_best,file,18,3979,69,68,68,67,0.15811622,0.85375053,0.029546184,0.82420434,69,True,24.8981,-0.11711466,9125,False
0b_random_erasing_best,file,18,6330,109,108,21,20,0.020883674,0.97933286,0.0054295757,0.97390329,109,True,2.8287141,0.094489258,3979,False
0b_random_erasing_best,file,18,1259,23,22,44,43,2.7202826,0.065856136,0.31430778,-0.24845164,44,False,130.45368,-0.027762903,6330,False
0b_random_erasing_best,file,18,7930,136,135,137,136,0.060712244,0.94109398,0.053764068,0.88732991,136,True,12.601118,0.11046813,1259,False
0b_random_erasing_best,file,18,2286,40,39,135,134,0.9250536,0.39651015,0.5427177,-0.14620754,135,False,105.12228,0.082956626,7930,False
0b_random_erasing_best,file,18,6891,118,117,76,75,1.9393463,0.14379793,0.24163507,-0.097837135,76,False,108.64988,-0.20723605,2286,False
0b_random_erasing_best,file,18,9317,159,158,184,183,0.075579509,0.92720598,0.043234058,0.88397192,159,True,14.870108,0.034983926,6891,False
0b_random_erasing_best,file,18,2279,40,39,103,102,0.0049808943,0.99503148,0.0030223562,0.99200912,40,True,1.1093812,-0.033548654,9317,False
0b_random_erasing_best,file,18,11516,196,195,199,198,2.7432687,0.064359628,0.31356195,-0.24920232,199,False,84.387264,0.048406751,2279,False
0b_random_erasing_best,file,18,1717,31,30,33,32,0.0030472295,0.99695742,0.002458117,0.9944993,31,True,0.43182223,0.079939063,11516,False
0b_random_erasing_best,file,18,3371,59,58,145,144,2.1350527,0.11823837,0.21205042,-0.093812048,145,False,116.18,0.030322793,1717,False
0b_random_erasing_best,file,18,11075,189,188,190,189,0.0066530625,0.99336904,0.0025776732,0.99079137,189,True,0.80619555,0.013238571,3371,False
0b_random_erasing_best,file,18,2038,36,35,34,33,0.92436105,0.39678484,0.056822456,0.33996239,36,True,65.934133,0.080298915,11075,False
0b_random_erasing_best,file,18,6845,117,116,116,115,3.1160183,0.044333342,0.60265195,-0.55831861,116,False,183.08675,-0.023114878,2038,False
0b_random_erasing_best,file,18,7382,126,125,124,123,1.2177471,0.29589605,0.667539,-0.37164295,124,False,142.30387,-0.28757835,6845,False
0b_random_erasing_best,file,18,3016,53,52,50,49,0.49625275,0.60880774,0.10623384,0.50257391,53,True,53.653886,-0.024095241,7382,False
0b_random_erasing_best,file,18,5196,89,88,53,52,0.00010871296,0.99989128,7.4433192e-05,0.99981685,89,True,0.017239589,-0.040486969,3016,False
0b_random_erasing_best,file,18,4439,77,76,41,40,0.24197847,0.7850731,0.050733946,0.73433916,77,True,31.619402,-0.0054081563,5196,False
0b_random_erasing_best,file,18,11759,200,199,75,74,0.27951756,0.75614846,0.039043695,0.71710476,200,True,43.429559,-0.10982368,4439,False
0b_random_erasing_best,file,18,11421,194,193,36,35,0.042982668,0.957928,0.021893058,0.93603494,194,True,6.7520506,-0.060626437,11759,False
0b_random_erasing_best,file,18,3928,68,67,78,77,3.8329101,0.021646526,0.082793042,-0.061146516,78,False,147.45354,-0.067646221,11421,False
0b_random_erasing_best,file,18,7969,136,135,135,134,9.9752817,4.6536104e-05,0.98411119,-0.98406465,135,False,213.42035,-0.1264012,3928,False
0b_random_erasing_best,file,18,1491,27,26,107,106,4.2015119,0.014972924,0.68667465,-0.67170173,107,False,195.70788,-0.017987823,7969,False
0b_random_erasing_best,file,18,6000,103,102,102,101,0.040694002,0.96012288,0.007849941,0.95227294,103,True,5.4366265,0.042712955,1491,False
0b_random_erasing_best,file,18,3208,56,55,185,184,0.0046112156,0.99539942,0.0014582346,0.99394118,56,True,0.65222087,0.073396115,6000,False
0b_random_erasing_best,file,18,5522,95,94,97,96,0.010854605,0.98920411,0.0027019205,0.98650219,95,True,1.3058899,0.012546779,3208,False
0b_random_erasing_best,file,18,8626,147,146,146,145,0.46527112,0.62796485,0.27848509,0.34947976,147,True,52.324061,-0.013364144,5522,False
0b_random_erasing_best,file,18,1332,24,23,82,81,0.12679185,0.88091701,0.021478467,0.85943855,24,True,17.283252,-0.051944527,8626,False
0b_random_erasing_best,file,18,3799,66,65,59,58,0.072077602,0.93045866,0.044598661,0.88586,66,True,10.716776,-0.023600974,1332,False
0b_random_erasing_best,file,18,861,16,15,54,53,0.035868376,0.96476728,0.0051438357,0.95962344,16,True,5.4672217,0.063356162,3799,False
0b_random_erasing_best,file,18,8361,143,142,145,144,0.5574609,0.57266128,0.40403494,0.16862634,143,True,65.169808,0.068627491,861,False
0b_random_erasing_best,file,18,1973,35,34,56,55,0.011246384,0.98881662,0.0039331019,0.98488352,35,True,1.6617283,0.13472521,8361,False
0b_random_erasing_best,file,18,1837,33,32,32,31,0.090768106,0.91322947,0.0095866537,0.90364281,33,True,14.324295,0.029330388,1973,False
0b_random_erasing_best,file,18,4840,83,82,165,164,0.14836746,0.86211425,0.062370341,0.79974391,83,True,32.451533,0.071168698,1837,False
0b_random_erasing_best,file,18,8917,152,151,157,156,0.53916723,0.58323377,0.13087682,0.45235695,152,True,63.704012,-0.06622112,4840,False
0b_random_erasing_best,file,18,2827,49,48,29,28,5.7507005,0.0031805523,0.86864239,-0.86546184,29,False,242.35596,-0.013856696,8917,False
0b_random_erasing_best,file,18,5699,98,97,95,94,0.10667955,0.89881366,0.021766625,0.87704704,98,True,16.212578,-0.039337674,2827,False
0b_random_erasing_best,file,18,8653,148,147,75,74,0.037036303,0.96364117,0.0031401452,0.96050102,148,True,6.3178257,0.017381089,5699,False
0b_random_erasing_best,file,18,7111,122,121,99,98,0.31324753,0.73106891,0.072709665,0.65835924,122,True,61.143202,-0.067335946,8653,False
0b_random_erasing_best,file,18,6416,110,109,150,149,0.0030303532,0.99697423,0.0011066879,0.99586754,110,True,0.39607909,-0.10879346,7111,False
0b_random_erasing_best,file,18,2343,41,40,112,111,0.024964349,0.97534466,0.005203852,0.97014081,41,True,4.6779172,0.034522748,6416,False
0b_random_erasing_best,file,18,7633,131,130,104,103,0.14630044,0.8638981,0.10357073,0.76032737,131,True,24.404976,0.057611145,2343,False
0b_random_erasing_best,file,18,1571,28,27,188,187,0.0019651402,0.9980368,0.00087281532,0.99716399,28,True,0.42731658,0.12161684,7633,False
0b_random_erasing_best,file,18,1952,35,34,195,194,0.070602059,0.93183261,0.017040648,0.91479196,35,True,10.087004,0.043712923,1571,False
0b_random_erasing_best,file,18,8012,137,136,136,135,0.029603217,0.97083068,0.015254254,0.95557642,137,True,4.769119,-0.057720636,1952,False
0b_random_erasing_best,file,18,11532,196,195,195,194,0.047855306,0.95327169,0.012869321,0.94040237,196,True,8.4883345,0.023403476,8012,False
0b_random_erasing_best,file,18,8107,139,138,140,139,1.1320504,0.3223716,0.66872001,-0.3463484,140,False,161.34836,0.023366456,11532,False
0b_random_erasing_best,file,18,7871,135,134,137,136,1.3647224,0.25545159,0.57639307,-0.32094148,137,False,106.41386,-0.02008597,8107,False
0b_random_erasing_best,file,18,1027,19,18,155,154,0.7176339,0.48790532,0.35593909,0.13196623,19,True,95.152685,-0.029662068,7871,False
0b_random_erasing_best,file,18,3069,53,52,51,50,0.0085146492,0.99152148,0.0076588881,0.98386259,53,True,1.7480534,-0.0043315441,1027,False
0b_random_erasing_best,file,18,9721,166,165,171,170,0.63745642,0.52863532,0.28879052,0.2398448,166,True,77.934144,0.093324904,3069,False
0b_random_erasing_best,file,18,9988,170,169,98,97,0.41890764,0.65776497,0.11379734,0.54396763,170,True,38.585859,0.050340617,9721,False
0b_random_erasing_best,file,18,5099,88,87,36,35,0.10604569,0.89938354,0.020146428,0.87923712,88,True,16.404782,-0.058286856,9988,False
0b_random_erasing_best,file,18,10420,177,176,180,179,0.21449476,0.80694902,0.029178053,0.77777097,177,True,22.955706,0.032684136,5099,False
0b_random_erasing_best,file,18,3164,55,54,168,167,0.0026907451,0.99731284,0.00054291019,0.99676993,55,True,0.37305927,0.13678913,10420,False
0b_random_erasing_best,file,18,8053,138,137,137,136,1.6617604,0.18980455,0.18377192,0.0060326308,138,True,120.8765,-0.089893013,3164,False
0b_random_erasing_best,file,18,8498,145,144,147,146,2.1505046,0.1164254,0.84996235,-0.73353696,147,False,133.83916,0.046006926,8053,False
0b_random_erasing_best,file,18,6675,115,114,117,116,0.598391,0.54969543,0.3022148,0.24748063,115,True,72.424025,0.010425667,8498,False
0b_random_erasing_best,file,18,5635,97,96,136,135,0.16635133,0.84674871,0.013577383,0.83317133,97,True,20.655698,0.085314883,6675,False
0b_random_erasing_best,file,18,2888,50,49,52,51,0.74507678,0.47469786,0.12942129,0.34527656,50,True,69.671627,0.25587683,5635,False
0b_random_erasing_best,file,18,3761,65,64,86,85,1.6452855,0.19295748,0.41091707,-0.2179596,86,False,157.83983,-0.080784542,2888,False
0b_random_erasing_best,file,18,4768,82,81,79,78,0.10864794,0.89704615,0.023659468,0.87338668,82,True,12.896899,0.069643492,3761,False
0b_random_erasing_best,file,18,2152,38,37,77,76,1.4918978,0.22494535,0.19680631,0.02813904,38,True,115.8497,-0.040164534,4768,False
0b_random_erasing_best,file,18,4699,81,80,79,78,0.022305906,0.97794104,0.0070575783,0.97088346,81,True,4.1570266,-0.048549877,2152,False
0b_random_erasing_best,file,18,1229,22,21,105,104,0.2575219,0.77296472,0.20725347,0.56571124,22,True,42.566661,-0.07008973,4699,False
0b_random_erasing_best,file,18,4770,82,81,79,78,0.021212375,0.979011,0.011092267,0.96791873,82,True,2.6654488,-0.1046891,1229,False
0b_random_erasing_best,file,18,822,15,14,104,103,0.010884674,0.98917437,0.0026799645,0.9864944,15,True,1.764423,-0.059777962,4770,False
0b_random_erasing_best,file,18,11174,190,189,94,93,0.8051672,0.44701317,0.15698177,0.2900314,190,True,72.621623,-0.075755438,822,False
0b_random_erasing_best,file,18,1877,34,33,36,35,0.0075559537,0.99247253,0.001540416,0.99093211,34,True,1.2350822,0.0098973587,11174,False
0b_random_erasing_best,file,18,605,12,11,49,48,0.59629607,0.55084819,0.082015529,0.46883266,12,True,59.869608,0.099088647,1877,False
0b_random_erasing_best,file,18,5342,92,91,105,104,0.0033726974,0.99663299,0.0011819979,0.995451,92,True,0.54453952,-0.088813824,605,False
0b_random_erasing_best,file,18,4858,84,83,141,140,0.0014869835,0.99851412,0.00072274404,0.99779137,84,True,0.19842758,0.048953386,5342,False
0b_random_erasing_best,file,18,10803,184,183,181,180,0.36710691,0.69273555,0.18996568,0.50276987,184,True,61.024097,0.061486417,4858,False
0b_random_erasing_best,file,18,5691,98,97,156,155,0.80675876,0.44630229,0.12189277,0.32440952,98,True,103.90513,0.11045863,10803,False
0b_random_erasing_best,file,18,11484,195,194,181,180,0.0021576239,0.9978447,0.0002651106,0.99757959,195,True,0.36237086,0.13535345,5691,False
0b_random_erasing_best,file,18,1299,24,23,5,4,0.004456351,0.99555355,0.0033730683,0.99218048,24,True,0.74598212,0.018542109,11484,False
0b_random_erasing_best,file,18,9021,154,153,181,180,2.1590152,0.11543876,0.85118431,-0.73574555,181,False,208.66881,0.014821148,1299,False
0b_random_erasing_best,file,18,11412,194,193,198,197,0.7489925,0.47284272,0.27791911,0.19492361,194,True,88.353695,-0.18831387,9021,False
0b_random_erasing_best,file,18,10931,186,185,185,184,0.0095100943,0.99053496,0.0061709257,0.98436404,186,True,1.3227714,0.018414866,11412,False
0b_random_erasing_best,file,18,9559,163,162,182,181,0.52069438,0.59410787,0.13266346,0.46144441,163,True,52.235379,-0.045859738,10931,False
0b_random_erasing_best,file,18,72,2,1,1,0,0.046552043,0.95451486,0.0062060305,0.94830883,2,True,6.3696499,-0.055714521,9559,False
0b_random_erasing_best,file,18,7761,133,132,128,127,0.0056516854,0.99436426,0.0013858157,0.99297845,133,True,0.70259456,0.079864633,72,False
0b_random_erasing_best,file,18,5287,91,90,71,70,2.2436426,0.10607142,0.086670227,0.019401193,91,True,109.02774,-0.082712047,7761,False
0b_random_erasing_best,file,18,4209,73,72,164,163,0.12983011,0.87824464,0.079850405,0.79839423,73,True,24.326295,-0.056079633,5287,False
0b_random_erasing_best,file,18,8378,143,142,146,145,0.74430823,0.47506282,0.37916854,0.095894277,143,True,78.562503,0.026471427,4209,False
0b_random_erasing_best,file,18,1548,28,27,190,189,0.00098394603,0.99901652,0.00016598469,0.99885054,28,True,0.20702709,-0.057346892,8378,False
0b_random_erasing_best,file,18,9783,167,166,180,179,5.476418,0.0041842903,0.93601555,-0.93183126,180,False,150.84159,0.092564164,1548,False
0b_random_erasing_best,file,18,4267,74,73,54,53,0.0030176362,0.99698693,0.0026238849,0.99436304,74,True,0.67637204,0.0030100574,9783,False
0b_random_erasing_best,file,18,5492,94,93,159,158,0.025859578,0.97447193,0.0079078125,0.96656411,94,True,4.4649416,0.16175579,4267,False
0b_random_erasing_best,file,18,6081,104,103,150,149,0.12426499,0.88314581,0.033929497,0.84921631,104,True,18.913209,0.071683455,5492,False
0b_random_erasing_best,file,18,7469,128,127,125,124,7.5827923,0.00050913752,0.88270932,-0.88220019,125,False,246.28431,-0.16767648,6081,False
0b_random_erasing_best,file,18,8975,153,152,155,154,0.072703987,0.92987603,0.067181364,0.86269467,153,True,11.286197,0.025809089,7469,False
0b_random_erasing_best,file,18,7079,121,120,119,118,3.6633155,0.025647337,0.24229994,-0.21665261,119,False,155.66255,0.097436124,8975,False
0b_random_erasing_best,file,18,7290,125,124,129,128,0.2414061,0.78552258,0.08142288,0.7040997,125,True,34.311961,-0.084993867,7079,False
0b_random_erasing_best,file,18,6478,111,110,112,111,0.49176922,0.61154348,0.30156192,0.30998155,111,True,69.627047,0.0014971893,7290,False
0b_random_erasing_best,file,18,7254,124,123,113,112,0.1991557,0.8194223,0.031566035,0.78785627,124,True,30.526083,0.12238164,6478,False
0b_random_erasing_best,file,18,1704,31,30,186,185,3.1735148,0.041856226,0.34051645,-0.29866022,186,False,134.62932,-0.055324895,7254,False
0b_random_erasing_best,file,18,3415,59,58,64,63,1.3080884,0.27033633,0.59159303,-0.3212567,64,False,98.295759,-0.090910971,1704,False
0b_random_erasing_best,file,18,9006,154,153,155,154,0.8664583,0.42043799,0.32444698,0.095991015,154,True,103.94935,-0.011303159,3415,False
0b_random_erasing_best,file,18,6037,104,103,184,183,0.062028341,0.93985623,0.025710523,0.91414571,104,True,10.879399,0.079001757,9006,False
0b_random_erasing_best,file,18,6111,105,104,92,91,2.1890893,0.11201871,0.57030714,-0.45828842,92,False,121.16139,-0.12813218,6037,False
0b_random_erasing_best,file,18,5035,87,86,100,99,0.20145583,0.81753969,0.023358595,0.7941811,87,True,25.275547,0.080513493,6111,False
0b_random_erasing_best,file,18,9757,166,165,165,164,0.062418386,0.93948972,0.01346888,0.92602084,166,True,9.0807554,-0.021551427,5035,False
0b_random_erasing_best,file,18,8411,144,143,141,140,5.6737623,0.0034349184,0.98141253,-0.97797761,141,False,199.35362,-0.11935291,9757,False
0b_random_erasing_best,file,18,10264,175,174,157,156,2.1826518,0.11274216,0.80343902,-0.69069687,157,False,124.62285,0.031666431,8411,False
0b_random_erasing_best,file,18,955,18,17,67,66,0.026310548,0.97403258,0.0081045032,0.96592808,18,True,7.4554388,0.059122803,10264,False
0b_random_erasing_best,file,18,762,14,13,54,53,0.58541805,0.55687302,0.32059753,0.23627549,14,True,70.779977,0.014423542,955,False
0b_random_erasing_best,file,18,9402,160,159,164,163,0.011866338,0.98820376,0.0036726412,0.98453112,160,True,2.3782197,-0.088723946,762,False
0b_random_erasing_best,file,18,11244,191,190,83,82,0.0027090537,0.9972946,0.00035582614,0.99693878,191,True,0.3391351,0.088396626,9402,False
0b_random_erasing_best,file,18,617,12,11,96,95,0.59881932,0.54945999,0.12865488,0.42080511,12,True,62.767827,0.1126404,11244,False
0b_random_erasing_best,file,18,10429,178,177,181,180,0.62167299,0.53704518,0.18592131,0.35112387,178,True,78.206338,0.082163259,617,False
0b_random_erasing_best,file,18,7544,129,128,125,124,0.37630746,0.68639129,0.15759394,0.52879736,129,True,52.071912,-0.12283405,10429,False
0b_random_erasing_best,file,18,6861,118,117,130,129,2.7268822,0.065422945,0.44379425,-0.37837131,130,False,173.35055,0.0066703499,7544,False
0b_random_erasing_best,file,18,9382,160,159,57,56,0.062182385,0.93971151,0.040955465,0.89875605,160,True,11.292899,0.067449692,6861,False
0b_random_erasing_best,file,18,1415,26,25,49,48,3.0549295,0.04712604,0.37752932,-0.33040328,49,False,139.3748,-0.035316976,9382,False
0b_random_erasing_best,file,18,1897,34,33,76,75,0.015868101,0.98425716,0.0037437701,0.98051339,34,True,2.9549811,-0.027481466,1415,False
0b_random_erasing_best,file,18,8323,142,141,57,56,0.094212875,0.91008902,0.0092733242,0.90081569,142,True,16.65576,0.0043734878,1897,False
0b_random_erasing_best,file,18,4275,74,73,111,110,3.8485718,0.021310152,0.42045742,-0.39914727,111,False,127.46977,-0.05577293,8323,False
0b_random_erasing_best,file,18,4612,79,78,82,81,0.54045874,0.58248097,0.25276154,0.32971942,79,True,55.138713,-0.087548135,4275,False
0b_random_erasing_best,file,18,5800,99,98,183,182,0.35196403,0.70330542,0.25640765,0.44689777,99,True,68.787155,0.070216991,4612,False
0b_random_erasing_best,file,18,7074,121,120,126,125,3.3537748,0.034952167,0.4006556,-0.36570343,126,False,132.59612,-0.1314208,5800,False
0b_random_erasing_best,file,18,2325,41,40,32,31,4.6941319,0.0091488063,0.84771991,-0.8385711,32,False,183.83313,0.093043927,7074,False
0b_random_erasing_best,file,18,8526,146,145,145,144,0.28693008,0.75056422,0.19318973,0.55737449,146,True,42.858843,0.0064381859,2325,False
0b_random_erasing_best,file,18,6685,115,114,131,130,5.6240892,0.0036098501,0.61644578,-0.61283593,131,False,134.65358,0.081057245,8526,False
0b_random_erasing_best,file,18,15,1,0,2,1,0.013144626,0.9869414,0.0093844393,0.97755696,1,True,2.4258567,0.090340042,6685,False
0b_random_erasing_best,file,18,2402,42,41,17,16,0.002546879,0.99745637,0.0016451901,0.99581118,42,True,0.33175192,-0.081969909,15,False
0b_random_erasing_best,file,18,8836,151,150,152,151,0.0041169897,0.99589145,0.001037563,0.99485389,151,True,0.72731172,-0.022280734,2402,False
0b_random_erasing_best,file,18,11647,198,197,194,193,1.9556104,0.14147809,0.17525859,-0.0337805,194,False,119.38705,-0.025297639,8836,False
0b_random_erasing_best,file,18,9326,159,158,99,98,0.24166077,0.78532255,0.055211462,0.73011108,159,True,23.958794,0.0096176499,11647,False
0b_random_erasing_best,file,18,533,10,9,109,108,0.066065818,0.93606925,0.017318591,0.91875066,10,True,7.9924918,0.065467383,9326,False
0b_random_erasing_best,file,18,11755,200,199,158,157,0.65198177,0.52101225,0.081982851,0.4390294,200,True,64.586972,0.010311404,533,False
0b_random_erasing_best,file,18,5637,97,96,95,94,1.1444783,0.31838998,0.27303201,0.045357972,97,True,72.329146,-0.09180683,11755,False
0b_random_erasing_best,file,18,2487,44,43,30,29,0.00046576143,0.99953437,0.00020738541,0.99932698,44,True,0.086238579,0.023595894,5637,False
0b_random_erasing_best,file,18,7243,124,123,123,122,0.4028134,0.66843683,0.28836513,0.3800717,124,True,56.699072,-0.054324454,2487,False
0b_random_erasing_best,file,18,3438,60,59,64,63,0.66970801,0.51185799,0.10341911,0.40843888,60,True,85.093702,-0.07057925,7243,False
0b_random_erasing_best,file,18,2254,40,39,135,134,1.0098354,0.36427894,0.30542564,0.058853298,40,True,113.58099,0.14134349,3438,False
0b_random_erasing_best,file,18,368,7,6,6,5,3.3239205,0.036011372,0.95140314,-0.91539177,6,False,200.39232,0.0049260765,2254,False
0b_random_erasing_best,file,18,11657,198,197,194,193,0.0097357221,0.9903115,0.0026349046,0.9876766,198,True,1.3632964,0.15325263,368,False
0b_random_erasing_best,file,18,8625,147,146,145,144,5.4225416,0.0044159093,0.22652219,-0.22210628,145,False,129.58756,0.016249859,11657,False
0b_random_erasing_best,file,18,6663,114,113,85,84,0.02810174,0.97228944,0.0024611379,0.96982831,114,True,3.2755279,-0.14538715,8625,False
0b_random_erasing_best,file,18,7200,123,122,124,123,0.014769852,0.98533869,0.0073170923,0.9780216,123,True,2.2936202,0.024769227,6663,False
0b_random_erasing_best,file,18,9896,169,168,162,161,0.026843136,0.97351396,0.015345473,0.95816849,169,True,3.1552432,0.057198447,7200,False
0b_random_erasing_best,file,18,3746,65,64,84,83,0.70899123,0.49214041,0.11364026,0.37850015,65,True,84.665374,0.056232725,9896,False
0b_random_erasing_best,file,18,5003,86,85,23,22,0.36069933,0.69718862,0.12377991,0.57340871,86,True,66.670592,0.16813654,3746,False
0b_random_erasing_best,file,18,5946,102,101,40,39,1.1132369,0.32849392,0.5589965,-0.23050258,40,False,100.67304,-0.088916898,5003,False
0b_random_erasing_best,file,18,7141,122,121,99,98,1.750241,0.17373206,0.16993321,0.0037988424,122,True,113.6404,0.14552915,5946,False
0b_random_erasing_best,file,18,3375,59,58,66,65,0.037375126,0.96331471,0.026185894,0.93712882,59,True,5.6813991,0.0033018464,7141,False
0b_random_erasing_best,file,18,1165,21,20,158,157,0.85052311,0.42719141,0.51396382,-0.086772412,158,False,106.44712,0.10583131,3375,False
0b_random_erasing_best,file,18,1171,21,20,195,194,3.0801098,0.045954205,0.180226,-0.13427179,195,False,146.8649,0.24018618,1165,True
0b_random_erasing_best,file,18,6988,120,119,122,121,0.052053168,0.94927841,0.0096763428,0.93960207,120,True,7.4105886,0.049205606,1171,False
0b_random_erasing_best,file,18,1860,33,32,31,30,0.042726725,0.95817322,0.025735769,0.93243745,33,True,6.6979049,-0.051636407,6988,False
0b_random_erasing_best,file,18,7022,120,119,49,48,3.3356378,0.035591874,0.17851658,-0.14292471,49,False,165.08626,-0.1581365,1860,False
0b_random_erasing_best,file,18,9421,161,160,182,181,0.057287145,0.94432288,0.0074385451,0.93688434,161,True,8.2872256,0.079232184,7022,False
0b_random_erasing_best,file,18,7272,125,124,131,130,0.054676909,0.94679099,0.018928479,0.92786251,125,True,8.966971,0.064950407,9421,False
0b_random_erasing_best,file,18,32,1,0,3,2,3.0563166,0.047060717,0.94462883,-0.89756812,3,False,192.77194,-0.030809567,7272,False
0b_random_erasing_best,file,18,8997,154,153,31,30,0.4698137,0.62511873,0.1190493,0.50606943,154,True,49.683149,-0.082603834,32,False
0b_random_erasing_best,file,18,3145,55,54,168,167,0.031571154,0.96892202,0.0045633279,0.96435869,55,True,3.8490026,-0.081068093,8997,False
0b_random_erasing_best,file,18,2386,42,41,139,138,0.13055904,0.87760466,0.010338836,0.86726583,42,True,13.361607,0.04953022,3145,False
0b_random_erasing_best,file,18,11332,193,192,178,177,0.28839263,0.74946725,0.07843858,0.67102867,193,True,34.223579,0.014629176,2386,False
0b_random_erasing_best,file,18,5359,92,91,131,130,0.025569236,0.97475487,0.0089737065,0.96578116,92,True,4.7864673,-0.01162499,11332,False
0b_random_erasing_best,file,18,2598,46,45,58,57,0.030166557,0.97028393,0.0064449199,0.96383901,46,True,4.5046163,0.022665036,5359,False
0b_random_erasing_best,file,18,388,8,7,25,24,0.38293767,0.68185538,0.089772664,0.59208272,8,True,57.185855,0.066410906,2598,False
0b_random_erasing_best,file,18,7936,136,135,137,136,0.14000508,0.86935383,0.10037916,0.76897467,136,True,19.90924,-0.14341519,388,False
0b_random_erasing_best,file,18,9947,169,168,163,162,0.032395285,0.96812379,0.016877906,0.95124589,169,True,4.0120225,-0.014006427,7936,False
0b_random_erasing_best,file,18,5267,91,90,102,101,0.24504438,0.78266978,0.033123318,0.74954646,91,True,28.946431,-0.015442505,9947,False
0b_random_erasing_best,file,18,9223,157,156,175,174,0.13789316,0.8711918,0.029021403,0.8421704,157,True,23.607851,-0.025557204,5267,False
0b_random_erasing_best,file,18,10306,175,174,157,156,0.074279033,0.92841262,0.027996825,0.90041579,175,True,10.602503,0.010473332,9223,False
0b_random_erasing_best,file,18,4853,84,83,45,44,0.63790786,0.52839673,0.25383285,0.27456388,84,True,96.866454,-0.15270134,10306,False
0b_random_erasing_best,file,18,10599,180,179,182,181,0.07209257,0.93044478,0.059702843,0.87074193,180,True,7.8261158,0.18747399,4853,False
0b_random_erasing_best,file,18,912,17,16,42,41,0.04074024,0.96007848,0.0098183844,0.95026009,17,True,5.9367636,0.057190752,10599,False
0b_random_erasing_best,file,18,9503,162,161,169,168,0.0044492302,0.99556065,0.0020300567,0.99353059,162,True,0.55484684,0.053940403,912,False
0b_random_erasing_best,file,18,8233,141,140,58,57,0.81075841,0.4445208,0.27021778,0.17430303,141,True,111.86926,-0.038644865,9503,False
0b_random_erasing_best,file,18,444,9,8,27,26,0.10690346,0.89861244,0.025988607,0.87262383,9,True,13.373148,0.020693718,8233,False
0b_random_erasing_best,file,18,2198,39,38,37,36,3.3191819,0.036182422,0.40067178,-0.36448936,37,False,183.32788,-0.041800538,444,False
0b_random_erasing_best,file,18,10347,176,175,163,162,0.044611689,0.9563688,0.0043576192,0.95201118,176,True,5.4069088,-0.061606837,2198,False
0b_random_erasing_best,file,18,5285,91,90,160,159,1.4545726,0.23350015,0.22421426,0.009285897,91,True,143.93915,0.021422951,10347,False
0b_random_erasing_best,file,18,361,7,6,5,4,0.00082339713,0.99917692,0.00049804954,0.99867887,7,True,0.13550702,-0.015778181,5285,False
0b_random_erasing_best,file,18,8848,151,150,6,5,0.19211894,0.82520872,0.054357722,0.770851,151,True,37.835102,-0.096927481,361,False
0b_random_erasing_best,file,18,2931,51,50,50,49,1.6492778,0.19218865,0.5839262,-0.39173755,50,False,137.60858,-0.031831051,8848,False
0b_random_erasing_best,file,18,2071,37,36,43,42,3.8322234,0.021661401,0.80890346,-0.78724205,43,False,129.74658,0.061910474,2931,False
0b_random_erasing_best,file,18,662,13,12,114,113,0.0015325717,0.99846858,0.00016746351,0.99830111,13,True,0.21677934,-0.0020724426,2071,False
0b_random_erasing_best,file,18,3271,57,56,48,47,0.032353505,0.96816427,0.0035129299,0.96465134,57,True,4.6170565,0.11604379,662,False
0b_random_erasing_best,file,18,11283,192,191,187,186,0.0018154583,0.99818617,0.00024434496,0.99794183,192,True,0.28306097,0.053640238,3271,False
0b_random_erasing_best,file,18,9371,160,159,152,151,3.2163014,0.040103104,0.1259893,-0.085886199,152,False,123.21074,0.016961469,11283,False
0b_random_erasing_best,file,18,511,10,9,109,108,0.045276247,0.95573342,0.0067679123,0.94896551,10,True,5.4296642,0.053020349,9371,False
0b_random_erasing_best,file,18,7106,122,121,120,119,0.20933674,0.81112206,0.015355689,0.79576637,122,True,29.758806,0.021524078,511,False
0b_random_erasing_best,file,18,6182,106,105,84,83,0.00070094335,0.99929929,0.00028905261,0.99901024,106,True,0.11456559,-0.013796013,7106,False
0b_random_erasing_best,file,18,8405,144,143,147,146,1.6556904,0.19096017,0.53636658,-0.34540641,147,False,146.97452,-0.11419439,6182,False
0b_random_erasing_best,file,18,2439,43,42,174,173,0.8689549,0.41938964,0.36441678,0.054972857,43,True,110.47076,0.089064469,8405,False
0b_random_erasing_best,file,18,9446,161,160,167,166,3.4355795,0.032206737,0.076421909,-0.044215173,167,False,123.84567,0.14305282,2439,False
0b_random_erasing_best,file,18,3497,61,60,66,65,0.328913,0.71970564,0.20029381,0.51941183,61,True,44.375246,-0.072895001,9446,False
0b_random_erasing_best,file,18,8172,140,139,16,15,0.96479481,0.3810614,0.46107891,-0.080017507,16,False,105.82133,0.02250046,3497,False
0b_random_erasing_best,file,18,1658,30,29,107,106,3.0193892,0.048831034,0.2270503,-0.17821927,107,False,173.59088,-0.019288825,8172,False
0b_random_erasing_best,file,18,3706,64,63,63,62,0.20176989,0.81728297,0.046420015,0.77086296,64,True,30.170032,0.04954121,1658,False
0b_random_erasing_best,file,18,5096,88,87,176,175,0.0017742858,0.9982273,0.00064575754,0.99758154,88,True,0.30422203,0.027134811,3706,False
0b_random_erasing_best,file,18,5432,93,92,11,10,4.8421016,0.0078904554,0.26887432,-0.26098386,11,False,170.53283,0.010684174,5096,False
0b_random_erasing_best,file,18,6880,118,117,193,192,1.592002,0.20351775,0.26035422,-0.056836471,193,False,139.20641,0.22034841,5432,False
0b_random_erasing_best,file,18,2034,36,35,194,193,0.041569434,0.95928276,0.0051645911,0.95411816,36,True,6.0780582,-0.010170706,6880,False
0b_random_erasing_best,file,18,8949,153,152,181,180,0.16154301,0.85082996,0.043722551,0.80710741,153,True,30.581673,-0.051907585,2034,False
0b_random_erasing_best,file,18,10877,185,184,186,185,5.7466693,0.0031933987,0.97874177,-0.97554837,186,False,155.62613,0.063682632,8949,False
0b_random_erasing_best,file,18,11558,197,196,196,195,0.017519366,0.98263323,0.013679094,0.96895414,197,True,3.2200928,0.05287301,10877,False
0b_random_erasing_best,file,18,10353,176,175,123,122,0.017208666,0.98293853,0.0031056746,0.97983285,176,True,2.8235968,-0.049729207,11558,False
0b_random_erasing_best,file,18,5997,103,102,102,101,1.6354475,0.19486517,0.54464447,-0.34977931,102,False,114.7426,-0.022040116,10353,False
0b_random_erasing_best,file,18,3787,66,65,65,64,3.1261742,0.043885376,0.88776052,-0.84387514,65,False,202.83657,0.033905651,5997,False
0b_random_erasing_best,file,18,11232,191,190,188,187,2.3909366,0.091543891,0.8596285,-0.76808461,188,False,125.9789,-0.06359615,3787,False
0b_random_erasing_best,file,18,4848,83,82,80,79,0.23162012,0.7932474,0.03277101,0.76047639,83,True,27.6584,0.10909171,11232,False
0b_random_erasing_best,file,18,9080,155,154,135,134,3.4198859,0.03271617,0.099524669,-0.066808499,135,False,152.24345,-0.021648597,4848,False
0b_random_erasing_best,file,18,5394,93,92,61,60,0.042300355,0.95858181,0.025961382,0.93262042,93,True,10.469077,0.032427432,9080,False
0b_random_erasing_best,file,18,4994,86,85,71,70,0.24902499,0.77956051,0.08194463,0.69761588,86,True,45.828397,0.10263697,5394,False
0b_random_erasing_best,file,18,11088,189,188,36,35,0.021634299,0.97859806,0.004880819,0.97371724,189,True,3.3657759,-0.17226665,4994,False
0b_random_erasing_best,file,18,4716,81,80,94,93,0.19622032,0.82183117,0.037008516,0.78482265,81,True,26.996658,-0.013164095,11088,False
0b_random_erasing_best,file,18,10989,187,186,190,189,0.019589061,0.98060155,0.01075895,0.9698426,187,True,3.7932525,0.023158973,4716,False
0b_random_erasing_best,file,18,8410,144,143,147,146,6.149436,0.0021346859,0.83333313,-0.83119845,147,False,183.20518,0.010448974,10989,False
0b_random_erasing_best,file,18,10124,172,171,152,151,0.3153621,0.72952467,0.052970339,0.67655433,172,True,31.177453,-0.040431766,8410,False
0b_random_erasing_best,file,18,9855,168,167,162,161,3.7058499,0.024579318,0.37134773,-0.34676841,162,False,170.10614,-0.002493836,10124,False
0b_random_erasing_best,file,18,1603,29,28,142,141,5.1144657,0.0060091866,0.48121196,-0.47520277,142,False,113.52856,-0.019745882,9855,False
0b_random_erasing_best,file,18,10539,179,178,154,153,0.025963426,0.97437072,0.008055768,0.96631495,179,True,4.3474746,-0.077870014,1603,False
0b_random_erasing_best,file,18,3160,55,54,96,95,0.16601788,0.84703112,0.090078704,0.75695241,55,True,24.259144,-0.043557731,10539,False
0b_random_erasing_best,file,18,6513,112,111,111,110,0.40981314,0.66377425,0.32852191,0.33525234,112,True,62.918953,-0.0039806839,3160,False
0b_random_erasing_best,file,18,7430,127,126,128,127,0.060654018,0.94114882,0.015014865,0.92613395,127,True,7.5614059,0.028295049,6513,False
0b_random_erasing_best,file,18,1772,32,31,33,32,3.4027903,0.033280276,0.65177101,-0.61849073,33,False,155.51712,-0.091919449,7430,False
0b_random_erasing_best,file,18,5158,89,88,53,52,0.0003657864,0.99963427,4.6472327e-05,0.99958779,89,True,0.060300483,0.014909724,1772,False
0b_random_erasing_best,file,18,10638,181,180,195,194,0.0009411911,0.99905926,0.00046716773,0.99859209,181,True,0.14121391,0.082541508,5158,False
0b_random_erasing_best,file,18,2832,50,49,51,50,1.1172311,0.32718447,0.13012449,0.19705997,50,True,77.779899,0.17344043,10638,False
0b_random_erasing_best,file,18,10225,174,173,168,167,1.2570095,0.28450355,0.18926163,0.095241919,174,True,133.22722,-0.025252288,2832,False
0b_random_erasing_best,file,18,460,9,8,11,10,0.47116682,0.62427342,0.26803416,0.35623926,9,True,46.376726,-0.13303375,10225,False
0b_random_erasing_best,file,18,7417,127,126,129,128,5.9391513,0.0026342645,0.48374256,-0.4811083,129,False,121.92822,-0.07798716,460,False
0b_random_erasing_best,file,18,3546,61,60,84,83,0.74730355,0.47364199,0.08445856,0.38918343,61,True,58.755182,-0.010117094,7417,False
0b_random_erasing_best,file,18,5772,99,98,149,148,0.13873008,0.87046295,0.032918178,0.83754478,99,True,20.455228,-0.025870078,3546,False
0b_random_erasing_best,file,18,11034,188,187,191,190,0.0065469537,0.99347442,0.0048024058,0.98867202,188,True,0.98258025,0.10434825,5772,False
0b_random_erasing_best,file,18,8042,137,136,118,117,6.9575906,0.00095138594,0.95055211,-0.94960072,118,False,199.51957,-0.013902582,11034,False
0b_random_erasing_best,file,18,1670,30,29,27,26,7.3048782,0.00067225116,0.86297989,-0.86230764,27,False,187.07823,0.073369967,8042,False
0b_random_erasing_best,file,18,11448,195,194,130,129,0.011353763,0.98871046,0.00286924,0.98584122,195,True,2.1472377,0.11081632,1670,False
0b_random_erasing_best,file,18,5979,103,102,38,37,0.57088065,0.56502759,0.097870342,0.46715725,103,True,69.880002,-0.041504212,11448,False
0b_random_erasing_best,file,18,7152,123,122,125,124,2.3048136,0.099777393,0.54434526,-0.44456787,125,False,124.89872,0.0062047365,5979,False
0b_random_erasing_best,file,18,2554,45,44,63,62,1.3594275,0.2568078,0.40430078,-0.14749297,63,False,117.57153,-0.13153112,7152,False
0b_random_erasing_best,file,18,115,2,1,1,0,0.01459247,0.98551351,0.0027239094,0.9827896,2,True,2.6316075,-0.12439115,2554,False
0b_random_erasing_best,file,18,9090,155,154,153,152,0.019300986,0.98088408,0.014431544,0.96645253,155,True,3.0653814,0.13388013,115,False
0b_random_erasing_best,file,18,313,6,5,7,6,0.013989838,0.98610759,0.0065619079,0.97954568,6,True,2.9826263,0.079998512,9090,False
0b_random_erasing_best,file,18,5206,90,89,50,49,0.97724849,0.37634519,0.14274564,0.23359954,90,True,91.246285,-0.0090239573,313,False
0b_random_erasing_best,file,18,10103,172,171,200,199,1.2734931,0.27985236,0.19129771,0.088554651,172,True,106.86514,-0.072246401,5206,False
0b_random_erasing_best,file,18,10552,180,179,182,181,0.06536904,0.93672168,0.04163789,0.89508379,180,True,8.2210469,-0.051577705,10103,False
0b_random_erasing_best,file,18,345,7,6,5,4,0.005105197,0.9949078,0.0018876521,0.99302014,7,True,0.72991861,-0.018262884,10552,False
0b_random_erasing_best,file,18,9955,170,169,43,42,1.5464257,0.21300796,0.10455176,0.10845619,170,True,144.4539,-0.016818204,345,False
0b_random_erasing_best,file,18,7995,137,136,136,135,1.4753754,0.22869283,0.41745871,-0.18876588,136,False,118.90972,-0.030786684,9955,False
0b_random_erasing_best,file,18,7867,135,134,102,101,0.057240989,0.94436646,0.018775828,0.92559063,135,True,8.4875828,0.084384904,7995,False
0b_random_erasing_best,file,18,2741,48,47,132,131,0.00073251117,0.99926776,8.8464549e-05,0.99917929,48,True,0.11778072,-0.0022771933,7867,False
0b_random_erasing_best,file,18,213,4,3,9,8,1.3729687,0.25335371,0.087641418,0.1657123,4,True,112.27255,0.10574721,2741,False
0b_random_erasing_best,file,18,5874,101,100,65,64,0.039278217,0.96148318,0.023183597,0.93829958,101,True,5.1011497,0.022478737,213,False
0b_random_erasing_best,file,18,11493,196,195,199,198,0.09056396,0.91341591,0.049928598,0.86348731,196,True,15.901748,0.098244073,5874,False
0b_random_erasing_best,file,18,2334,41,40,135,134,0.049329594,0.95186734,0.019261366,0.93260598,41,True,8.8916704,-0.08147554,11493,False
0b_random_erasing_best,file,18,409,8,7,59,58,2.268888,0.10342713,0.2169257,-0.11349857,59,False,131.69239,-0.010412076,2334,False
0b_random_erasing_best,file,18,10558,180,179,172,171,0.011235422,0.98882747,0.0040067546,0.98482071,180,True,1.3809004,-0.097401201,409,False
0b_random_erasing_best,file,18,9888,168,167,162,161,0.30506578,0.73707491,0.20499907,0.53207584,168,True,42.574108,0.083816291,10558,False
0b_random_erasing_best,file,18,11206,191,190,160,159,0.010672752,0.989384,0.0010861481,0.98829785,191,True,1.6895333,0.035763934,9888,False
0b_random_erasing_best,file,18,10180,173,172,175,174,0.072700769,0.92987901,0.013774079,0.91610493,173,True,11.030542,0.025860313,11206,False
0b_random_erasing_best,file,18,6068,104,103,99,98,0.022752307,0.97750455,0.012044571,0.96545998,104,True,5.0728235,0.22685245,10180,False
0b_random_erasing_best,file,18,3310,58,57,8,7,0.091339923,0.91270739,0.030021153,0.88268624,58,True,13.71386,-0.11381991,6068,False
0b_random_erasing_best,file,18,10086,172,171,200,199,0.27653781,0.75840497,0.054612793,0.70379218,172,True,28.996088,0.028016863,3310,False
0b_random_erasing_best,file,18,4027,70,69,69,68,5.3750172,0.0046308395,0.50696969,-0.50233885,69,False,124.24396,0.021434461,10086,False
0b_random_erasing_best,file,18,4929,85,84,104,103,0.066895358,0.93529308,0.018477201,0.91681588,85,True,10.026469,-0.02575142,4027,False
0b_random_erasing_best,file,18,5875,101,100,147,146,1.3111358,0.26951379,0.57241285,-0.30289906,147,False,148.17123,-0.1337982,4929,False
0b_random_erasing_best,file,18,6291,108,107,107,106,0.41003609,0.66362631,0.29250282,0.37112349,108,True,64.228499,-0.0093788655,5875,False
0b_random_erasing_best,file,18,3867,67,66,68,67,0.26960513,0.76368099,0.087744907,0.67593609,67,True,36.338544,0.12033844,6291,False
0b_random_erasing_best,file,18,3363,58,57,25,24,0.27200055,0.76185381,0.20966436,0.55218945,58,True,53.887581,0.070057871,3867,False
0b_random_erasing_best,file,18,5957,102,101,91,90,1.5495507,0.21234338,0.38920432,-0.17686094,91,False,120.50407,0.066169474,3363,False
0b_random_erasing_best,file,18,1343,25,24,23,22,0.89349246,0.40922406,0.52708197,-0.1178579,23,False,88.77031,0.0099544127,5957,False
0b_random_erasing_best,file,18,10014,171,170,152,151,3.3681197,0.034454361,0.32785797,-0.29340361,152,False,141.73639,0.01954811,1343,False
0b_random_erasing_best,file,18,3605,62,61,112,111,6.0097237,0.0024547665,0.3878932,-0.38543843,112,False,189.36885,-0.060618239,10014,False
0b_random_erasing_best,file,18,11366,193,192,130,129,0.022938734,0.97732234,0.0040976792,0.97322466,193,True,3.9131767,0.10313764,3605,False
0b_random_erasing_best,file,18,7676,131,130,119,118,2.9543538,0.052112322,0.70163995,-0.64952763,119,False,185.23837,-0.025660211,11366,False
0b_random_erasing_best,file,18,10852,185,184,112,111,0.0007949291,0.99920541,0.00022899341,0.99897642,185,True,0.13424256,-0.1408729,7676,False
0b_random_erasing_best,file,18,2635,46,45,90,89,0.349069,0.70534444,0.072152287,0.63319215,46,True,56.510057,0.16314457,10852,False
0b_random_erasing_best,file,18,7837,134,133,26,25,0.60133713,0.5480783,0.054735519,0.49334278,134,True,62.067638,-0.079385961,2635,False
0b_random_erasing_best,file,18,9657,165,164,166,165,0.0023275923,0.99767512,0.0017116759,0.99596344,165,True,0.43737715,0.090608474,7837,False
0b_random_erasing_best,file,18,4392,76,75,137,136,0.7309112,0.48147008,0.14576383,0.33570625,76,True,82.103945,-0.059999201,9657,False
0b_random_erasing_best,file,18,225,4,3,27,26,0.11579073,0.8906616,0.079607069,0.81105453,4,True,25.091909,0.065100886,4392,False
0b_random_erasing_best,file,18,55,1,0,135,134,0.3335124,0.71640301,0.10053172,0.61587129,1,True,46.124636,-0.065937707,225,False
0b_random_erasing_best,file,18,4845,83,82,69,68,0.13324475,0.87525082,0.016697679,0.85855314,83,True,15.632142,0.095228063,55,False
0b_random_erasing_best,file,18,3657,63,62,145,144,0.85786062,0.42406836,0.1507137,0.27335466,63,True,93.09922,-0.025172288,4845,False
0b_random_erasing_best,file,18,8870,151,150,152,151,0.050814059,0.95045537,0.02650046,0.92395491,151,True,6.0003272,-0.015085203,3657,False
0b_random_erasing_best,file,18,9664,165,164,158,157,0.0089852046,0.99105501,0.0027829041,0.98827211,165,True,1.5685442,-0.018072526,8870,False
0b_random_erasing_best,file,18,5922,102,101,39,38,1.1096864,0.32966235,0.1792535,0.15040885,102,True,110.48191,-0.18497521,9664,False
0b_random_erasing_best,file,18,2094,37,36,43,42,3.2713995,0.037953276,0.86314684,-0.82519357,43,False,164.24294,0.060811782,5922,False
0b_random_erasing_best,file,18,9063,155,154,152,151,0.47814903,0.61992979,0.18814042,0.43178937,155,True,60.75838,0.12305376,2094,False
0b_random_erasing_best,file,18,7197,123,122,113,112,0.62916344,0.53303754,0.076303788,0.45673376,123,True,69.824618,0.02877161,9063,False
0b_random_erasing_best,file,18,4604,79,78,111,110,2.0709777,0.12606247,0.15285011,-0.026787639,111,False,130.17812,-0.023827592,7197,False
0b_random_erasing_best,file,18,10665,182,181,175,174,0.59873736,0.54950505,0.2843799,0.26512516,182,True,87.978386,0.055464433,4604,False
0b_random_erasing_best,file,18,8730,149,148,150,149,0.42700401,0.65246093,0.14019884,0.51226209,149,True,49.112699,0.26702564,10665,False
0b_random_erasing_best,file,18,6794,117,116,132,131,0.28209314,0.75420344,0.083348542,0.6708549,117,True,40.317518,0.089207956,8730,False
0b_random_erasing_best,file,18,11456,195,194,199,198,0.0052738353,0.99474007,0.0020655945,0.99267447,195,True,0.92998677,-0.12383549,6794,False
0b_random_erasing_best,file,18,10255,175,174,157,156,0.0079910103,0.99204081,0.0031299265,0.98891089,175,True,1.1126218,0.024570245,11456,False
0b_random_erasing_best,file,18,10426,177,176,180,179,0.032523151,0.96800005,0.0081127519,0.9598873,177,True,3.9057452,0.093554476,10255,False
0b_random_erasing_best,file,18,7265,124,123,123,122,0.092463553,0.91168243,0.044528078,0.86715435,124,True,10.445038,-0.024741658,10426,False
0b_random_erasing_best,file,18,10209,174,173,104,103,0.18275513,0.83297211,0.02134154,0.81163057,174,True,26.212389,-0.1236498,7265,False
0b_random_erasing_best,file,18,7740,132,131,117,116,0.59183717,0.5533098,0.048958756,0.50435104,132,True,59.027873,-0.10724742,10209,False
0b_random_erasing_best,file,18,1974,35,34,140,139,0.22547144,0.79813987,0.063572481,0.73456739,35,True,34.247447,-0.067870731,7740,False
0b_random_erasing_best,file,18,10503,179,178,154,153,1.7126393,0.18038906,0.22403882,-0.043649763,154,False,127.52784,-0.039851003,1974,False
0b_random_erasing_best,file,18,8679,148,147,116,115,0.059112635,0.94260061,0.018206922,0.92439369,148,True,8.5644161,0.085281727,10503,False
0b_random_erasing_best,file,18,5721,98,97,174,173,2.6174626,0.072987817,0.3151086,-0.24212078,174,False,107.84748,0.076702012,8679,False
0b_random_erasing_best,file,18,545,11,10,9,8,0.53355265,0.58651757,0.095619403,0.49089817,11,True,79.928762,-0.026818847,5721,False
0b_random_erasing_best,file,18,8129,139,138,42,41,0.0022625343,0.99774003,0.0007243689,0.99701566,139,True,0.28388395,0.11165813,545,False
0b_random_erasing_best,file,18,2176,39,38,37,36,2.1693535,0.11425146,0.34079441,-0.22654296,37,False,102.74343,0.059980754,8129,False
0b_random_erasing_best,file,18,1034,19,18,27,26,0.0014385362,0.99856251,0.00093158835,0.99763093,19,True,0.2087045,0.15187126,2176,False
0b_random_erasing_best,file,18,4167,72,71,86,85,2.1241276,0.1195372,0.13541144,-0.015874244,86,False,113.55334,-0.053111798,1034,False
0b_random_erasing_best,file,18,5465,94,93,111,110,0.78912091,0.45424393,0.043958526,0.4102854,94,True,106.66477,0.0055443872,4167,False
0b_random_erasing_best,file,18,6768,116,115,130,129,0.56503707,0.56833905,0.29191208,0.27642697,116,True,64.163994,-0.021418518,5465,False
0b_random_erasing_best,file,18,984,18,17,181,180,0.0050243069,0.99498832,0.0017464819,0.99324184,18,True,1.1933288,-0.16409382,6768,False
0b_random_erasing_best,file,18,10060,171,170,122,121,0.39194697,0.67573994,0.026331218,0.64940873,171,True,56.080554,-0.061182634,984,False
0b_random_erasing_best,file,18,8280,141,140,144,143,0.63514596,0.52985811,0.29726988,0.23258823,141,True,68.31221,0.072677067,10060,False
0b_random_erasing_best,file,18,7704,132,131,119,118,4.78967,0.0083152,0.57292235,-0.56460715,119,False,143.69716,-0.038236963,8280,False
0b_random_erasing_best,file,18,2932,51,50,50,49,0.106904,0.89861196,0.082387261,0.8162247,51,True,13.753779,0.0076035518,7704,False
0b_random_erasing_best,file,18,9308,159,158,114,113,0.010788213,0.98926979,0.0031909859,0.98607881,159,True,1.5953136,0.010985165,2932,False
0b_random_erasing_best,file,18,3289,57,56,6,5,1.0181726,0.36125448,0.10451809,0.25673639,57,True,88.836798,0.026796594,9308,False
0b_random_erasing_best,file,18,3205,56,55,34,33,1.0245084,0.35897291,0.22286153,0.13611138,56,True,108.6501,0.00038752565,3289,False
0b_random_erasing_best,file,18,9290,158,157,21,20,0.080371156,0.92277378,0.022825543,0.89994824,158,True,11.820667,0.067143814,3205,False
0b_random_erasing_best,file,18,9869,168,167,20,19,0.15459085,0.85676569,0.034989372,0.82177632,168,True,16.284085,-0.036386936,9290,False
0b_random_erasing_best,file,18,4485,77,76,38,37,0.0085205585,0.99151564,0.0077472832,0.98376835,77,True,1.2521247,0.0092059253,9869,False
0b_random_erasing_best,file,18,8564,146,145,144,143,0.47737527,0.62040967,0.31111112,0.30929855,146,True,45.439011,0.15488173,4485,False
0b_random_erasing_best,file,18,8881,152,151,173,172,0.048956204,0.95222282,0.010006418,0.94221641,152,True,8.5486015,0.0050811048,8564,False
0b_random_erasing_best,file,18,1058,20,19,162,161,0.43697894,0.64598507,0.22525176,0.4207333,20,True,53.235689,0.11998643,8881,False
0b_random_erasing_best,file,18,929,17,16,42,41,0.86815143,0.41972673,0.10658398,0.31314275,17,True,68.380161,-0.036237364,1058,False
0b_random_erasing_best,file,18,10633,181,180,18,17,0.66801691,0.51272434,0.24456802,0.26815632,181,True,87.840423,0.064423373,929,False
0b_random_erasing_best,file,18,6757,116,115,119,118,0.24280375,0.78442544,0.12899773,0.65542771,116,True,44.547908,0.034840955,10633,False
0b_random_erasing_best,file,18,3123,54,53,14,13,0.032159362,0.96835226,0.019836174,0.94851608,54,True,6.3961574,0.17970587,6757,False
0b_random_erasing_best,file,18,6283,108,107,107,106,0.15665968,0.85499501,0.031582996,0.82341202,108,True,26.744467,-0.085962623,3123,False
0b_random_erasing_best,file,18,3114,54,53,14,13,0.0072918464,0.99273467,0.0032225579,0.98951211,54,True,1.1696582,-0.045004382,6283,False
0b_random_erasing_best,file,18,11057,188,187,187,186,0.0051112459,0.99490178,0.0023420025,0.99255977,188,True,0.89262087,0.047327334,3114,False
0b_random_erasing_best,file,18,1103,20,19,200,199,0.57979584,0.5600127,0.14546691,0.41454579,20,True,46.44117,-0.031671809,11057,False
0b_random_erasing_best,file,18,9607,164,163,160,159,0.051828627,0.94949156,0.041660618,0.90783094,164,True,9.3263096,0.0055693413,1103,False
0b_random_erasing_best,file,18,1186,22,21,105,104,0.068474002,0.93381774,0.061445884,0.87237186,22,True,15.453615,-0.080352195,9607,False
0b_random_erasing_best,file,18,7585,130,129,196,195,4.1654634,0.015522519,0.1489353,-0.13341278,196,False,178.28079,-0.048708492,1186,False
0b_random_erasing_best,file,18,1286,23,22,9,8,3.0187292,0.048863266,0.15098663,-0.10212336,9,False,118.52674,-0.012350137,7585,False
0b_random_erasing_best,file,18,4426,76,75,79,78,0.75902987,0.46812034,0.086662807,0.38145753,76,True,82.299429,0.096244902,1286,False
0b_random_erasing_best,file,18,3621,63,62,85,84,0.64731306,0.52345037,0.060393259,0.46305712,63,True,96.453655,0.073102201,4426,False
0b_random_erasing_best,file,18,3866,67,66,80,79,0.11188223,0.89414954,0.018621361,0.87552818,67,True,16.336337,0.017978205,3621,False
0b_random_erasing_best,file,18,9639,164,163,153,152,3.0634255,0.046727363,0.26473597,-0.2180086,153,False,149.05476,-0.075389534,3866,False
0b_random_erasing_best,file,18,8083,138,137,111,110,0.043540694,0.95739359,0.0082466435,0.94914694,138,True,5.7630373,0.02783975,9639,False
0b_random_erasing_best,file,18,1436,26,25,9,8,0.29790318,0.74237323,0.051504858,0.69086837,26,True,41.348275,0.027544475,8083,False
0b_random_erasing_best,file,18,5050,87,86,16,15,0.30129257,0.73986131,0.030056652,0.70980466,87,True,37.867511,-0.0066705429,1436,False
0b_random_erasing_best,file,18,6935,119,118,67,66,2.7199111,0.065880626,0.078335136,-0.01245451,67,False,119.1353,0.10898458,5050,False
0b_random_erasing_best,file,18,11423,194,193,81,80,0.0085147666,0.99152136,0.00084393437,0.99067742,194,True,1.6319189,-0.074333422,6935,False
0b_random_erasing_best,file,18,11347,193,192,195,194,0.42939675,0.65090162,0.33252016,0.31838146,193,True,65.50306,0.10547925,11423,False
0b_random_erasing_best,file,18,10212,174,173,38,37,0.088597372,0.915214,0.010058626,0.90515538,174,True,11.278749,0.061424906,11347,False
0b_random_erasing_best,file,18,6587,113,112,115,114,0.023908524,0.97637504,0.0090771606,0.96729788,113,True,4.0005818,-0.05533063,10212,False
0b_random_erasing_best,file,18,6137,105,104,22,21,0.20531076,0.81439418,0.18503401,0.62936017,105,True,51.385754,0.15984433,6587,False
0b_random_erasing_best,file,18,11074,189,188,36,35,0.00096334296,0.99903715,0.00054145337,0.99849569,189,True,0.14385105,0.065174606,6137,False
0b_random_erasing_best,file,18,7561,129,128,131,130,0.03633808,0.96431422,0.012583675,0.95173055,129,True,8.292351,0.020999758,11074,False
0b_random_erasing_best,file,18,5796,99,98,183,182,0.048958361,0.9522208,0.0038227821,0.94839802,99,True,6.9504079,-0.039321007,7561,False
0b_random_erasing_best,file,18,2455,43,42,39,38,0.74097633,0.4766483,0.092646673,0.38400163,43,True,68.979285,-0.13658272,5796,False
0b_random_erasing_best,file,18,10437,178,177,195,194,0.60301805,0.54715776,0.32009989,0.22705787,178,True,120.83794,0.027029113,2455,False
0b_random_erasing_best,file,18,5857,100,99,23,22,0.15097283,0.85987109,0.039885815,0.81998527,100,True,26.417057,-0.061981053,10437,False
0b_random_erasing_best,file,18,3092,54,53,14,13,0.039318103,0.9614448,0.020845585,0.94059921,54,True,5.5258569,0.10042721,5857,False
0b_random_erasing_best,file,18,275,5,4,89,88,9.6319389,6.5599714e-05,0.98314697,-0.98308137,89,False,240.36391,0.07971854,3092,False
0b_random_erasing_best,file,18,823,15,14,14,13,0.075597964,0.92718887,0.010294776,0.9168941,15,True,9.2780057,-0.037076883,275,False
0b_random_erasing_best,file,18,10795,184,183,183,182,0.5572173,0.57280082,0.080604568,0.49219625,184,True,50.540131,0.079436784,823,False
0b_random_erasing_best,file,18,7766,133,132,132,131,0.29729518,0.74282473,0.06488543,0.6779393,133,True,45.249788,-0.096180046,10795,False
0b_random_erasing_best,file,18,744,14,13,54,53,0.61909938,0.53842914,0.30542663,0.23300251,14,True,80.115831,0.083840768,7766,False
0b_random_erasing_best,file,18,11685,199,198,196,195,1.121864,0.32567218,0.38628876,-0.060616583,196,False,110.43921,-0.035859792,744,False
0b_random_erasing_best,file,18,10734,183,182,184,183,0.024791673,0.9755131,0.010817271,0.96469583,183,True,2.7642495,0.044761332,11685,False
0b_random_erasing_best,file,18,3690,64,63,62,61,0.011818391,0.98825115,0.0085069491,0.9797442,64,True,1.9164086,0.062879542,10734,False
0b_random_erasing_best,file,18,9269,158,157,21,20,0.0024016842,0.99760121,0.0011608321,0.99644038,158,True,0.39956102,-0.050207079,3690,False
0b_random_erasing_best,file,18,5852,100,99,71,70,0.19981299,0.8188839,0.049498316,0.76938558,100,True,43.741655,-0.04266479,9269,False
0b_random_erasing_best,file,18,2966,52,51,50,49,0.028323675,0.97207367,0.011067729,0.96100595,52,True,4.7649073,0.10385985,5852,False
0b_random_erasing_best,file,18,2953,52,51,51,50,0.023053601,0.9772101,0.0082749836,0.96893512,52,True,4.2409589,0.41536873,2966,True
0b_random_erasing_best,file,18,6638,114,113,111,110,0.13320301,0.87528735,0.011317822,0.86396953,114,True,15.589089,0.046240976,2953,False
0b_random_erasing_best,file,18,8966,153,152,155,154,0.57333243,0.56364399,0.27372867,0.28991532,153,True,59.286427,-0.08602016,6638,False
0b_random_erasing_best,file,18,5646,97,96,30,29,0.96540618,0.38082847,0.22031465,0.16051382,97,True,129.59128,0.085179475,8966,False
0b_random_erasing_best,file,18,2734,48,47,132,131,0.0039301077,0.9960776,0.00076243689,0.99531516,48,True,0.53588418,0.058232134,5646,False
0b_random_erasing_best,file,18,3949,68,67,67,66,0.053884953,0.94754112,0.030405402,0.91713572,68,True,6.5566961,0.082377888,2734,False
0b_random_erasing_best,file,18,8324,142,141,30,29,1.7760615,0.16930363,0.17659204,-0.0072884113,30,False,147.83573,0.065724629,3949,False
0b_random_erasing_best,file,18,8209,140,139,139,138,0.011155143,0.98890686,0.0043296386,0.98457722,140,True,1.5542427,-0.031642544,8324,False
0b_random_erasing_best,file,18,11708,199,198,198,197,3.8061411,0.02223381,0.18585131,-0.1636175,198,False,111.78713,0.14308233,8209,False
0b_random_erasing_best,file,18,515,10,9,97,96,0.10436787,0.90089381,0.035656877,0.86523693,10,True,11.249058,-0.016289058,11708,False
0b_random_erasing_best,file,18,3542,61,60,64,63,0.30156177,0.73966211,0.056958523,0.68270359,61,True,42.210858,0.043981375,515,False
0b_random_erasing_best,file,18,11652,198,197,104,103,0.050262008,0.95098025,0.017824955,0.93315529,198,True,8.036024,-0.033302837,3542,False
0b_random_erasing_best,file,18,4289,74,73,40,39,6.0916862,0.0022615925,0.22461179,-0.2223502,40,False,141.268,0.20458123,11652,False
0b_random_erasing_best,file,18,4332,75,74,18,17,0.092656121,0.91150689,0.017232887,0.894274,75,True,13.34831,0.011290536,4289,False
0b_random_erasing_best,file,18,4183,72,71,1,0,0.065479919,0.93661785,0.013554812,0.92306304,72,True,10.23713,0.013648064,4332,False
0b_random_erasing_best,file,18,5357,92,91,105,104,5.2527161,0.0052332846,0.97516,-0.96992672,105,False,213.35625,0.023144658,4183,False
0b_random_erasing_best,file,18,10491,179,178,152,151,0.57460856,0.56292516,0.08380501,0.47912015,179,True,77.07893,0.1268573,5357,False
0b_random_erasing_best,file,18,1357,25,24,71,70,4.2336798,0.014498938,0.46876585,-0.45426692,71,False,249.68445,-0.1350093,10491,False
0b_random_erasing_best,file,18,9675,165,164,166,165,0.083541371,0.91985303,0.037769705,0.88208333,165,True,13.33827,0.027114455,1357,False
0b_random_erasing_best,file,18,570,11,10,9,8,1.6220008,0.19750313,0.6700722,-0.47256906,9,False,178.59429,-0.0069071731,9675,False
0b_random_erasing_best,file,18,862,16,15,14,13,0.014994766,0.98511708,0.0030298007,0.98208728,16,True,1.8821804,-0.065742413,570,False
0b_random_erasing_best,file,18,8466,145,144,146,145,0.083258748,0.92011303,0.021120107,0.89899292,145,True,8.9171794,0.03445274,862,False
0b_random_erasing_best,file,18,2787,49,48,9,8,1.8189409,0.16219744,0.24016002,-0.077962577,9,False,113.57741,-0.014981271,8466,False
0b_random_erasing_best,file,18,2661,47,46,180,179,0.0087728789,0.99126548,0.0039813472,0.98728413,47,True,1.1437664,-0.049825771,2787,False
0b_random_erasing_best,file,18,10932,186,185,111,110,3.3776438,0.034127772,0.4116987,-0.37757093,111,False,189.40718,0.015257699,2661,False
0b_random_erasing_best,file,18,7598,130,129,56,55,1.3698792,0.25413764,0.21858424,0.035553396,130,True,103.59897,0.086857298,10932,False
0b_random_erasing_best,file,18,5609,96,95,97,96,0.028223086,0.97217149,0.0058637322,0.96630775,96,True,3.5040998,0.016657756,7598,False
0b_random_erasing_best,file,18,7001,120,119,133,132,0.0091345264,0.99090707,0.001504062,0.98940301,120,True,1.4776969,0.0094059165,5609,False
0b_random_erasing_best,file,18,7653,131,130,121,120,0.046424937,0.95463622,0.016382825,0.93825339,131,True,6.9551543,0.29445227,7001,False
0b_random_erasing_best,file,18,9715,166,165,165,164,0.045951638,0.95508814,0.017015712,0.93807243,166,True,6.8643616,-0.028208957,7653,False
0b_random_erasing_best,file,18,7616,130,129,115,114,3.5875697,0.027665481,0.31066772,-0.28300224,115,False,143.5368,-0.016467099,9715,False
0b_random_erasing_best,file,18,1905,34,33,137,136,0.017988516,0.98217231,0.0033656438,0.97880667,34,True,2.5719052,-0.011908345,7616,False
0b_random_erasing_best,file,18,5621,96,95,97,96,0.029490372,0.97094023,0.0059306328,0.9650096,96,True,3.4257345,-0.10583291,1905,False
