2026-08-26 09:41:25 | INFO    | cicps | Logging to D:\Projects\cicps-augmentation\outputs\experiment_0b\logs\train.log
2026-08-26 09:41:25 | INFO    | cicps.train_policies | Configuration: D:\Projects\cicps-augmentation\config\experiment_0b.yaml
2026-08-26 09:41:25 | INFO    | cicps.train_policies | Experiment: experiment_0b
2026-08-26 09:41:25 | INFO    | cicps.seeding | Seeded RNGs with master seed 42 (cudnn.deterministic=True, cudnn.benchmark=False, deterministic_algorithms=False)
2026-08-26 09:41:25 | INFO    | cicps.device | Device: cuda (NVIDIA GeForce RTX 3050 Laptop GPU, 4.0 GB)
2026-08-26 09:41:25 | INFO    | cicps.cub | Loaded CUB metadata from D:\Projects\cicps-augmentation\data\CUB_200_2011: 11788 images, 200 classes, 5994 official train, 5794 official test (locked).
2026-08-26 09:41:25 | INFO    | cicps.splits | Loaded internal split from D:\Projects\cicps-augmentation\outputs\experiment_0a\splits\internal_split.json: 5394 train / 600 val (seed=42).
2026-08-26 09:41:25 | INFO    | cicps.train_policies | Internal split 2c3a0390542d2a57: 5394 train / 600 val images from the official train portion (official test set locked, 5794 images untouched).
2026-08-26 09:41:25 | INFO    | cicps.train_policies | Declared policies (6): baseline, baseline_color_jitter, baseline_rotation, baseline_crop, baseline_gaussian_blur, baseline_random_erasing
2026-08-26 09:41:25 | INFO    | cicps.train_policies | === policy 1/6: baseline === baseline recipe only (reference arm)
2026-08-26 09:41:25 | INFO    | cicps | Also logging this run to D:\Projects\cicps-augmentation\outputs\experiment_0b\logs\train_baseline.log
2026-08-26 09:41:25 | INFO    | cicps.train_policies | policy       : baseline
2026-08-26 09:41:25 | INFO    | cicps.train_policies | description  : Reference arm. The standard recipe only: RandomResizedCrop(0.7-1.0) + HorizontalFlip(p=0.5). No audited transformation is added.
2026-08-26 09:41:25 | INFO    | cicps.train_policies | audit link   : (reference arm)
2026-08-26 09:41:25 | INFO    | cicps.train_policies | master seed  : 42 -> resolved policy seed 1880975077
2026-08-26 09:41:25 | INFO    | cicps.train_policies | device       : cuda
2026-08-26 09:41:25 | INFO    | cicps.train_policies | split        : fingerprint 2c3a0390542d2a57 (seed 42)
2026-08-26 09:41:25 | INFO    | cicps.train_policies | train / val  : 5394 / 600 images
2026-08-26 09:41:25 | INFO    | cicps.train_policies | architecture : resnet18 (weights IMAGENET1K_V1, pretrained=True)
2026-08-26 09:41:25 | INFO    | cicps.train_policies | optimizer    : adamw lr=0.0003 weight_decay=0.05
2026-08-26 09:41:25 | INFO    | cicps.train_policies | scheduler    : cosine (warmup 1 epochs, min_lr 1e-06)
2026-08-26 09:41:25 | INFO    | cicps.train_policies | budget       : 20 epochs, batch_size 32, monitor val_top1 (max)
2026-08-26 09:41:25 | INFO    | cicps.train_policies | pipeline     : {"crop": {"kind": "RandomResizedCrop", "repr": "RandomResizedCrop(size=(224, 224), scale=(0.7, 1.0), ratio=(0.75, 1.3333), interpolation=bilinear, antialias=True)", "size": [224, 224], "scale": [0.7, 1.0], "ratio": [0.75, 1.3333]}, "flip": {"kind": "RandomHorizontalFlip", "repr": "RandomHorizontalFlip(p=0.5)", "p": 0.5}, "normalize": {"mean": [0.485, 0.456, 0.406], "std": [0.229, 0.224, 0.225]}, "added_transform": null}
2026-08-26 09:41:25 | INFO    | cicps.train_policies | Seeding model initialisation from the master seed 42 so every policy starts identically.
2026-08-26 09:41:25 | INFO    | cicps.seeding | Re-seeded RNGs for this run with seed 42.
2026-08-26 09:41:25 | INFO    | cicps.factory | Built resnet18 (pretrained=True, weights=IMAGENET1K_V1, feature_dim=512, num_classes=200, params=11.28M).
2026-08-26 09:41:25 | INFO    | cicps.trainer | Train loader: 5394 images, batch_size=32, workers=4.
2026-08-26 09:41:25 | INFO    | cicps.trainer | Val loader: 600 images, batch_size=64, workers=4.
2026-08-26 09:41:25 | INFO    | cicps.train_policies | Handing the RNG to this policy's own stream (seed 1880975077) for shuffling and augmentation sampling.
2026-08-26 09:41:25 | INFO    | cicps.seeding | Re-seeded RNGs for this run with seed 1880975077.
2026-08-26 09:41:25 | INFO    | cicps.trainer | Training run 'baseline' for 20 epoch(s) on cuda (seed 1880975077).
2026-08-26 09:42:23 | INFO    | cicps.trainer | [baseline] epoch  1/20 | lr 3.00e-04 | train loss 3.7798 top1 0.2343 top5 0.4959 | val loss 2.4829 top1 0.4200 top5 0.7833 | 57.5s
2026-08-26 09:42:24 | INFO    | cicps.checkpoint | Saved checkpoint to D:\Projects\cicps-augmentation\outputs\experiment_0b\checkpoints\baseline\best.pt (epoch 0, train_loss=3.7798, train_top1=0.2343, train_top5=0.4959, val_loss=2.4829, val_top1=0.4200, val_top5=0.7833).
2026-08-26 09:42:24 | INFO    | cicps.checkpoint | Saved checkpoint to D:\Projects\cicps-augmentation\outputs\experiment_0b\checkpoints\baseline\last.pt (epoch 0, train_loss=3.7798, train_top1=0.2343, train_top5=0.4959, val_loss=2.4829, val_top1=0.4200, val_top5=0.7833).
2026-08-26 09:42:39 | INFO    | cicps.trainer | [baseline] epoch  2/20 | lr 3.00e-04 | train loss 1.8853 top1 0.5908 top5 0.8767 | val loss 1.8298 top1 0.5750 top5 0.8533 | 14.3s
2026-08-26 09:42:39 | INFO    | cicps.checkpoint | Saved checkpoint to D:\Projects\cicps-augmentation\outputs\experiment_0b\checkpoints\baseline\best.pt (epoch 1, train_loss=1.8853, train_top1=0.5908, train_top5=0.8767, val_loss=1.8298, val_top1=0.5750, val_top5=0.8533).
2026-08-26 09:42:40 | INFO    | cicps.checkpoint | Saved checkpoint to D:\Projects\cicps-augmentation\outputs\experiment_0b\checkpoints\baseline\last.pt (epoch 1, train_loss=1.8853, train_top1=0.5908, train_top5=0.8767, val_loss=1.8298, val_top1=0.5750, val_top5=0.8533).
2026-08-26 09:42:54 | INFO    | cicps.trainer | [baseline] epoch  3/20 | lr 2.98e-04 | train loss 1.1490 top1 0.7447 top5 0.9529 | val loss 1.5061 top1 0.6083 top5 0.8567 | 14.1s
2026-08-26 09:42:55 | INFO    | cicps.checkpoint | Saved checkpoint to D:\Projects\cicps-augmentation\outputs\experiment_0b\checkpoints\baseline\best.pt (epoch 2, train_loss=1.1490, train_top1=0.7447, train_top5=0.9529, val_loss=1.5061, val_top1=0.6083, val_top5=0.8567).
2026-08-26 09:42:56 | INFO    | cicps.checkpoint | Saved checkpoint to D:\Projects\cicps-augmentation\outputs\experiment_0b\checkpoints\baseline\last.pt (epoch 2, train_loss=1.1490, train_top1=0.7447, train_top5=0.9529, val_loss=1.5061, val_top1=0.6083, val_top5=0.8567).
2026-08-26 09:43:11 | INFO    | cicps.trainer | [baseline] epoch  4/20 | lr 2.92e-04 | train loss 0.7527 top1 0.8319 top5 0.9813 | val loss 1.3447 top1 0.6467 top5 0.8983 | 15.3s
2026-08-26 09:43:12 | INFO    | cicps.checkpoint | Saved checkpoint to D:\Projects\cicps-augmentation\outputs\experiment_0b\checkpoints\baseline\best.pt (epoch 3, train_loss=0.7527, train_top1=0.8319, train_top5=0.9813, val_loss=1.3447, val_top1=0.6467, val_top5=0.8983).
2026-08-26 09:43:12 | INFO    | cicps.checkpoint | Saved checkpoint to D:\Projects\cicps-augmentation\outputs\experiment_0b\checkpoints\baseline\last.pt (epoch 3, train_loss=0.7527, train_top1=0.8319, train_top5=0.9813, val_loss=1.3447, val_top1=0.6467, val_top5=0.8983).
2026-08-26 09:43:27 | INFO    | cicps.trainer | [baseline] epoch  5/20 | lr 2.82e-04 | train loss 0.4772 top1 0.9025 top5 0.9917 | val loss 1.5057 top1 0.6250 top5 0.8700 | 15.0s
2026-08-26 09:43:28 | INFO    | cicps.checkpoint | Saved checkpoint to D:\Projects\cicps-augmentation\outputs\experiment_0b\checkpoints\baseline\last.pt (epoch 4, train_loss=0.4772, train_top1=0.9025, train_top5=0.9917, val_loss=1.5057, val_top1=0.6250, val_top5=0.8700).
2026-08-26 09:43:43 | INFO    | cicps.trainer | [baseline] epoch  6/20 | lr 2.68e-04 | train loss 0.2998 top1 0.9418 top5 0.9985 | val loss 1.3166 top1 0.6750 top5 0.8983 | 15.3s
2026-08-26 09:43:44 | INFO    | cicps.checkpoint | Saved checkpoint to D:\Projects\cicps-augmentation\outputs\experiment_0b\checkpoints\baseline\best.pt (epoch 5, train_loss=0.2998, train_top1=0.9418, train_top5=0.9985, val_loss=1.3166, val_top1=0.6750, val_top5=0.8983).
2026-08-26 09:43:44 | INFO    | cicps.checkpoint | Saved checkpoint to D:\Projects\cicps-augmentation\outputs\experiment_0b\checkpoints\baseline\last.pt (epoch 5, train_loss=0.2998, train_top1=0.9418, train_top5=0.9985, val_loss=1.3166, val_top1=0.6750, val_top5=0.8983).
2026-08-26 09:44:00 | INFO    | cicps.trainer | [baseline] epoch  7/20 | lr 2.52e-04 | train loss 0.1878 top1 0.9727 top5 1.0000 | val loss 1.2033 top1 0.6983 top5 0.9000 | 15.8s
2026-08-26 09:44:01 | INFO    | cicps.checkpoint | Saved checkpoint to D:\Projects\cicps-augmentation\outputs\experiment_0b\checkpoints\baseline\best.pt (epoch 6, train_loss=0.1878, train_top1=0.9727, train_top5=1.0000, val_loss=1.2033, val_top1=0.6983, val_top5=0.9000).
2026-08-26 09:44:01 | INFO    | cicps.checkpoint | Saved checkpoint to D:\Projects\cicps-augmentation\outputs\experiment_0b\checkpoints\baseline\last.pt (epoch 6, train_loss=0.1878, train_top1=0.9727, train_top5=1.0000, val_loss=1.2033, val_top1=0.6983, val_top5=0.9000).
2026-08-26 09:44:20 | INFO    | cicps.trainer | [baseline] epoch  8/20 | lr 2.32e-04 | train loss 0.1239 top1 0.9824 top5 0.9998 | val loss 1.1374 top1 0.7150 top5 0.9117 | 18.5s
2026-08-26 09:44:21 | INFO    | cicps.checkpoint | Saved checkpoint to D:\Projects\cicps-augmentation\outputs\experiment_0b\checkpoints\baseline\best.pt (epoch 7, train_loss=0.1239, train_top1=0.9824, train_top5=0.9998, val_loss=1.1374, val_top1=0.7150, val_top5=0.9117).
2026-08-26 09:44:22 | INFO    | cicps.checkpoint | Saved checkpoint to D:\Projects\cicps-augmentation\outputs\experiment_0b\checkpoints\baseline\last.pt (epoch 7, train_loss=0.1239, train_top1=0.9824, train_top5=0.9998, val_loss=1.1374, val_top1=0.7150, val_top5=0.9117).
2026-08-26 09:44:39 | INFO    | cicps.trainer | [baseline] epoch  9/20 | lr 2.11e-04 | train loss 0.0722 top1 0.9952 top5 1.0000 | val loss 1.0524 top1 0.7300 top5 0.9183 | 17.8s
2026-08-26 09:44:40 | INFO    | cicps.checkpoint | Saved checkpoint to D:\Projects\cicps-augmentation\outputs\experiment_0b\checkpoints\baseline\best.pt (epoch 8, train_loss=0.0722, train_top1=0.9952, train_top5=1.0000, val_loss=1.0524, val_top1=0.7300, val_top5=0.9183).
2026-08-26 09:44:41 | INFO    | cicps.checkpoint | Saved checkpoint to D:\Projects\cicps-augmentation\outputs\experiment_0b\checkpoints\baseline\last.pt (epoch 8, train_loss=0.0722, train_top1=0.9952, train_top5=1.0000, val_loss=1.0524, val_top1=0.7300, val_top5=0.9183).
2026-08-26 09:44:58 | INFO    | cicps.trainer | [baseline] epoch 10/20 | lr 1.87e-04 | train loss 0.0500 top1 0.9963 top5 1.0000 | val loss 1.0175 top1 0.7267 top5 0.9333 | 17.8s
2026-08-26 09:44:59 | INFO    | cicps.checkpoint | Saved checkpoint to D:\Projects\cicps-augmentation\outputs\experiment_0b\checkpoints\baseline\last.pt (epoch 9, train_loss=0.0500, train_top1=0.9963, train_top5=1.0000, val_loss=1.0175, val_top1=0.7267, val_top5=0.9333).
2026-08-26 09:45:15 | INFO    | cicps.trainer | [baseline] epoch 11/20 | lr 1.63e-04 | train loss 0.0327 top1 0.9991 top5 1.0000 | val loss 1.0133 top1 0.7533 top5 0.9233 | 15.8s
2026-08-26 09:45:16 | INFO    | cicps.checkpoint | Saved checkpoint to D:\Projects\cicps-augmentation\outputs\experiment_0b\checkpoints\baseline\best.pt (epoch 10, train_loss=0.0327, train_top1=0.9991, train_top5=1.0000, val_loss=1.0133, val_top1=0.7533, val_top5=0.9233).
2026-08-26 09:45:16 | INFO    | cicps.checkpoint | Saved checkpoint to D:\Projects\cicps-augmentation\outputs\experiment_0b\checkpoints\baseline\last.pt (epoch 10, train_loss=0.0327, train_top1=0.9991, train_top5=1.0000, val_loss=1.0133, val_top1=0.7533, val_top5=0.9233).
2026-08-26 09:45:35 | INFO    | cicps.trainer | [baseline] epoch 12/20 | lr 1.38e-04 | train loss 0.0245 top1 0.9993 top5 1.0000 | val loss 0.9630 top1 0.7683 top5 0.9233 | 19.0s
2026-08-26 09:45:36 | INFO    | cicps.checkpoint | Saved checkpoint to D:\Projects\cicps-augmentation\outputs\experiment_0b\checkpoints\baseline\best.pt (epoch 11, train_loss=0.0245, train_top1=0.9993, train_top5=1.0000, val_loss=0.9630, val_top1=0.7683, val_top5=0.9233).
2026-08-26 09:45:37 | INFO    | cicps.checkpoint | Saved checkpoint to D:\Projects\cicps-augmentation\outputs\experiment_0b\checkpoints\baseline\last.pt (epoch 11, train_loss=0.0245, train_top1=0.9993, train_top5=1.0000, val_loss=0.9630, val_top1=0.7683, val_top5=0.9233).
2026-08-26 09:45:53 | INFO    | cicps.trainer | [baseline] epoch 13/20 | lr 1.14e-04 | train loss 0.0188 top1 0.9994 top5 1.0000 | val loss 0.9491 top1 0.7750 top5 0.9300 | 16.2s
2026-08-26 09:45:53 | INFO    | cicps.checkpoint | Saved checkpoint to D:\Projects\cicps-augmentation\outputs\experiment_0b\checkpoints\baseline\best.pt (epoch 12, train_loss=0.0188, train_top1=0.9994, train_top5=1.0000, val_loss=0.9491, val_top1=0.7750, val_top5=0.9300).
2026-08-26 09:45:53 | INFO    | cicps.checkpoint | Saved checkpoint to D:\Projects\cicps-augmentation\outputs\experiment_0b\checkpoints\baseline\last.pt (epoch 12, train_loss=0.0188, train_top1=0.9994, train_top5=1.0000, val_loss=0.9491, val_top1=0.7750, val_top5=0.9300).
2026-08-26 09:46:10 | INFO    | cicps.trainer | [baseline] epoch 14/20 | lr 9.04e-05 | train loss 0.0145 top1 0.9996 top5 1.0000 | val loss 0.9187 top1 0.7817 top5 0.9300 | 16.9s
2026-08-26 09:46:11 | INFO    | cicps.checkpoint | Saved checkpoint to D:\Projects\cicps-augmentation\outputs\experiment_0b\checkpoints\baseline\best.pt (epoch 13, train_loss=0.0145, train_top1=0.9996, train_top5=1.0000, val_loss=0.9187, val_top1=0.7817, val_top5=0.9300).
2026-08-26 09:46:12 | INFO    | cicps.checkpoint | Saved checkpoint to D:\Projects\cicps-augmentation\outputs\experiment_0b\checkpoints\baseline\last.pt (epoch 13, train_loss=0.0145, train_top1=0.9996, train_top5=1.0000, val_loss=0.9187, val_top1=0.7817, val_top5=0.9300).
2026-08-26 09:46:32 | INFO    | cicps.trainer | [baseline] epoch 15/20 | lr 6.87e-05 | train loss 0.0126 top1 1.0000 top5 1.0000 | val loss 0.9150 top1 0.7683 top5 0.9317 | 19.7s
2026-08-26 09:46:33 | INFO    | cicps.checkpoint | Saved checkpoint to D:\Projects\cicps-augmentation\outputs\experiment_0b\checkpoints\baseline\last.pt (epoch 14, train_loss=0.0126, train_top1=1.0000, train_top5=1.0000, val_loss=0.9150, val_top1=0.7683, val_top5=0.9317).
2026-08-26 09:46:52 | INFO    | cicps.trainer | [baseline] epoch 16/20 | lr 4.92e-05 | train loss 0.0121 top1 1.0000 top5 1.0000 | val loss 0.9179 top1 0.7650 top5 0.9300 | 19.1s
2026-08-26 09:46:53 | INFO    | cicps.checkpoint | Saved checkpoint to D:\Projects\cicps-augmentation\outputs\experiment_0b\checkpoints\baseline\last.pt (epoch 15, train_loss=0.0121, train_top1=1.0000, train_top5=1.0000, val_loss=0.9179, val_top1=0.7650, val_top5=0.9300).
2026-08-26 09:47:10 | INFO    | cicps.trainer | [baseline] epoch 17/20 | lr 3.25e-05 | train loss 0.0104 top1 0.9998 top5 1.0000 | val loss 0.9257 top1 0.7667 top5 0.9350 | 16.5s
2026-08-26 09:47:10 | INFO    | cicps.checkpoint | Saved checkpoint to D:\Projects\cicps-augmentation\outputs\experiment_0b\checkpoints\baseline\last.pt (epoch 16, train_loss=0.0104, train_top1=0.9998, train_top5=1.0000, val_loss=0.9257, val_top1=0.7667, val_top5=0.9350).
2026-08-26 09:47:27 | INFO    | cicps.trainer | [baseline] epoch 18/20 | lr 1.90e-05 | train loss 0.0098 top1 1.0000 top5 1.0000 | val loss 0.9111 top1 0.7617 top5 0.9350 | 17.3s
2026-08-26 09:47:28 | INFO    | cicps.checkpoint | Saved checkpoint to D:\Projects\cicps-augmentation\outputs\experiment_0b\checkpoints\baseline\last.pt (epoch 17, train_loss=0.0098, train_top1=1.0000, train_top5=1.0000, val_loss=0.9111, val_top1=0.7617, val_top5=0.9350).
2026-08-26 09:47:46 | INFO    | cicps.trainer | [baseline] epoch 19/20 | lr 9.10e-06 | train loss 0.0096 top1 1.0000 top5 1.0000 | val loss 0.9086 top1 0.7717 top5 0.9300 | 17.9s
2026-08-26 09:47:47 | INFO    | cicps.checkpoint | Saved checkpoint to D:\Projects\cicps-augmentation\outputs\experiment_0b\checkpoints\baseline\last.pt (epoch 18, train_loss=0.0096, train_top1=1.0000, train_top5=1.0000, val_loss=0.9086, val_top1=0.7717, val_top5=0.9300).
2026-08-26 09:48:05 | INFO    | cicps.trainer | [baseline] epoch 20/20 | lr 3.04e-06 | train loss 0.0093 top1 1.0000 top5 1.0000 | val loss 0.9112 top1 0.7717 top5 0.9333 | 18.2s
2026-08-26 09:48:06 | INFO    | cicps.checkpoint | Saved checkpoint to D:\Projects\cicps-augmentation\outputs\experiment_0b\checkpoints\baseline\last.pt (epoch 19, train_loss=0.0093, train_top1=1.0000, train_top5=1.0000, val_loss=0.9112, val_top1=0.7717, val_top5=0.9333).
2026-08-26 09:48:06 | INFO    | cicps.trainer | Wrote training history to D:\Projects\cicps-augmentation\outputs\experiment_0b\logs\history\baseline.csv
2026-08-26 09:48:06 | INFO    | cicps.trainer | [baseline] best val_top1 = 0.7817 at epoch 14; best checkpoint: D:\Projects\cicps-augmentation\outputs\experiment_0b\checkpoints\baseline\best.pt
2026-08-26 09:48:09 | INFO    | cicps.train_policies | === policy 2/6: baseline_color_jitter === baseline + color_jitter(p=0.5, params={'brightness': 0.4, 'contrast': 0.4, 'saturation': 0.4, 'hue': 0.1})
2026-08-26 09:48:09 | INFO    | cicps | Also logging this run to D:\Projects\cicps-augmentation\outputs\experiment_0b\logs\train_baseline_color_jitter.log
2026-08-26 09:48:09 | INFO    | cicps.train_policies | policy       : baseline_color_jitter
2026-08-26 09:48:09 | INFO    | cicps.train_policies | description  : Standard recipe plus Experiment 0A's colour jitter.
2026-08-26 09:48:09 | INFO    | cicps.train_policies | audit link   : color_jitter
2026-08-26 09:48:09 | INFO    | cicps.train_policies | master seed  : 42 -> resolved policy seed 503065231
2026-08-26 09:48:09 | INFO    | cicps.train_policies | device       : cuda
2026-08-26 09:48:09 | INFO    | cicps.train_policies | split        : fingerprint 2c3a0390542d2a57 (seed 42)
2026-08-26 09:48:09 | INFO    | cicps.train_policies | train / val  : 5394 / 600 images
2026-08-26 09:48:09 | INFO    | cicps.train_policies | architecture : resnet18 (weights IMAGENET1K_V1, pretrained=True)
2026-08-26 09:48:09 | INFO    | cicps.train_policies | optimizer    : adamw lr=0.0003 weight_decay=0.05
2026-08-26 09:48:09 | INFO    | cicps.train_policies | scheduler    : cosine (warmup 1 epochs, min_lr 1e-06)
2026-08-26 09:48:09 | INFO    | cicps.train_policies | budget       : 20 epochs, batch_size 32, monitor val_top1 (max)
2026-08-26 09:48:09 | INFO    | cicps.train_policies | pipeline     : {"crop": {"kind": "RandomResizedCrop", "repr": "RandomResizedCrop(size=(224, 224), scale=(0.7, 1.0), ratio=(0.75, 1.3333), interpolation=bilinear, antialias=True)", "size": [224, 224], "scale": [0.7, 1.0], "ratio": [0.75, 1.3333]}, "flip": {"kind": "RandomHorizontalFlip", "repr": "RandomHorizontalFlip(p=0.5)", "p": 0.5}, "normalize": {"mean": [0.485, 0.456, 0.406], "std": [0.229, 0.224, 0.225]}, "added_transform": {"name": "color_jitter", "type": "color_jitter", "params": {"brightness": 0.4, "contrast": 0.4, "saturation": 0.4, "hue": 0.1}, "application_probability": 0.5}}
2026-08-26 09:48:09 | INFO    | cicps.train_policies | Seeding model initialisation from the master seed 42 so every policy starts identically.
2026-08-26 09:48:09 | INFO    | cicps.seeding | Re-seeded RNGs for this run with seed 42.
2026-08-26 09:48:09 | INFO    | cicps.factory | Built resnet18 (pretrained=True, weights=IMAGENET1K_V1, feature_dim=512, num_classes=200, params=11.28M).
2026-08-26 09:48:09 | INFO    | cicps.trainer | Train loader: 5394 images, batch_size=32, workers=4.
2026-08-26 09:48:09 | INFO    | cicps.trainer | Val loader: 600 images, batch_size=64, workers=4.
2026-08-26 09:48:09 | INFO    | cicps.train_policies | Handing the RNG to this policy's own stream (seed 503065231) for shuffling and augmentation sampling.
2026-08-26 09:48:09 | INFO    | cicps.seeding | Re-seeded RNGs for this run with seed 503065231.
2026-08-26 09:48:09 | INFO    | cicps.trainer | Training run 'baseline_color_jitter' for 20 epoch(s) on cuda (seed 503065231).
2026-08-26 09:49:13 | INFO    | cicps.trainer | [baseline_color_jitter] epoch  1/20 | lr 3.00e-04 | train loss 3.9743 top1 0.1856 top5 0.4257 | val loss 2.7931 top1 0.3467 top5 0.6867 | 63.6s
2026-08-26 09:49:13 | INFO    | cicps.checkpoint | Saved checkpoint to D:\Projects\cicps-augmentation\outputs\experiment_0b\checkpoints\baseline_color_jitter\best.pt (epoch 0, train_loss=3.9743, train_top1=0.1856, train_top5=0.4257, val_loss=2.7931, val_top1=0.3467, val_top5=0.6867).
2026-08-26 09:49:13 | INFO    | cicps.checkpoint | Saved checkpoint to D:\Projects\cicps-augmentation\outputs\experiment_0b\checkpoints\baseline_color_jitter\last.pt (epoch 0, train_loss=3.9743, train_top1=0.1856, train_top5=0.4257, val_loss=2.7931, val_top1=0.3467, val_top5=0.6867).
2026-08-26 09:49:31 | INFO    | cicps.trainer | [baseline_color_jitter] epoch  2/20 | lr 3.00e-04 | train loss 2.1851 top1 0.5152 top5 0.8276 | val loss 2.1438 top1 0.4683 top5 0.7917 | 17.2s
2026-08-26 09:49:31 | INFO    | cicps.checkpoint | Saved checkpoint to D:\Projects\cicps-augmentation\outputs\experiment_0b\checkpoints\baseline_color_jitter\best.pt (epoch 1, train_loss=2.1851, train_top1=0.5152, train_top5=0.8276, val_loss=2.1438, val_top1=0.4683, val_top5=0.7917).
2026-08-26 09:49:32 | INFO    | cicps.checkpoint | Saved checkpoint to D:\Projects\cicps-augmentation\outputs\experiment_0b\checkpoints\baseline_color_jitter\last.pt (epoch 1, train_loss=2.1851, train_top1=0.5152, train_top5=0.8276, val_loss=2.1438, val_top1=0.4683, val_top5=0.7917).
2026-08-26 09:49:50 | INFO    | cicps.trainer | [baseline_color_jitter] epoch  3/20 | lr 2.98e-04 | train loss 1.4072 top1 0.6780 top5 0.9264 | val loss 1.6875 top1 0.5500 top5 0.8650 | 18.6s
2026-08-26 09:49:51 | INFO    | cicps.checkpoint | Saved checkpoint to D:\Projects\cicps-augmentation\outputs\experiment_0b\checkpoints\baseline_color_jitter\best.pt (epoch 2, train_loss=1.4072, train_top1=0.6780, train_top5=0.9264, val_loss=1.6875, val_top1=0.5500, val_top5=0.8650).
2026-08-26 09:49:51 | INFO    | cicps.checkpoint | Saved checkpoint to D:\Projects\cicps-augmentation\outputs\experiment_0b\checkpoints\baseline_color_jitter\last.pt (epoch 2, train_loss=1.4072, train_top1=0.6780, train_top5=0.9264, val_loss=1.6875, val_top1=0.5500, val_top5=0.8650).
2026-08-26 09:50:10 | INFO    | cicps.trainer | [baseline_color_jitter] epoch  4/20 | lr 2.92e-04 | train loss 0.9616 top1 0.7785 top5 0.9637 | val loss 1.5743 top1 0.5667 top5 0.8750 | 19.1s
2026-08-26 09:50:11 | INFO    | cicps.checkpoint | Saved checkpoint to D:\Projects\cicps-augmentation\outputs\experiment_0b\checkpoints\baseline_color_jitter\best.pt (epoch 3, train_loss=0.9616, train_top1=0.7785, train_top5=0.9637, val_loss=1.5743, val_top1=0.5667, val_top5=0.8750).
2026-08-26 09:50:11 | INFO    | cicps.checkpoint | Saved checkpoint to D:\Projects\cicps-augmentation\outputs\experiment_0b\checkpoints\baseline_color_jitter\last.pt (epoch 3, train_loss=0.9616, train_top1=0.7785, train_top5=0.9637, val_loss=1.5743, val_top1=0.5667, val_top5=0.8750).
2026-08-26 09:50:29 | INFO    | cicps.trainer | [baseline_color_jitter] epoch  5/20 | lr 2.82e-04 | train loss 0.6756 top1 0.8435 top5 0.9844 | val loss 1.3558 top1 0.6283 top5 0.8833 | 18.4s
2026-08-26 09:50:30 | INFO    | cicps.checkpoint | Saved checkpoint to D:\Projects\cicps-augmentation\outputs\experiment_0b\checkpoints\baseline_color_jitter\best.pt (epoch 4, train_loss=0.6756, train_top1=0.8435, train_top5=0.9844, val_loss=1.3558, val_top1=0.6283, val_top5=0.8833).
2026-08-26 09:50:30 | INFO    | cicps.checkpoint | Saved checkpoint to D:\Projects\cicps-augmentation\outputs\experiment_0b\checkpoints\baseline_color_jitter\last.pt (epoch 4, train_loss=0.6756, train_top1=0.8435, train_top5=0.9844, val_loss=1.3558, val_top1=0.6283, val_top5=0.8833).
2026-08-26 09:50:49 | INFO    | cicps.trainer | [baseline_color_jitter] epoch  6/20 | lr 2.68e-04 | train loss 0.4825 top1 0.8941 top5 0.9928 | val loss 1.4423 top1 0.6017 top5 0.8650 | 19.0s
2026-08-26 09:50:49 | INFO    | cicps.checkpoint | Saved checkpoint to D:\Projects\cicps-augmentation\outputs\experiment_0b\checkpoints\baseline_color_jitter\last.pt (epoch 5, train_loss=0.4825, train_top1=0.8941, train_top5=0.9928, val_loss=1.4423, val_top1=0.6017, val_top5=0.8650).
2026-08-26 09:51:08 | INFO    | cicps.trainer | [baseline_color_jitter] epoch  7/20 | lr 2.52e-04 | train loss 0.3442 top1 0.9347 top5 0.9967 | val loss 1.2949 top1 0.6733 top5 0.8900 | 19.1s
2026-08-26 09:51:08 | INFO    | cicps.checkpoint | Saved checkpoint to D:\Projects\cicps-augmentation\outputs\experiment_0b\checkpoints\baseline_color_jitter\best.pt (epoch 6, train_loss=0.3442, train_top1=0.9347, train_top5=0.9967, val_loss=1.2949, val_top1=0.6733, val_top5=0.8900).
2026-08-26 09:51:09 | INFO    | cicps.checkpoint | Saved checkpoint to D:\Projects\cicps-augmentation\outputs\experiment_0b\checkpoints\baseline_color_jitter\last.pt (epoch 6, train_loss=0.3442, train_top1=0.9347, train_top5=0.9967, val_loss=1.2949, val_top1=0.6733, val_top5=0.8900).
2026-08-26 09:51:28 | INFO    | cicps.trainer | [baseline_color_jitter] epoch  8/20 | lr 2.32e-04 | train loss 0.2426 top1 0.9574 top5 0.9985 | val loss 1.3267 top1 0.6467 top5 0.8933 | 19.4s
2026-08-26 09:51:28 | INFO    | cicps.checkpoint | Saved checkpoint to D:\Projects\cicps-augmentation\outputs\experiment_0b\checkpoints\baseline_color_jitter\last.pt (epoch 7, train_loss=0.2426, train_top1=0.9574, train_top5=0.9985, val_loss=1.3267, val_top1=0.6467, val_top5=0.8933).
2026-08-26 09:51:48 | INFO    | cicps.trainer | [baseline_color_jitter] epoch  9/20 | lr 2.11e-04 | train loss 0.1705 top1 0.9735 top5 0.9994 | val loss 1.1192 top1 0.6917 top5 0.9167 | 19.4s
2026-08-26 09:51:48 | INFO    | cicps.checkpoint | Saved checkpoint to D:\Projects\cicps-augmentation\outputs\experiment_0b\checkpoints\baseline_color_jitter\best.pt (epoch 8, train_loss=0.1705, train_top1=0.9735, train_top5=0.9994, val_loss=1.1192, val_top1=0.6917, val_top5=0.9167).
2026-08-26 09:51:48 | INFO    | cicps.checkpoint | Saved checkpoint to D:\Projects\cicps-augmentation\outputs\experiment_0b\checkpoints\baseline_color_jitter\last.pt (epoch 8, train_loss=0.1705, train_top1=0.9735, train_top5=0.9994, val_loss=1.1192, val_top1=0.6917, val_top5=0.9167).
2026-08-26 09:52:08 | INFO    | cicps.trainer | [baseline_color_jitter] epoch 10/20 | lr 1.87e-04 | train loss 0.1034 top1 0.9872 top5 0.9998 | val loss 1.1256 top1 0.7050 top5 0.9100 | 19.5s
2026-08-26 09:52:08 | INFO    | cicps.checkpoint | Saved checkpoint to D:\Projects\cicps-augmentation\outputs\experiment_0b\checkpoints\baseline_color_jitter\best.pt (epoch 9, train_loss=0.1034, train_top1=0.9872, train_top5=0.9998, val_loss=1.1256, val_top1=0.7050, val_top5=0.9100).
2026-08-26 09:52:08 | INFO    | cicps.checkpoint | Saved checkpoint to D:\Projects\cicps-augmentation\outputs\experiment_0b\checkpoints\baseline_color_jitter\last.pt (epoch 9, train_loss=0.1034, train_top1=0.9872, train_top5=0.9998, val_loss=1.1256, val_top1=0.7050, val_top5=0.9100).
2026-08-26 09:52:27 | INFO    | cicps.trainer | [baseline_color_jitter] epoch 11/20 | lr 1.63e-04 | train loss 0.0760 top1 0.9922 top5 1.0000 | val loss 1.1080 top1 0.6967 top5 0.9300 | 19.1s
2026-08-26 09:52:28 | INFO    | cicps.checkpoint | Saved checkpoint to D:\Projects\cicps-augmentation\outputs\experiment_0b\checkpoints\baseline_color_jitter\last.pt (epoch 10, train_loss=0.0760, train_top1=0.9922, train_top5=1.0000, val_loss=1.1080, val_top1=0.6967, val_top5=0.9300).
2026-08-26 09:52:47 | INFO    | cicps.trainer | [baseline_color_jitter] epoch 12/20 | lr 1.38e-04 | train loss 0.0503 top1 0.9978 top5 0.9998 | val loss 1.0234 top1 0.7183 top5 0.9217 | 19.2s
2026-08-26 09:52:47 | INFO    | cicps.checkpoint | Saved checkpoint to D:\Projects\cicps-augmentation\outputs\experiment_0b\checkpoints\baseline_color_jitter\best.pt (epoch 11, train_loss=0.0503, train_top1=0.9978, train_top5=0.9998, val_loss=1.0234, val_top1=0.7183, val_top5=0.9217).
2026-08-26 09:52:48 | INFO    | cicps.checkpoint | Saved checkpoint to D:\Projects\cicps-augmentation\outputs\experiment_0b\checkpoints\baseline_color_jitter\last.pt (epoch 11, train_loss=0.0503, train_top1=0.9978, train_top5=0.9998, val_loss=1.0234, val_top1=0.7183, val_top5=0.9217).
2026-08-26 09:53:08 | INFO    | cicps.trainer | [baseline_color_jitter] epoch 13/20 | lr 1.14e-04 | train loss 0.0409 top1 0.9976 top5 1.0000 | val loss 1.0173 top1 0.7050 top5 0.9267 | 20.2s
2026-08-26 09:53:08 | INFO    | cicps.checkpoint | Saved checkpoint to D:\Projects\cicps-augmentation\outputs\experiment_0b\checkpoints\baseline_color_jitter\last.pt (epoch 12, train_loss=0.0409, train_top1=0.9976, train_top5=1.0000, val_loss=1.0173, val_top1=0.7050, val_top5=0.9267).
2026-08-26 09:53:28 | INFO    | cicps.trainer | [baseline_color_jitter] epoch 14/20 | lr 9.04e-05 | train loss 0.0344 top1 0.9980 top5 1.0000 | val loss 1.0350 top1 0.7233 top5 0.9283 | 19.7s
2026-08-26 09:53:28 | INFO    | cicps.checkpoint | Saved checkpoint to D:\Projects\cicps-augmentation\outputs\experiment_0b\checkpoints\baseline_color_jitter\best.pt (epoch 13, train_loss=0.0344, train_top1=0.9980, train_top5=1.0000, val_loss=1.0350, val_top1=0.7233, val_top5=0.9283).
2026-08-26 09:53:28 | INFO    | cicps.checkpoint | Saved checkpoint to D:\Projects\cicps-augmentation\outputs\experiment_0b\checkpoints\baseline_color_jitter\last.pt (epoch 13, train_loss=0.0344, train_top1=0.9980, train_top5=1.0000, val_loss=1.0350, val_top1=0.7233, val_top5=0.9283).
2026-08-26 09:53:48 | INFO    | cicps.trainer | [baseline_color_jitter] epoch 15/20 | lr 6.87e-05 | train loss 0.0250 top1 0.9994 top5 1.0000 | val loss 1.0292 top1 0.7300 top5 0.9233 | 19.5s
2026-08-26 09:53:48 | INFO    | cicps.checkpoint | Saved checkpoint to D:\Projects\cicps-augmentation\outputs\experiment_0b\checkpoints\baseline_color_jitter\best.pt (epoch 14, train_loss=0.0250, train_top1=0.9994, train_top5=1.0000, val_loss=1.0292, val_top1=0.7300, val_top5=0.9233).
2026-08-26 09:53:48 | INFO    | cicps.checkpoint | Saved checkpoint to D:\Projects\cicps-augmentation\outputs\experiment_0b\checkpoints\baseline_color_jitter\last.pt (epoch 14, train_loss=0.0250, train_top1=0.9994, train_top5=1.0000, val_loss=1.0292, val_top1=0.7300, val_top5=0.9233).
2026-08-26 09:54:08 | INFO    | cicps.trainer | [baseline_color_jitter] epoch 16/20 | lr 4.92e-05 | train loss 0.0208 top1 0.9996 top5 1.0000 | val loss 1.0069 top1 0.7383 top5 0.9183 | 19.6s
2026-08-26 09:54:08 | INFO    | cicps.checkpoint | Saved checkpoint to D:\Projects\cicps-augmentation\outputs\experiment_0b\checkpoints\baseline_color_jitter\best.pt (epoch 15, train_loss=0.0208, train_top1=0.9996, train_top5=1.0000, val_loss=1.0069, val_top1=0.7383, val_top5=0.9183).
2026-08-26 09:54:08 | INFO    | cicps.checkpoint | Saved checkpoint to D:\Projects\cicps-augmentation\outputs\experiment_0b\checkpoints\baseline_color_jitter\last.pt (epoch 15, train_loss=0.0208, train_top1=0.9996, train_top5=1.0000, val_loss=1.0069, val_top1=0.7383, val_top5=0.9183).
2026-08-26 09:54:28 | INFO    | cicps.trainer | [baseline_color_jitter] epoch 17/20 | lr 3.25e-05 | train loss 0.0202 top1 0.9994 top5 0.9998 | val loss 0.9958 top1 0.7283 top5 0.9250 | 19.8s
2026-08-26 09:54:28 | INFO    | cicps.checkpoint | Saved checkpoint to D:\Projects\cicps-augmentation\outputs\experiment_0b\checkpoints\baseline_color_jitter\last.pt (epoch 16, train_loss=0.0202, train_top1=0.9994, train_top5=0.9998, val_loss=0.9958, val_top1=0.7283, val_top5=0.9250).
2026-08-26 09:54:48 | INFO    | cicps.trainer | [baseline_color_jitter] epoch 18/20 | lr 1.90e-05 | train loss 0.0189 top1 0.9998 top5 1.0000 | val loss 0.9919 top1 0.7317 top5 0.9250 | 19.6s
2026-08-26 09:54:48 | INFO    | cicps.checkpoint | Saved checkpoint to D:\Projects\cicps-augmentation\outputs\experiment_0b\checkpoints\baseline_color_jitter\last.pt (epoch 17, train_loss=0.0189, train_top1=0.9998, train_top5=1.0000, val_loss=0.9919, val_top1=0.7317, val_top5=0.9250).
2026-08-26 09:55:08 | INFO    | cicps.trainer | [baseline_color_jitter] epoch 19/20 | lr 9.10e-06 | train loss 0.0186 top1 0.9996 top5 1.0000 | val loss 0.9951 top1 0.7300 top5 0.9250 | 19.8s
2026-08-26 09:55:08 | INFO    | cicps.checkpoint | Saved checkpoint to D:\Projects\cicps-augmentation\outputs\experiment_0b\checkpoints\baseline_color_jitter\last.pt (epoch 18, train_loss=0.0186, train_top1=0.9996, train_top5=1.0000, val_loss=0.9951, val_top1=0.7300, val_top5=0.9250).
2026-08-26 09:55:28 | INFO    | cicps.trainer | [baseline_color_jitter] epoch 20/20 | lr 3.04e-06 | train loss 0.0169 top1 0.9998 top5 1.0000 | val loss 0.9947 top1 0.7350 top5 0.9267 | 19.7s
2026-08-26 09:55:28 | INFO    | cicps.checkpoint | Saved checkpoint to D:\Projects\cicps-augmentation\outputs\experiment_0b\checkpoints\baseline_color_jitter\last.pt (epoch 19, train_loss=0.0169, train_top1=0.9998, train_top5=1.0000, val_loss=0.9947, val_top1=0.7350, val_top5=0.9267).
2026-08-26 09:55:28 | INFO    | cicps.trainer | Wrote training history to D:\Projects\cicps-augmentation\outputs\experiment_0b\logs\history\baseline_color_jitter.csv
2026-08-26 09:55:28 | INFO    | cicps.trainer | [baseline_color_jitter] best val_top1 = 0.7383 at epoch 16; best checkpoint: D:\Projects\cicps-augmentation\outputs\experiment_0b\checkpoints\baseline_color_jitter\best.pt
2026-08-26 09:55:31 | INFO    | cicps.train_policies | === policy 3/6: baseline_rotation === baseline + rotation(p=0.5, params={'degrees': 15.0, 'interpolation': 'bilinear', 'expand': False, 'fill': 0})
2026-08-26 09:55:31 | INFO    | cicps | Also logging this run to D:\Projects\cicps-augmentation\outputs\experiment_0b\logs\train_baseline_rotation.log
2026-08-26 09:55:31 | INFO    | cicps.train_policies | policy       : baseline_rotation
2026-08-26 09:55:31 | INFO    | cicps.train_policies | description  : Standard recipe plus Experiment 0A's in-plane rotation.
2026-08-26 09:55:31 | INFO    | cicps.train_policies | audit link   : rotation
2026-08-26 09:55:31 | INFO    | cicps.train_policies | master seed  : 42 -> resolved policy seed 69590260
2026-08-26 09:55:31 | INFO    | cicps.train_policies | device       : cuda
2026-08-26 09:55:31 | INFO    | cicps.train_policies | split        : fingerprint 2c3a0390542d2a57 (seed 42)
2026-08-26 09:55:31 | INFO    | cicps.train_policies | train / val  : 5394 / 600 images
2026-08-26 09:55:31 | INFO    | cicps.train_policies | architecture : resnet18 (weights IMAGENET1K_V1, pretrained=True)
2026-08-26 09:55:31 | INFO    | cicps.train_policies | optimizer    : adamw lr=0.0003 weight_decay=0.05
2026-08-26 09:55:31 | INFO    | cicps.train_policies | scheduler    : cosine (warmup 1 epochs, min_lr 1e-06)
2026-08-26 09:55:31 | INFO    | cicps.train_policies | budget       : 20 epochs, batch_size 32, monitor val_top1 (max)
2026-08-26 09:55:31 | INFO    | cicps.train_policies | pipeline     : {"crop": {"kind": "RandomResizedCrop", "repr": "RandomResizedCrop(size=(224, 224), scale=(0.7, 1.0), ratio=(0.75, 1.3333), interpolation=bilinear, antialias=True)", "size": [224, 224], "scale": [0.7, 1.0], "ratio": [0.75, 1.3333]}, "flip": {"kind": "RandomHorizontalFlip", "repr": "RandomHorizontalFlip(p=0.5)", "p": 0.5}, "normalize": {"mean": [0.485, 0.456, 0.406], "std": [0.229, 0.224, 0.225]}, "added_transform": {"name": "rotation", "type": "rotation", "params": {"degrees": 15.0, "interpolation": "bilinear", "expand": false, "fill": 0}, "application_probability": 0.5}}
2026-08-26 09:55:31 | INFO    | cicps.train_policies | Seeding model initialisation from the master seed 42 so every policy starts identically.
2026-08-26 09:55:31 | INFO    | cicps.seeding | Re-seeded RNGs for this run with seed 42.
2026-08-26 09:55:31 | INFO    | cicps.factory | Built resnet18 (pretrained=True, weights=IMAGENET1K_V1, feature_dim=512, num_classes=200, params=11.28M).
2026-08-26 09:55:31 | INFO    | cicps.trainer | Train loader: 5394 images, batch_size=32, workers=4.
2026-08-26 09:55:31 | INFO    | cicps.trainer | Val loader: 600 images, batch_size=64, workers=4.
2026-08-26 09:55:31 | INFO    | cicps.train_policies | Handing the RNG to this policy's own stream (seed 69590260) for shuffling and augmentation sampling.
2026-08-26 09:55:31 | INFO    | cicps.seeding | Re-seeded RNGs for this run with seed 69590260.
2026-08-26 09:55:31 | INFO    | cicps.trainer | Training run 'baseline_rotation' for 20 epoch(s) on cuda (seed 69590260).
2026-08-26 09:56:30 | INFO    | cicps.trainer | [baseline_rotation] epoch  1/20 | lr 3.00e-04 | train loss 3.8443 top1 0.2227 top5 0.4739 | val loss 2.6615 top1 0.3750 top5 0.7250 | 59.1s
2026-08-26 09:56:30 | INFO    | cicps.checkpoint | Saved checkpoint to D:\Projects\cicps-augmentation\outputs\experiment_0b\checkpoints\baseline_rotation\best.pt (epoch 0, train_loss=3.8443, train_top1=0.2227, train_top5=0.4739, val_loss=2.6615, val_top1=0.3750, val_top5=0.7250).
2026-08-26 09:56:30 | INFO    | cicps.checkpoint | Saved checkpoint to D:\Projects\cicps-augmentation\outputs\experiment_0b\checkpoints\baseline_rotation\last.pt (epoch 0, train_loss=3.8443, train_top1=0.2227, train_top5=0.4739, val_loss=2.6615, val_top1=0.3750, val_top5=0.7250).
2026-08-26 09:56:46 | INFO    | cicps.trainer | [baseline_rotation] epoch  2/20 | lr 3.00e-04 | train loss 1.9740 top1 0.5608 top5 0.8597 | val loss 1.7981 top1 0.5600 top5 0.8583 | 15.5s
2026-08-26 09:56:46 | INFO    | cicps.checkpoint | Saved checkpoint to D:\Projects\cicps-augmentation\outputs\experiment_0b\checkpoints\baseline_rotation\best.pt (epoch 1, train_loss=1.9740, train_top1=0.5608, train_top5=0.8597, val_loss=1.7981, val_top1=0.5600, val_top5=0.8583).
2026-08-26 09:56:46 | INFO    | cicps.checkpoint | Saved checkpoint to D:\Projects\cicps-augmentation\outputs\experiment_0b\checkpoints\baseline_rotation\last.pt (epoch 1, train_loss=1.9740, train_top1=0.5608, train_top5=0.8597, val_loss=1.7981, val_top1=0.5600, val_top5=0.8583).
2026-08-26 09:57:04 | INFO    | cicps.trainer | [baseline_rotation] epoch  3/20 | lr 2.98e-04 | train loss 1.2451 top1 0.7193 top5 0.9436 | val loss 1.5341 top1 0.5917 top5 0.8583 | 17.4s
2026-08-26 09:57:04 | INFO    | cicps.checkpoint | Saved checkpoint to D:\Projects\cicps-augmentation\outputs\experiment_0b\checkpoints\baseline_rotation\best.pt (epoch 2, train_loss=1.2451, train_top1=0.7193, train_top5=0.9436, val_loss=1.5341, val_top1=0.5917, val_top5=0.8583).
2026-08-26 09:57:04 | INFO    | cicps.checkpoint | Saved checkpoint to D:\Projects\cicps-augmentation\outputs\experiment_0b\checkpoints\baseline_rotation\last.pt (epoch 2, train_loss=1.2451, train_top1=0.7193, train_top5=0.9436, val_loss=1.5341, val_top1=0.5917, val_top5=0.8583).
2026-08-26 09:57:23 | INFO    | cicps.trainer | [baseline_rotation] epoch  4/20 | lr 2.92e-04 | train loss 0.8356 top1 0.8122 top5 0.9737 | val loss 1.4217 top1 0.6350 top5 0.8967 | 19.0s
2026-08-26 09:57:23 | INFO    | cicps.checkpoint | Saved checkpoint to D:\Projects\cicps-augmentation\outputs\experiment_0b\checkpoints\baseline_rotation\best.pt (epoch 3, train_loss=0.8356, train_top1=0.8122, train_top5=0.9737, val_loss=1.4217, val_top1=0.6350, val_top5=0.8967).
2026-08-26 09:57:24 | INFO    | cicps.checkpoint | Saved checkpoint to D:\Projects\cicps-augmentation\outputs\experiment_0b\checkpoints\baseline_rotation\last.pt (epoch 3, train_loss=0.8356, train_top1=0.8122, train_top5=0.9737, val_loss=1.4217, val_top1=0.6350, val_top5=0.8967).
2026-08-26 09:57:43 | INFO    | cicps.trainer | [baseline_rotation] epoch  5/20 | lr 2.82e-04 | train loss 0.5872 top1 0.8674 top5 0.9868 | val loss 1.3832 top1 0.6517 top5 0.8867 | 18.9s
2026-08-26 09:57:43 | INFO    | cicps.checkpoint | Saved checkpoint to D:\Projects\cicps-augmentation\outputs\experiment_0b\checkpoints\baseline_rotation\best.pt (epoch 4, train_loss=0.5872, train_top1=0.8674, train_top5=0.9868, val_loss=1.3832, val_top1=0.6517, val_top5=0.8867).
2026-08-26 09:57:43 | INFO    | cicps.checkpoint | Saved checkpoint to D:\Projects\cicps-augmentation\outputs\experiment_0b\checkpoints\baseline_rotation\last.pt (epoch 4, train_loss=0.5872, train_top1=0.8674, train_top5=0.9868, val_loss=1.3832, val_top1=0.6517, val_top5=0.8867).
2026-08-26 09:58:02 | INFO    | cicps.trainer | [baseline_rotation] epoch  6/20 | lr 2.68e-04 | train loss 0.3734 top1 0.9232 top5 0.9950 | val loss 1.1881 top1 0.6750 top5 0.9033 | 19.2s
2026-08-26 09:58:02 | INFO    | cicps.checkpoint | Saved checkpoint to D:\Projects\cicps-augmentation\outputs\experiment_0b\checkpoints\baseline_rotation\best.pt (epoch 5, train_loss=0.3734, train_top1=0.9232, train_top5=0.9950, val_loss=1.1881, val_top1=0.6750, val_top5=0.9033).
2026-08-26 09:58:03 | INFO    | cicps.checkpoint | Saved checkpoint to D:\Projects\cicps-augmentation\outputs\experiment_0b\checkpoints\baseline_rotation\last.pt (epoch 5, train_loss=0.3734, train_top1=0.9232, train_top5=0.9950, val_loss=1.1881, val_top1=0.6750, val_top5=0.9033).
2026-08-26 09:58:22 | INFO    | cicps.trainer | [baseline_rotation] epoch  7/20 | lr 2.52e-04 | train loss 0.2556 top1 0.9501 top5 0.9987 | val loss 1.2427 top1 0.6717 top5 0.9000 | 19.2s
2026-08-26 09:58:22 | INFO    | cicps.checkpoint | Saved checkpoint to D:\Projects\cicps-augmentation\outputs\experiment_0b\checkpoints\baseline_rotation\last.pt (epoch 6, train_loss=0.2556, train_top1=0.9501, train_top5=0.9987, val_loss=1.2427, val_top1=0.6717, val_top5=0.9000).
2026-08-26 09:58:41 | INFO    | cicps.trainer | [baseline_rotation] epoch  8/20 | lr 2.32e-04 | train loss 0.1776 top1 0.9711 top5 0.9998 | val loss 1.1686 top1 0.6950 top5 0.9183 | 19.3s
2026-08-26 09:58:42 | INFO    | cicps.checkpoint | Saved checkpoint to D:\Projects\cicps-augmentation\outputs\experiment_0b\checkpoints\baseline_rotation\best.pt (epoch 7, train_loss=0.1776, train_top1=0.9711, train_top5=0.9998, val_loss=1.1686, val_top1=0.6950, val_top5=0.9183).
2026-08-26 09:58:42 | INFO    | cicps.checkpoint | Saved checkpoint to D:\Projects\cicps-augmentation\outputs\experiment_0b\checkpoints\baseline_rotation\last.pt (epoch 7, train_loss=0.1776, train_top1=0.9711, train_top5=0.9998, val_loss=1.1686, val_top1=0.6950, val_top5=0.9183).
2026-08-26 09:59:01 | INFO    | cicps.trainer | [baseline_rotation] epoch  9/20 | lr 2.11e-04 | train loss 0.1148 top1 0.9850 top5 0.9998 | val loss 1.1284 top1 0.6983 top5 0.9250 | 19.4s
2026-08-26 09:59:01 | INFO    | cicps.checkpoint | Saved checkpoint to D:\Projects\cicps-augmentation\outputs\experiment_0b\checkpoints\baseline_rotation\best.pt (epoch 8, train_loss=0.1148, train_top1=0.9850, train_top5=0.9998, val_loss=1.1284, val_top1=0.6983, val_top5=0.9250).
2026-08-26 09:59:02 | INFO    | cicps.checkpoint | Saved checkpoint to D:\Projects\cicps-augmentation\outputs\experiment_0b\checkpoints\baseline_rotation\last.pt (epoch 8, train_loss=0.1148, train_top1=0.9850, train_top5=0.9998, val_loss=1.1284, val_top1=0.6983, val_top5=0.9250).
2026-08-26 09:59:21 | INFO    | cicps.trainer | [baseline_rotation] epoch 10/20 | lr 1.87e-04 | train loss 0.0842 top1 0.9904 top5 0.9998 | val loss 1.0971 top1 0.7233 top5 0.9217 | 19.5s
2026-08-26 09:59:21 | INFO    | cicps.checkpoint | Saved checkpoint to D:\Projects\cicps-augmentation\outputs\experiment_0b\checkpoints\baseline_rotation\best.pt (epoch 9, train_loss=0.0842, train_top1=0.9904, train_top5=0.9998, val_loss=1.0971, val_top1=0.7233, val_top5=0.9217).
2026-08-26 09:59:22 | INFO    | cicps.checkpoint | Saved checkpoint to D:\Projects\cicps-augmentation\outputs\experiment_0b\checkpoints\baseline_rotation\last.pt (epoch 9, train_loss=0.0842, train_top1=0.9904, train_top5=0.9998, val_loss=1.0971, val_top1=0.7233, val_top5=0.9217).
2026-08-26 09:59:41 | INFO    | cicps.trainer | [baseline_rotation] epoch 11/20 | lr 1.63e-04 | train loss 0.0586 top1 0.9944 top5 0.9998 | val loss 1.0830 top1 0.7333 top5 0.9267 | 19.4s
2026-08-26 09:59:41 | INFO    | cicps.checkpoint | Saved checkpoint to D:\Projects\cicps-augmentation\outputs\experiment_0b\checkpoints\baseline_rotation\best.pt (epoch 10, train_loss=0.0586, train_top1=0.9944, train_top5=0.9998, val_loss=1.0830, val_top1=0.7333, val_top5=0.9267).
2026-08-26 09:59:41 | INFO    | cicps.checkpoint | Saved checkpoint to D:\Projects\cicps-augmentation\outputs\experiment_0b\checkpoints\baseline_rotation\last.pt (epoch 10, train_loss=0.0586, train_top1=0.9944, train_top5=0.9998, val_loss=1.0830, val_top1=0.7333, val_top5=0.9267).
2026-08-26 10:03:07 | INFO    | cicps.trainer | [baseline_rotation] epoch 12/20 | lr 1.38e-04 | train loss 0.0423 top1 0.9965 top5 1.0000 | val loss 1.0633 top1 0.7283 top5 0.9250 | 205.4s
2026-08-26 10:03:07 | INFO    | cicps.checkpoint | Saved checkpoint to D:\Projects\cicps-augmentation\outputs\experiment_0b\checkpoints\baseline_rotation\last.pt (epoch 11, train_loss=0.0423, train_top1=0.9965, train_top5=1.0000, val_loss=1.0633, val_top1=0.7283, val_top5=0.9250).
2026-08-26 10:03:21 | INFO    | cicps.trainer | [baseline_rotation] epoch 13/20 | lr 1.14e-04 | train loss 0.0325 top1 0.9976 top5 1.0000 | val loss 0.9883 top1 0.7450 top5 0.9317 | 14.2s
2026-08-26 10:03:22 | INFO    | cicps.checkpoint | Saved checkpoint to D:\Projects\cicps-augmentation\outputs\experiment_0b\checkpoints\baseline_rotation\best.pt (epoch 12, train_loss=0.0325, train_top1=0.9976, train_top5=1.0000, val_loss=0.9883, val_top1=0.7450, val_top5=0.9317).
2026-08-26 10:03:22 | INFO    | cicps.checkpoint | Saved checkpoint to D:\Projects\cicps-augmentation\outputs\experiment_0b\checkpoints\baseline_rotation\last.pt (epoch 12, train_loss=0.0325, train_top1=0.9976, train_top5=1.0000, val_loss=0.9883, val_top1=0.7450, val_top5=0.9317).
2026-08-26 10:03:36 | INFO    | cicps.trainer | [baseline_rotation] epoch 14/20 | lr 9.04e-05 | train loss 0.0265 top1 0.9985 top5 0.9998 | val loss 0.9624 top1 0.7550 top5 0.9267 | 14.4s
2026-08-26 10:03:36 | INFO    | cicps.checkpoint | Saved checkpoint to D:\Projects\cicps-augmentation\outputs\experiment_0b\checkpoints\baseline_rotation\best.pt (epoch 13, train_loss=0.0265, train_top1=0.9985, train_top5=0.9998, val_loss=0.9624, val_top1=0.7550, val_top5=0.9267).
2026-08-26 10:03:37 | INFO    | cicps.checkpoint | Saved checkpoint to D:\Projects\cicps-augmentation\outputs\experiment_0b\checkpoints\baseline_rotation\last.pt (epoch 13, train_loss=0.0265, train_top1=0.9985, train_top5=0.9998, val_loss=0.9624, val_top1=0.7550, val_top5=0.9267).
2026-08-26 10:03:52 | INFO    | cicps.trainer | [baseline_rotation] epoch 15/20 | lr 6.87e-05 | train loss 0.0197 top1 0.9996 top5 1.0000 | val loss 0.9710 top1 0.7600 top5 0.9383 | 15.2s
2026-08-26 10:03:52 | INFO    | cicps.checkpoint | Saved checkpoint to D:\Projects\cicps-augmentation\outputs\experiment_0b\checkpoints\baseline_rotation\best.pt (epoch 14, train_loss=0.0197, train_top1=0.9996, train_top5=1.0000, val_loss=0.9710, val_top1=0.7600, val_top5=0.9383).
2026-08-26 10:03:52 | INFO    | cicps.checkpoint | Saved checkpoint to D:\Projects\cicps-augmentation\outputs\experiment_0b\checkpoints\baseline_rotation\last.pt (epoch 14, train_loss=0.0197, train_top1=0.9996, train_top5=1.0000, val_loss=0.9710, val_top1=0.7600, val_top5=0.9383).
2026-08-26 10:04:08 | INFO    | cicps.trainer | [baseline_rotation] epoch 16/20 | lr 4.92e-05 | train loss 0.0165 top1 1.0000 top5 1.0000 | val loss 0.9653 top1 0.7533 top5 0.9300 | 16.1s
2026-08-26 10:04:09 | INFO    | cicps.checkpoint | Saved checkpoint to D:\Projects\cicps-augmentation\outputs\experiment_0b\checkpoints\baseline_rotation\last.pt (epoch 15, train_loss=0.0165, train_top1=1.0000, train_top5=1.0000, val_loss=0.9653, val_top1=0.7533, val_top5=0.9300).
2026-08-26 10:04:25 | INFO    | cicps.trainer | [baseline_rotation] epoch 17/20 | lr 3.25e-05 | train loss 0.0140 top1 1.0000 top5 1.0000 | val loss 0.9552 top1 0.7500 top5 0.9333 | 16.7s
2026-08-26 10:04:26 | INFO    | cicps.checkpoint | Saved checkpoint to D:\Projects\cicps-augmentation\outputs\experiment_0b\checkpoints\baseline_rotation\last.pt (epoch 16, train_loss=0.0140, train_top1=1.0000, train_top5=1.0000, val_loss=0.9552, val_top1=0.7500, val_top5=0.9333).
2026-08-26 10:04:43 | INFO    | cicps.trainer | [baseline_rotation] epoch 18/20 | lr 1.90e-05 | train loss 0.0146 top1 0.9993 top5 1.0000 | val loss 0.9691 top1 0.7517 top5 0.9300 | 17.6s
2026-08-26 10:04:43 | INFO    | cicps.checkpoint | Saved checkpoint to D:\Projects\cicps-augmentation\outputs\experiment_0b\checkpoints\baseline_rotation\last.pt (epoch 17, train_loss=0.0146, train_top1=0.9993, train_top5=1.0000, val_loss=0.9691, val_top1=0.7517, val_top5=0.9300).
2026-08-26 10:05:02 | INFO    | cicps.trainer | [baseline_rotation] epoch 19/20 | lr 9.10e-06 | train loss 0.0136 top1 0.9996 top5 1.0000 | val loss 0.9560 top1 0.7550 top5 0.9317 | 18.6s
2026-08-26 10:05:02 | INFO    | cicps.checkpoint | Saved checkpoint to D:\Projects\cicps-augmentation\outputs\experiment_0b\checkpoints\baseline_rotation\last.pt (epoch 18, train_loss=0.0136, train_top1=0.9996, train_top5=1.0000, val_loss=0.9560, val_top1=0.7550, val_top5=0.9317).
2026-08-26 10:05:21 | INFO    | cicps.trainer | [baseline_rotation] epoch 20/20 | lr 3.04e-06 | train loss 0.0133 top1 0.9998 top5 1.0000 | val loss 0.9564 top1 0.7483 top5 0.9317 | 18.4s
2026-08-26 10:05:21 | INFO    | cicps.checkpoint | Saved checkpoint to D:\Projects\cicps-augmentation\outputs\experiment_0b\checkpoints\baseline_rotation\last.pt (epoch 19, train_loss=0.0133, train_top1=0.9998, train_top5=1.0000, val_loss=0.9564, val_top1=0.7483, val_top5=0.9317).
2026-08-26 10:05:21 | INFO    | cicps.trainer | Wrote training history to D:\Projects\cicps-augmentation\outputs\experiment_0b\logs\history\baseline_rotation.csv
2026-08-26 10:05:21 | INFO    | cicps.trainer | [baseline_rotation] best val_top1 = 0.7600 at epoch 15; best checkpoint: D:\Projects\cicps-augmentation\outputs\experiment_0b\checkpoints\baseline_rotation\best.pt
2026-08-26 10:05:23 | INFO    | cicps.train_policies | === policy 4/6: baseline_crop === baseline with random_resized_crop({'scale': [0.5, 0.9], 'ratio': [0.75, 1.3333], 'interpolation': 'bilinear'}) substituted with p=0.5
2026-08-26 10:05:23 | INFO    | cicps | Also logging this run to D:\Projects\cicps-augmentation\outputs\experiment_0b\logs\train_baseline_crop.log
2026-08-26 10:05:23 | INFO    | cicps.train_policies | policy       : baseline_crop
2026-08-26 10:05:23 | INFO    | cicps.train_policies | description  : Standard recipe with Experiment 0A's stronger crop parameters substituted for the baseline crop parameters on a p fraction of images. The baseline already contains a RandomResizedCrop, so this arm changes crop STRENGTH rather than adding a second crop.
2026-08-26 10:05:23 | INFO    | cicps.train_policies | audit link   : random_resized_crop
2026-08-26 10:05:23 | INFO    | cicps.train_policies | master seed  : 42 -> resolved policy seed 1179721965
2026-08-26 10:05:23 | INFO    | cicps.train_policies | device       : cuda
2026-08-26 10:05:23 | INFO    | cicps.train_policies | split        : fingerprint 2c3a0390542d2a57 (seed 42)
2026-08-26 10:05:23 | INFO    | cicps.train_policies | train / val  : 5394 / 600 images
2026-08-26 10:05:23 | INFO    | cicps.train_policies | architecture : resnet18 (weights IMAGENET1K_V1, pretrained=True)
2026-08-26 10:05:23 | INFO    | cicps.train_policies | optimizer    : adamw lr=0.0003 weight_decay=0.05
2026-08-26 10:05:23 | INFO    | cicps.train_policies | scheduler    : cosine (warmup 1 epochs, min_lr 1e-06)
2026-08-26 10:05:23 | INFO    | cicps.train_policies | budget       : 20 epochs, batch_size 32, monitor val_top1 (max)
2026-08-26 10:05:23 | INFO    | cicps.train_policies | pipeline     : {"crop": {"kind": "probabilistic_choice", "probability": 0.5, "baseline": {"kind": "RandomResizedCrop", "repr": "RandomResizedCrop(size=(224, 224), scale=(0.7, 1.0), ratio=(0.75, 1.3333), interpolation=bilinear, antialias=True)", "size": [224, 224], "scale": [0.7, 1.0], "ratio": [0.75, 1.3333]}, "alternate": {"kind": "RandomResizedCrop", "repr": "RandomResizedCrop(size=(224, 224), scale=(0.5, 0.9), ratio=(0.75, 1.3333), interpolation=bilinear, antialias=True)", "size": [224, 224], "scale": [0.5, 0.9], "ratio": [0.75, 1.3333]}}, "flip": {"kind": "RandomHorizontalFlip", "repr": "RandomHorizontalFlip(p=0.5)", "p": 0.5}, "normalize": {"mean": [0.485, 0.456, 0.406], "std": [0.229, 0.224, 0.225]}, "added_transform": null}
2026-08-26 10:05:23 | INFO    | cicps.train_policies | Seeding model initialisation from the master seed 42 so every policy starts identically.
2026-08-26 10:05:23 | INFO    | cicps.seeding | Re-seeded RNGs for this run with seed 42.
2026-08-26 10:05:23 | INFO    | cicps.factory | Built resnet18 (pretrained=True, weights=IMAGENET1K_V1, feature_dim=512, num_classes=200, params=11.28M).
2026-08-26 10:05:23 | INFO    | cicps.trainer | Train loader: 5394 images, batch_size=32, workers=4.
2026-08-26 10:05:23 | INFO    | cicps.trainer | Val loader: 600 images, batch_size=64, workers=4.
2026-08-26 10:05:23 | INFO    | cicps.train_policies | Handing the RNG to this policy's own stream (seed 1179721965) for shuffling and augmentation sampling.
2026-08-26 10:05:23 | INFO    | cicps.seeding | Re-seeded RNGs for this run with seed 1179721965.
2026-08-26 10:05:23 | INFO    | cicps.trainer | Training run 'baseline_crop' for 20 epoch(s) on cuda (seed 1179721965).
2026-08-26 10:06:20 | INFO    | cicps.trainer | [baseline_crop] epoch  1/20 | lr 3.00e-04 | train loss 3.7655 top1 0.2364 top5 0.5026 | val loss 2.5890 top1 0.3967 top5 0.7433 | 56.6s
2026-08-26 10:06:20 | INFO    | cicps.checkpoint | Saved checkpoint to D:\Projects\cicps-augmentation\outputs\experiment_0b\checkpoints\baseline_crop\best.pt (epoch 0, train_loss=3.7655, train_top1=0.2364, train_top5=0.5026, val_loss=2.5890, val_top1=0.3967, val_top5=0.7433).
2026-08-26 10:06:20 | INFO    | cicps.checkpoint | Saved checkpoint to D:\Projects\cicps-augmentation\outputs\experiment_0b\checkpoints\baseline_crop\last.pt (epoch 0, train_loss=3.7655, train_top1=0.2364, train_top5=0.5026, val_loss=2.5890, val_top1=0.3967, val_top5=0.7433).
2026-08-26 10:06:35 | INFO    | cicps.trainer | [baseline_crop] epoch  2/20 | lr 3.00e-04 | train loss 1.9117 top1 0.5755 top5 0.8776 | val loss 1.8659 top1 0.5317 top5 0.8483 | 14.8s
2026-08-26 10:06:35 | INFO    | cicps.checkpoint | Saved checkpoint to D:\Projects\cicps-augmentation\outputs\experiment_0b\checkpoints\baseline_crop\best.pt (epoch 1, train_loss=1.9117, train_top1=0.5755, train_top5=0.8776, val_loss=1.8659, val_top1=0.5317, val_top5=0.8483).
2026-08-26 10:06:35 | INFO    | cicps.checkpoint | Saved checkpoint to D:\Projects\cicps-augmentation\outputs\experiment_0b\checkpoints\baseline_crop\last.pt (epoch 1, train_loss=1.9117, train_top1=0.5755, train_top5=0.8776, val_loss=1.8659, val_top1=0.5317, val_top5=0.8483).
2026-08-26 10:06:52 | INFO    | cicps.trainer | [baseline_crop] epoch  3/20 | lr 2.98e-04 | train loss 1.2053 top1 0.7293 top5 0.9455 | val loss 1.6831 top1 0.5600 top5 0.8483 | 16.6s
2026-08-26 10:06:52 | INFO    | cicps.checkpoint | Saved checkpoint to D:\Projects\cicps-augmentation\outputs\experiment_0b\checkpoints\baseline_crop\best.pt (epoch 2, train_loss=1.2053, train_top1=0.7293, train_top5=0.9455, val_loss=1.6831, val_top1=0.5600, val_top5=0.8483).
2026-08-26 10:06:52 | INFO    | cicps.checkpoint | Saved checkpoint to D:\Projects\cicps-augmentation\outputs\experiment_0b\checkpoints\baseline_crop\last.pt (epoch 2, train_loss=1.2053, train_top1=0.7293, train_top5=0.9455, val_loss=1.6831, val_top1=0.5600, val_top5=0.8483).
2026-08-26 10:07:11 | INFO    | cicps.trainer | [baseline_crop] epoch  4/20 | lr 2.92e-04 | train loss 0.8278 top1 0.8154 top5 0.9716 | val loss 1.3417 top1 0.6350 top5 0.9083 | 18.2s
2026-08-26 10:07:11 | INFO    | cicps.checkpoint | Saved checkpoint to D:\Projects\cicps-augmentation\outputs\experiment_0b\checkpoints\baseline_crop\best.pt (epoch 3, train_loss=0.8278, train_top1=0.8154, train_top5=0.9716, val_loss=1.3417, val_top1=0.6350, val_top5=0.9083).
2026-08-26 10:07:11 | INFO    | cicps.checkpoint | Saved checkpoint to D:\Projects\cicps-augmentation\outputs\experiment_0b\checkpoints\baseline_crop\last.pt (epoch 3, train_loss=0.8278, train_top1=0.8154, train_top5=0.9716, val_loss=1.3417, val_top1=0.6350, val_top5=0.9083).
2026-08-26 10:07:30 | INFO    | cicps.trainer | [baseline_crop] epoch  5/20 | lr 2.82e-04 | train loss 0.5770 top1 0.8717 top5 0.9861 | val loss 1.2533 top1 0.6750 top5 0.9117 | 19.1s
2026-08-26 10:07:30 | INFO    | cicps.checkpoint | Saved checkpoint to D:\Projects\cicps-augmentation\outputs\experiment_0b\checkpoints\baseline_crop\best.pt (epoch 4, train_loss=0.5770, train_top1=0.8717, train_top5=0.9861, val_loss=1.2533, val_top1=0.6750, val_top5=0.9117).
2026-08-26 10:07:31 | INFO    | cicps.checkpoint | Saved checkpoint to D:\Projects\cicps-augmentation\outputs\experiment_0b\checkpoints\baseline_crop\last.pt (epoch 4, train_loss=0.5770, train_top1=0.8717, train_top5=0.9861, val_loss=1.2533, val_top1=0.6750, val_top5=0.9117).
2026-08-26 10:07:49 | INFO    | cicps.trainer | [baseline_crop] epoch  6/20 | lr 2.68e-04 | train loss 0.4040 top1 0.9149 top5 0.9944 | val loss 1.2066 top1 0.6767 top5 0.9083 | 18.7s
2026-08-26 10:07:50 | INFO    | cicps.checkpoint | Saved checkpoint to D:\Projects\cicps-augmentation\outputs\experiment_0b\checkpoints\baseline_crop\best.pt (epoch 5, train_loss=0.4040, train_top1=0.9149, train_top5=0.9944, val_loss=1.2066, val_top1=0.6767, val_top5=0.9083).
2026-08-26 10:07:50 | INFO    | cicps.checkpoint | Saved checkpoint to D:\Projects\cicps-augmentation\outputs\experiment_0b\checkpoints\baseline_crop\last.pt (epoch 5, train_loss=0.4040, train_top1=0.9149, train_top5=0.9944, val_loss=1.2066, val_top1=0.6767, val_top5=0.9083).
2026-08-26 10:08:08 | INFO    | cicps.trainer | [baseline_crop] epoch  7/20 | lr 2.52e-04 | train loss 0.2901 top1 0.9414 top5 0.9968 | val loss 1.1577 top1 0.7000 top5 0.9133 | 18.8s
2026-08-26 10:08:09 | INFO    | cicps.checkpoint | Saved checkpoint to D:\Projects\cicps-augmentation\outputs\experiment_0b\checkpoints\baseline_crop\best.pt (epoch 6, train_loss=0.2901, train_top1=0.9414, train_top5=0.9968, val_loss=1.1577, val_top1=0.7000, val_top5=0.9133).
2026-08-26 10:08:09 | INFO    | cicps.checkpoint | Saved checkpoint to D:\Projects\cicps-augmentation\outputs\experiment_0b\checkpoints\baseline_crop\last.pt (epoch 6, train_loss=0.2901, train_top1=0.9414, train_top5=0.9968, val_loss=1.1577, val_top1=0.7000, val_top5=0.9133).
2026-08-26 10:08:28 | INFO    | cicps.trainer | [baseline_crop] epoch  8/20 | lr 2.32e-04 | train loss 0.1999 top1 0.9629 top5 0.9983 | val loss 1.1516 top1 0.6817 top5 0.9233 | 19.3s
2026-08-26 10:08:28 | INFO    | cicps.checkpoint | Saved checkpoint to D:\Projects\cicps-augmentation\outputs\experiment_0b\checkpoints\baseline_crop\last.pt (epoch 7, train_loss=0.1999, train_top1=0.9629, train_top5=0.9983, val_loss=1.1516, val_top1=0.6817, val_top5=0.9233).
2026-08-26 10:08:48 | INFO    | cicps.trainer | [baseline_crop] epoch  9/20 | lr 2.11e-04 | train loss 0.1407 top1 0.9768 top5 0.9991 | val loss 1.0394 top1 0.7200 top5 0.9233 | 19.3s
2026-08-26 10:08:48 | INFO    | cicps.checkpoint | Saved checkpoint to D:\Projects\cicps-augmentation\outputs\experiment_0b\checkpoints\baseline_crop\best.pt (epoch 8, train_loss=0.1407, train_top1=0.9768, train_top5=0.9991, val_loss=1.0394, val_top1=0.7200, val_top5=0.9233).
2026-08-26 10:08:48 | INFO    | cicps.checkpoint | Saved checkpoint to D:\Projects\cicps-augmentation\outputs\experiment_0b\checkpoints\baseline_crop\last.pt (epoch 8, train_loss=0.1407, train_top1=0.9768, train_top5=0.9991, val_loss=1.0394, val_top1=0.7200, val_top5=0.9233).
2026-08-26 10:19:05 | INFO    | cicps.trainer | [baseline_crop] epoch 10/20 | lr 1.87e-04 | train loss 0.1018 top1 0.9883 top5 0.9985 | val loss 1.0001 top1 0.7417 top5 0.9300 | 616.9s
2026-08-26 10:19:06 | INFO    | cicps.checkpoint | Saved checkpoint to D:\Projects\cicps-augmentation\outputs\experiment_0b\checkpoints\baseline_crop\best.pt (epoch 9, train_loss=0.1018, train_top1=0.9883, train_top5=0.9985, val_loss=1.0001, val_top1=0.7417, val_top5=0.9300).
2026-08-26 10:19:06 | INFO    | cicps.checkpoint | Saved checkpoint to D:\Projects\cicps-augmentation\outputs\experiment_0b\checkpoints\baseline_crop\last.pt (epoch 9, train_loss=0.1018, train_top1=0.9883, train_top5=0.9985, val_loss=1.0001, val_top1=0.7417, val_top5=0.9300).
2026-08-26 10:19:23 | INFO    | cicps.trainer | [baseline_crop] epoch 11/20 | lr 1.63e-04 | train loss 0.0826 top1 0.9909 top5 0.9980 | val loss 1.0154 top1 0.7383 top5 0.9317 | 16.9s
2026-08-26 10:19:23 | INFO    | cicps.checkpoint | Saved checkpoint to D:\Projects\cicps-augmentation\outputs\experiment_0b\checkpoints\baseline_crop\last.pt (epoch 10, train_loss=0.0826, train_top1=0.9909, train_top5=0.9980, val_loss=1.0154, val_top1=0.7383, val_top5=0.9317).
2026-08-26 10:19:37 | INFO    | cicps.trainer | [baseline_crop] epoch 12/20 | lr 1.38e-04 | train loss 0.0519 top1 0.9957 top5 0.9994 | val loss 0.9190 top1 0.7500 top5 0.9417 | 14.4s
2026-08-26 10:19:38 | INFO    | cicps.checkpoint | Saved checkpoint to D:\Projects\cicps-augmentation\outputs\experiment_0b\checkpoints\baseline_crop\best.pt (epoch 11, train_loss=0.0519, train_top1=0.9957, train_top5=0.9994, val_loss=0.9190, val_top1=0.7500, val_top5=0.9417).
2026-08-26 10:19:38 | INFO    | cicps.checkpoint | Saved checkpoint to D:\Projects\cicps-augmentation\outputs\experiment_0b\checkpoints\baseline_crop\last.pt (epoch 11, train_loss=0.0519, train_top1=0.9957, train_top5=0.9994, val_loss=0.9190, val_top1=0.7500, val_top5=0.9417).
2026-08-26 10:19:52 | INFO    | cicps.trainer | [baseline_crop] epoch 13/20 | lr 1.14e-04 | train loss 0.0401 top1 0.9961 top5 0.9996 | val loss 0.8977 top1 0.7583 top5 0.9367 | 14.0s
2026-08-26 10:19:52 | INFO    | cicps.checkpoint | Saved checkpoint to D:\Projects\cicps-augmentation\outputs\experiment_0b\checkpoints\baseline_crop\best.pt (epoch 12, train_loss=0.0401, train_top1=0.9961, train_top5=0.9996, val_loss=0.8977, val_top1=0.7583, val_top5=0.9367).
2026-08-26 10:19:52 | INFO    | cicps.checkpoint | Saved checkpoint to D:\Projects\cicps-augmentation\outputs\experiment_0b\checkpoints\baseline_crop\last.pt (epoch 12, train_loss=0.0401, train_top1=0.9961, train_top5=0.9996, val_loss=0.8977, val_top1=0.7583, val_top5=0.9367).
2026-08-26 10:20:07 | INFO    | cicps.trainer | [baseline_crop] epoch 14/20 | lr 9.04e-05 | train loss 0.0344 top1 0.9974 top5 1.0000 | val loss 0.9012 top1 0.7700 top5 0.9383 | 15.0s
2026-08-26 10:20:07 | INFO    | cicps.checkpoint | Saved checkpoint to D:\Projects\cicps-augmentation\outputs\experiment_0b\checkpoints\baseline_crop\best.pt (epoch 13, train_loss=0.0344, train_top1=0.9974, train_top5=1.0000, val_loss=0.9012, val_top1=0.7700, val_top5=0.9383).
2026-08-26 10:20:08 | INFO    | cicps.checkpoint | Saved checkpoint to D:\Projects\cicps-augmentation\outputs\experiment_0b\checkpoints\baseline_crop\last.pt (epoch 13, train_loss=0.0344, train_top1=0.9974, train_top5=1.0000, val_loss=0.9012, val_top1=0.7700, val_top5=0.9383).
2026-08-26 10:20:23 | INFO    | cicps.trainer | [baseline_crop] epoch 15/20 | lr 6.87e-05 | train loss 0.0292 top1 0.9978 top5 0.9998 | val loss 0.9024 top1 0.7633 top5 0.9367 | 15.5s
2026-08-26 10:20:23 | INFO    | cicps.checkpoint | Saved checkpoint to D:\Projects\cicps-augmentation\outputs\experiment_0b\checkpoints\baseline_crop\last.pt (epoch 14, train_loss=0.0292, train_top1=0.9978, train_top5=0.9998, val_loss=0.9024, val_top1=0.7633, val_top5=0.9367).
2026-08-26 10:20:39 | INFO    | cicps.trainer | [baseline_crop] epoch 16/20 | lr 4.92e-05 | train loss 0.0251 top1 0.9981 top5 0.9996 | val loss 0.8893 top1 0.7717 top5 0.9383 | 15.9s
2026-08-26 10:20:40 | INFO    | cicps.checkpoint | Saved checkpoint to D:\Projects\cicps-augmentation\outputs\experiment_0b\checkpoints\baseline_crop\best.pt (epoch 15, train_loss=0.0251, train_top1=0.9981, train_top5=0.9996, val_loss=0.8893, val_top1=0.7717, val_top5=0.9383).
2026-08-26 10:20:40 | INFO    | cicps.checkpoint | Saved checkpoint to D:\Projects\cicps-augmentation\outputs\experiment_0b\checkpoints\baseline_crop\last.pt (epoch 15, train_loss=0.0251, train_top1=0.9981, train_top5=0.9996, val_loss=0.8893, val_top1=0.7717, val_top5=0.9383).
2026-08-26 10:20:56 | INFO    | cicps.trainer | [baseline_crop] epoch 17/20 | lr 3.25e-05 | train loss 0.0208 top1 0.9993 top5 0.9998 | val loss 0.8760 top1 0.7733 top5 0.9433 | 16.2s
2026-08-26 10:20:56 | INFO    | cicps.checkpoint | Saved checkpoint to D:\Projects\cicps-augmentation\outputs\experiment_0b\checkpoints\baseline_crop\best.pt (epoch 16, train_loss=0.0208, train_top1=0.9993, train_top5=0.9998, val_loss=0.8760, val_top1=0.7733, val_top5=0.9433).
2026-08-26 10:20:57 | INFO    | cicps.checkpoint | Saved checkpoint to D:\Projects\cicps-augmentation\outputs\experiment_0b\checkpoints\baseline_crop\last.pt (epoch 16, train_loss=0.0208, train_top1=0.9993, train_top5=0.9998, val_loss=0.8760, val_top1=0.7733, val_top5=0.9433).
2026-08-26 10:21:13 | INFO    | cicps.trainer | [baseline_crop] epoch 18/20 | lr 1.90e-05 | train loss 0.0201 top1 0.9983 top5 0.9998 | val loss 0.8797 top1 0.7800 top5 0.9383 | 16.4s
2026-08-26 10:21:13 | INFO    | cicps.checkpoint | Saved checkpoint to D:\Projects\cicps-augmentation\outputs\experiment_0b\checkpoints\baseline_crop\best.pt (epoch 17, train_loss=0.0201, train_top1=0.9983, train_top5=0.9998, val_loss=0.8797, val_top1=0.7800, val_top5=0.9383).
2026-08-26 10:21:14 | INFO    | cicps.checkpoint | Saved checkpoint to D:\Projects\cicps-augmentation\outputs\experiment_0b\checkpoints\baseline_crop\last.pt (epoch 17, train_loss=0.0201, train_top1=0.9983, train_top5=0.9998, val_loss=0.8797, val_top1=0.7800, val_top5=0.9383).
2026-08-26 10:21:30 | INFO    | cicps.trainer | [baseline_crop] epoch 19/20 | lr 9.10e-06 | train loss 0.0239 top1 0.9981 top5 0.9994 | val loss 0.8733 top1 0.7867 top5 0.9417 | 16.7s
2026-08-26 10:21:31 | INFO    | cicps.checkpoint | Saved checkpoint to D:\Projects\cicps-augmentation\outputs\experiment_0b\checkpoints\baseline_crop\best.pt (epoch 18, train_loss=0.0239, train_top1=0.9981, train_top5=0.9994, val_loss=0.8733, val_top1=0.7867, val_top5=0.9417).
2026-08-26 10:21:31 | INFO    | cicps.checkpoint | Saved checkpoint to D:\Projects\cicps-augmentation\outputs\experiment_0b\checkpoints\baseline_crop\last.pt (epoch 18, train_loss=0.0239, train_top1=0.9981, train_top5=0.9994, val_loss=0.8733, val_top1=0.7867, val_top5=0.9417).
2026-08-26 10:21:48 | INFO    | cicps.trainer | [baseline_crop] epoch 20/20 | lr 3.04e-06 | train loss 0.0187 top1 0.9991 top5 0.9998 | val loss 0.8632 top1 0.7867 top5 0.9417 | 17.0s
2026-08-26 10:21:48 | INFO    | cicps.checkpoint | Saved checkpoint to D:\Projects\cicps-augmentation\outputs\experiment_0b\checkpoints\baseline_crop\last.pt (epoch 19, train_loss=0.0187, train_top1=0.9991, train_top5=0.9998, val_loss=0.8632, val_top1=0.7867, val_top5=0.9417).
2026-08-26 10:21:48 | INFO    | cicps.trainer | Wrote training history to D:\Projects\cicps-augmentation\outputs\experiment_0b\logs\history\baseline_crop.csv
2026-08-26 10:21:48 | INFO    | cicps.trainer | [baseline_crop] best val_top1 = 0.7867 at epoch 19; best checkpoint: D:\Projects\cicps-augmentation\outputs\experiment_0b\checkpoints\baseline_crop\best.pt
2026-08-26 10:21:50 | INFO    | cicps.train_policies | === policy 5/6: baseline_gaussian_blur === baseline + gaussian_blur(p=0.5, params={'kernel_size': 9, 'sigma': [1.0, 2.0]})
2026-08-26 10:21:50 | INFO    | cicps | Also logging this run to D:\Projects\cicps-augmentation\outputs\experiment_0b\logs\train_baseline_gaussian_blur.log
2026-08-26 10:21:50 | INFO    | cicps.train_policies | policy       : baseline_gaussian_blur
2026-08-26 10:21:50 | INFO    | cicps.train_policies | description  : Standard recipe plus Experiment 0A's Gaussian blur.
2026-08-26 10:21:50 | INFO    | cicps.train_policies | audit link   : gaussian_blur
2026-08-26 10:21:50 | INFO    | cicps.train_policies | master seed  : 42 -> resolved policy seed 1659421884
2026-08-26 10:21:50 | INFO    | cicps.train_policies | device       : cuda
2026-08-26 10:21:50 | INFO    | cicps.train_policies | split        : fingerprint 2c3a0390542d2a57 (seed 42)
2026-08-26 10:21:50 | INFO    | cicps.train_policies | train / val  : 5394 / 600 images
2026-08-26 10:21:50 | INFO    | cicps.train_policies | architecture : resnet18 (weights IMAGENET1K_V1, pretrained=True)
2026-08-26 10:21:50 | INFO    | cicps.train_policies | optimizer    : adamw lr=0.0003 weight_decay=0.05
2026-08-26 10:21:50 | INFO    | cicps.train_policies | scheduler    : cosine (warmup 1 epochs, min_lr 1e-06)
2026-08-26 10:21:50 | INFO    | cicps.train_policies | budget       : 20 epochs, batch_size 32, monitor val_top1 (max)
2026-08-26 10:21:50 | INFO    | cicps.train_policies | pipeline     : {"crop": {"kind": "RandomResizedCrop", "repr": "RandomResizedCrop(size=(224, 224), scale=(0.7, 1.0), ratio=(0.75, 1.3333), interpolation=bilinear, antialias=True)", "size": [224, 224], "scale": [0.7, 1.0], "ratio": [0.75, 1.3333]}, "flip": {"kind": "RandomHorizontalFlip", "repr": "RandomHorizontalFlip(p=0.5)", "p": 0.5}, "normalize": {"mean": [0.485, 0.456, 0.406], "std": [0.229, 0.224, 0.225]}, "added_transform": {"name": "gaussian_blur", "type": "gaussian_blur", "params": {"kernel_size": 9, "sigma": [1.0, 2.0]}, "application_probability": 0.5}}
2026-08-26 10:21:50 | INFO    | cicps.train_policies | Seeding model initialisation from the master seed 42 so every policy starts identically.
2026-08-26 10:21:50 | INFO    | cicps.seeding | Re-seeded RNGs for this run with seed 42.
2026-08-26 10:21:50 | INFO    | cicps.factory | Built resnet18 (pretrained=True, weights=IMAGENET1K_V1, feature_dim=512, num_classes=200, params=11.28M).
2026-08-26 10:21:50 | INFO    | cicps.trainer | Train loader: 5394 images, batch_size=32, workers=4.
2026-08-26 10:21:50 | INFO    | cicps.trainer | Val loader: 600 images, batch_size=64, workers=4.
2026-08-26 10:21:50 | INFO    | cicps.train_policies | Handing the RNG to this policy's own stream (seed 1659421884) for shuffling and augmentation sampling.
2026-08-26 10:21:50 | INFO    | cicps.seeding | Re-seeded RNGs for this run with seed 1659421884.
2026-08-26 10:21:50 | INFO    | cicps.trainer | Training run 'baseline_gaussian_blur' for 20 epoch(s) on cuda (seed 1659421884).
2026-08-26 10:22:47 | INFO    | cicps.trainer | [baseline_gaussian_blur] epoch  1/20 | lr 3.00e-04 | train loss 3.9616 top1 0.1832 top5 0.4283 | val loss 2.8122 top1 0.3667 top5 0.6983 | 56.8s
2026-08-26 10:22:47 | INFO    | cicps.checkpoint | Saved checkpoint to D:\Projects\cicps-augmentation\outputs\experiment_0b\checkpoints\baseline_gaussian_blur\best.pt (epoch 0, train_loss=3.9616, train_top1=0.1832, train_top5=0.4283, val_loss=2.8122, val_top1=0.3667, val_top5=0.6983).
2026-08-26 10:22:48 | INFO    | cicps.checkpoint | Saved checkpoint to D:\Projects\cicps-augmentation\outputs\experiment_0b\checkpoints\baseline_gaussian_blur\last.pt (epoch 0, train_loss=3.9616, train_top1=0.1832, train_top5=0.4283, val_loss=2.8122, val_top1=0.3667, val_top5=0.6983).
2026-08-26 10:23:04 | INFO    | cicps.trainer | [baseline_gaussian_blur] epoch  2/20 | lr 3.00e-04 | train loss 2.1350 top1 0.5176 top5 0.8276 | val loss 2.1027 top1 0.4550 top5 0.7783 | 16.0s
2026-08-26 10:23:04 | INFO    | cicps.checkpoint | Saved checkpoint to D:\Projects\cicps-augmentation\outputs\experiment_0b\checkpoints\baseline_gaussian_blur\best.pt (epoch 1, train_loss=2.1350, train_top1=0.5176, train_top5=0.8276, val_loss=2.1027, val_top1=0.4550, val_top5=0.7783).
2026-08-26 10:23:04 | INFO    | cicps.checkpoint | Saved checkpoint to D:\Projects\cicps-augmentation\outputs\experiment_0b\checkpoints\baseline_gaussian_blur\last.pt (epoch 1, train_loss=2.1350, train_top1=0.5176, train_top5=0.8276, val_loss=2.1027, val_top1=0.4550, val_top5=0.7783).
2026-08-26 10:23:21 | INFO    | cicps.trainer | [baseline_gaussian_blur] epoch  3/20 | lr 2.98e-04 | train loss 1.3923 top1 0.6711 top5 0.9234 | val loss 1.5688 top1 0.5717 top5 0.8667 | 16.9s
2026-08-26 10:23:21 | INFO    | cicps.checkpoint | Saved checkpoint to D:\Projects\cicps-augmentation\outputs\experiment_0b\checkpoints\baseline_gaussian_blur\best.pt (epoch 2, train_loss=1.3923, train_top1=0.6711, train_top5=0.9234, val_loss=1.5688, val_top1=0.5717, val_top5=0.8667).
2026-08-26 10:23:22 | INFO    | cicps.checkpoint | Saved checkpoint to D:\Projects\cicps-augmentation\outputs\experiment_0b\checkpoints\baseline_gaussian_blur\last.pt (epoch 2, train_loss=1.3923, train_top1=0.6711, train_top5=0.9234, val_loss=1.5688, val_top1=0.5717, val_top5=0.8667).
2026-08-26 10:23:39 | INFO    | cicps.trainer | [baseline_gaussian_blur] epoch  4/20 | lr 2.92e-04 | train loss 0.9383 top1 0.7849 top5 0.9666 | val loss 1.4226 top1 0.6417 top5 0.8900 | 17.8s
2026-08-26 10:23:39 | INFO    | cicps.checkpoint | Saved checkpoint to D:\Projects\cicps-augmentation\outputs\experiment_0b\checkpoints\baseline_gaussian_blur\best.pt (epoch 3, train_loss=0.9383, train_top1=0.7849, train_top5=0.9666, val_loss=1.4226, val_top1=0.6417, val_top5=0.8900).
2026-08-26 10:23:40 | INFO    | cicps.checkpoint | Saved checkpoint to D:\Projects\cicps-augmentation\outputs\experiment_0b\checkpoints\baseline_gaussian_blur\last.pt (epoch 3, train_loss=0.9383, train_top1=0.7849, train_top5=0.9666, val_loss=1.4226, val_top1=0.6417, val_top5=0.8900).
2026-08-26 10:23:59 | INFO    | cicps.trainer | [baseline_gaussian_blur] epoch  5/20 | lr 2.82e-04 | train loss 0.6529 top1 0.8495 top5 0.9846 | val loss 1.3771 top1 0.6417 top5 0.8850 | 18.8s
2026-08-26 10:23:59 | INFO    | cicps.checkpoint | Saved checkpoint to D:\Projects\cicps-augmentation\outputs\experiment_0b\checkpoints\baseline_gaussian_blur\last.pt (epoch 4, train_loss=0.6529, train_top1=0.8495, train_top5=0.9846, val_loss=1.3771, val_top1=0.6417, val_top5=0.8850).
2026-08-26 10:24:18 | INFO    | cicps.trainer | [baseline_gaussian_blur] epoch  6/20 | lr 2.68e-04 | train loss 0.4528 top1 0.9097 top5 0.9946 | val loss 1.3547 top1 0.6500 top5 0.8967 | 18.9s
2026-08-26 10:24:18 | INFO    | cicps.checkpoint | Saved checkpoint to D:\Projects\cicps-augmentation\outputs\experiment_0b\checkpoints\baseline_gaussian_blur\best.pt (epoch 5, train_loss=0.4528, train_top1=0.9097, train_top5=0.9946, val_loss=1.3547, val_top1=0.6500, val_top5=0.8967).
2026-08-26 10:24:18 | INFO    | cicps.checkpoint | Saved checkpoint to D:\Projects\cicps-augmentation\outputs\experiment_0b\checkpoints\baseline_gaussian_blur\last.pt (epoch 5, train_loss=0.4528, train_top1=0.9097, train_top5=0.9946, val_loss=1.3547, val_top1=0.6500, val_top5=0.8967).
2026-08-26 10:28:23 | INFO    | cicps.trainer | [baseline_gaussian_blur] epoch  7/20 | lr 2.52e-04 | train loss 0.2947 top1 0.9472 top5 0.9974 | val loss 1.2691 top1 0.6600 top5 0.9017 | 244.5s
2026-08-26 10:28:23 | INFO    | cicps.checkpoint | Saved checkpoint to D:\Projects\cicps-augmentation\outputs\experiment_0b\checkpoints\baseline_gaussian_blur\best.pt (epoch 6, train_loss=0.2947, train_top1=0.9472, train_top5=0.9974, val_loss=1.2691, val_top1=0.6600, val_top5=0.9017).
2026-08-26 10:28:23 | INFO    | cicps.checkpoint | Saved checkpoint to D:\Projects\cicps-augmentation\outputs\experiment_0b\checkpoints\baseline_gaussian_blur\last.pt (epoch 6, train_loss=0.2947, train_top1=0.9472, train_top5=0.9974, val_loss=1.2691, val_top1=0.6600, val_top5=0.9017).
2026-08-26 10:28:40 | INFO    | cicps.trainer | [baseline_gaussian_blur] epoch  8/20 | lr 2.32e-04 | train loss 0.1958 top1 0.9690 top5 0.9993 | val loss 1.1430 top1 0.6967 top5 0.9283 | 16.9s
2026-08-26 10:28:41 | INFO    | cicps.checkpoint | Saved checkpoint to D:\Projects\cicps-augmentation\outputs\experiment_0b\checkpoints\baseline_gaussian_blur\best.pt (epoch 7, train_loss=0.1958, train_top1=0.9690, train_top5=0.9993, val_loss=1.1430, val_top1=0.6967, val_top5=0.9283).
2026-08-26 10:28:41 | INFO    | cicps.checkpoint | Saved checkpoint to D:\Projects\cicps-augmentation\outputs\experiment_0b\checkpoints\baseline_gaussian_blur\last.pt (epoch 7, train_loss=0.1958, train_top1=0.9690, train_top5=0.9993, val_loss=1.1430, val_top1=0.6967, val_top5=0.9283).
2026-08-26 10:28:57 | INFO    | cicps.trainer | [baseline_gaussian_blur] epoch  9/20 | lr 2.11e-04 | train loss 0.1269 top1 0.9835 top5 0.9994 | val loss 1.1148 top1 0.6967 top5 0.9217 | 16.3s
2026-08-26 10:28:57 | INFO    | cicps.checkpoint | Saved checkpoint to D:\Projects\cicps-augmentation\outputs\experiment_0b\checkpoints\baseline_gaussian_blur\last.pt (epoch 8, train_loss=0.1269, train_top1=0.9835, train_top5=0.9994, val_loss=1.1148, val_top1=0.6967, val_top5=0.9217).
2026-08-26 10:29:14 | INFO    | cicps.trainer | [baseline_gaussian_blur] epoch 10/20 | lr 1.87e-04 | train loss 0.0834 top1 0.9930 top5 0.9998 | val loss 1.0890 top1 0.7150 top5 0.9183 | 16.3s
2026-08-26 10:29:14 | INFO    | cicps.checkpoint | Saved checkpoint to D:\Projects\cicps-augmentation\outputs\experiment_0b\checkpoints\baseline_gaussian_blur\best.pt (epoch 9, train_loss=0.0834, train_top1=0.9930, train_top5=0.9998, val_loss=1.0890, val_top1=0.7150, val_top5=0.9183).
2026-08-26 10:29:14 | INFO    | cicps.checkpoint | Saved checkpoint to D:\Projects\cicps-augmentation\outputs\experiment_0b\checkpoints\baseline_gaussian_blur\last.pt (epoch 9, train_loss=0.0834, train_top1=0.9930, train_top5=0.9998, val_loss=1.0890, val_top1=0.7150, val_top5=0.9183).
2026-08-26 10:29:31 | INFO    | cicps.trainer | [baseline_gaussian_blur] epoch 11/20 | lr 1.63e-04 | train loss 0.0570 top1 0.9967 top5 0.9998 | val loss 1.0354 top1 0.7383 top5 0.9333 | 17.2s
2026-08-26 10:29:32 | INFO    | cicps.checkpoint | Saved checkpoint to D:\Projects\cicps-augmentation\outputs\experiment_0b\checkpoints\baseline_gaussian_blur\best.pt (epoch 10, train_loss=0.0570, train_top1=0.9967, train_top5=0.9998, val_loss=1.0354, val_top1=0.7383, val_top5=0.9333).
2026-08-26 10:29:32 | INFO    | cicps.checkpoint | Saved checkpoint to D:\Projects\cicps-augmentation\outputs\experiment_0b\checkpoints\baseline_gaussian_blur\last.pt (epoch 10, train_loss=0.0570, train_top1=0.9967, train_top5=0.9998, val_loss=1.0354, val_top1=0.7383, val_top5=0.9333).
2026-08-26 10:29:50 | INFO    | cicps.trainer | [baseline_gaussian_blur] epoch 12/20 | lr 1.38e-04 | train loss 0.0395 top1 0.9980 top5 1.0000 | val loss 1.0527 top1 0.7200 top5 0.9283 | 17.9s
2026-08-26 10:29:50 | INFO    | cicps.checkpoint | Saved checkpoint to D:\Projects\cicps-augmentation\outputs\experiment_0b\checkpoints\baseline_gaussian_blur\last.pt (epoch 11, train_loss=0.0395, train_top1=0.9980, train_top5=1.0000, val_loss=1.0527, val_top1=0.7200, val_top5=0.9283).
2026-08-26 10:30:08 | INFO    | cicps.trainer | [baseline_gaussian_blur] epoch 13/20 | lr 1.14e-04 | train loss 0.0355 top1 0.9985 top5 1.0000 | val loss 0.9915 top1 0.7483 top5 0.9333 | 18.2s
2026-08-26 10:30:08 | INFO    | cicps.checkpoint | Saved checkpoint to D:\Projects\cicps-augmentation\outputs\experiment_0b\checkpoints\baseline_gaussian_blur\best.pt (epoch 12, train_loss=0.0355, train_top1=0.9985, train_top5=1.0000, val_loss=0.9915, val_top1=0.7483, val_top5=0.9333).
2026-08-26 10:30:09 | INFO    | cicps.checkpoint | Saved checkpoint to D:\Projects\cicps-augmentation\outputs\experiment_0b\checkpoints\baseline_gaussian_blur\last.pt (epoch 12, train_loss=0.0355, train_top1=0.9985, train_top5=1.0000, val_loss=0.9915, val_top1=0.7483, val_top5=0.9333).
2026-08-26 10:30:27 | INFO    | cicps.trainer | [baseline_gaussian_blur] epoch 14/20 | lr 9.04e-05 | train loss 0.0247 top1 0.9996 top5 1.0000 | val loss 0.9824 top1 0.7500 top5 0.9267 | 18.2s
2026-08-26 10:30:27 | INFO    | cicps.checkpoint | Saved checkpoint to D:\Projects\cicps-augmentation\outputs\experiment_0b\checkpoints\baseline_gaussian_blur\best.pt (epoch 13, train_loss=0.0247, train_top1=0.9996, train_top5=1.0000, val_loss=0.9824, val_top1=0.7500, val_top5=0.9267).
2026-08-26 10:30:27 | INFO    | cicps.checkpoint | Saved checkpoint to D:\Projects\cicps-augmentation\outputs\experiment_0b\checkpoints\baseline_gaussian_blur\last.pt (epoch 13, train_loss=0.0247, train_top1=0.9996, train_top5=1.0000, val_loss=0.9824, val_top1=0.7500, val_top5=0.9267).
2026-08-26 10:30:47 | INFO    | cicps.trainer | [baseline_gaussian_blur] epoch 15/20 | lr 6.87e-05 | train loss 0.0199 top1 1.0000 top5 1.0000 | val loss 0.9868 top1 0.7550 top5 0.9217 | 20.0s
2026-08-26 10:30:48 | INFO    | cicps.checkpoint | Saved checkpoint to D:\Projects\cicps-augmentation\outputs\experiment_0b\checkpoints\baseline_gaussian_blur\best.pt (epoch 14, train_loss=0.0199, train_top1=1.0000, train_top5=1.0000, val_loss=0.9868, val_top1=0.7550, val_top5=0.9217).
2026-08-26 10:30:48 | INFO    | cicps.checkpoint | Saved checkpoint to D:\Projects\cicps-augmentation\outputs\experiment_0b\checkpoints\baseline_gaussian_blur\last.pt (epoch 14, train_loss=0.0199, train_top1=1.0000, train_top5=1.0000, val_loss=0.9868, val_top1=0.7550, val_top5=0.9217).
2026-08-26 10:31:06 | INFO    | cicps.trainer | [baseline_gaussian_blur] epoch 16/20 | lr 4.92e-05 | train loss 0.0168 top1 1.0000 top5 1.0000 | val loss 0.9886 top1 0.7500 top5 0.9300 | 18.5s
2026-08-26 10:31:07 | INFO    | cicps.checkpoint | Saved checkpoint to D:\Projects\cicps-augmentation\outputs\experiment_0b\checkpoints\baseline_gaussian_blur\last.pt (epoch 15, train_loss=0.0168, train_top1=1.0000, train_top5=1.0000, val_loss=0.9886, val_top1=0.7500, val_top5=0.9300).
2026-08-26 10:31:25 | INFO    | cicps.trainer | [baseline_gaussian_blur] epoch 17/20 | lr 3.25e-05 | train loss 0.0161 top1 0.9998 top5 1.0000 | val loss 0.9804 top1 0.7433 top5 0.9317 | 18.1s
2026-08-26 10:31:25 | INFO    | cicps.checkpoint | Saved checkpoint to D:\Projects\cicps-augmentation\outputs\experiment_0b\checkpoints\baseline_gaussian_blur\last.pt (epoch 16, train_loss=0.0161, train_top1=0.9998, train_top5=1.0000, val_loss=0.9804, val_top1=0.7433, val_top5=0.9317).
2026-08-26 10:31:44 | INFO    | cicps.trainer | [baseline_gaussian_blur] epoch 18/20 | lr 1.90e-05 | train loss 0.0146 top1 0.9996 top5 1.0000 | val loss 0.9724 top1 0.7650 top5 0.9317 | 19.5s
2026-08-26 10:31:45 | INFO    | cicps.checkpoint | Saved checkpoint to D:\Projects\cicps-augmentation\outputs\experiment_0b\checkpoints\baseline_gaussian_blur\best.pt (epoch 17, train_loss=0.0146, train_top1=0.9996, train_top5=1.0000, val_loss=0.9724, val_top1=0.7650, val_top5=0.9317).
2026-08-26 10:31:45 | INFO    | cicps.checkpoint | Saved checkpoint to D:\Projects\cicps-augmentation\outputs\experiment_0b\checkpoints\baseline_gaussian_blur\last.pt (epoch 17, train_loss=0.0146, train_top1=0.9996, train_top5=1.0000, val_loss=0.9724, val_top1=0.7650, val_top5=0.9317).
2026-08-26 10:32:04 | INFO    | cicps.trainer | [baseline_gaussian_blur] epoch 19/20 | lr 9.10e-06 | train loss 0.0149 top1 0.9998 top5 1.0000 | val loss 0.9638 top1 0.7700 top5 0.9367 | 18.7s
2026-08-26 10:32:04 | INFO    | cicps.checkpoint | Saved checkpoint to D:\Projects\cicps-augmentation\outputs\experiment_0b\checkpoints\baseline_gaussian_blur\best.pt (epoch 18, train_loss=0.0149, train_top1=0.9998, train_top5=1.0000, val_loss=0.9638, val_top1=0.7700, val_top5=0.9367).
2026-08-26 10:32:04 | INFO    | cicps.checkpoint | Saved checkpoint to D:\Projects\cicps-augmentation\outputs\experiment_0b\checkpoints\baseline_gaussian_blur\last.pt (epoch 18, train_loss=0.0149, train_top1=0.9998, train_top5=1.0000, val_loss=0.9638, val_top1=0.7700, val_top5=0.9367).
2026-08-26 10:32:23 | INFO    | cicps.trainer | [baseline_gaussian_blur] epoch 20/20 | lr 3.04e-06 | train loss 0.0147 top1 0.9998 top5 1.0000 | val loss 0.9698 top1 0.7600 top5 0.9350 | 19.0s
2026-08-26 10:32:23 | INFO    | cicps.checkpoint | Saved checkpoint to D:\Projects\cicps-augmentation\outputs\experiment_0b\checkpoints\baseline_gaussian_blur\last.pt (epoch 19, train_loss=0.0147, train_top1=0.9998, train_top5=1.0000, val_loss=0.9698, val_top1=0.7600, val_top5=0.9350).
2026-08-26 10:32:23 | INFO    | cicps.trainer | Wrote training history to D:\Projects\cicps-augmentation\outputs\experiment_0b\logs\history\baseline_gaussian_blur.csv
2026-08-26 10:32:23 | INFO    | cicps.trainer | [baseline_gaussian_blur] best val_top1 = 0.7700 at epoch 19; best checkpoint: D:\Projects\cicps-augmentation\outputs\experiment_0b\checkpoints\baseline_gaussian_blur\best.pt
2026-08-26 10:32:25 | INFO    | cicps.train_policies | === policy 6/6: baseline_random_erasing === baseline + random_erasing(p=0.5, params={'scale': [0.05, 0.2], 'ratio': [0.3, 3.3], 'value': 0.0})
2026-08-26 10:32:25 | INFO    | cicps | Also logging this run to D:\Projects\cicps-augmentation\outputs\experiment_0b\logs\train_baseline_random_erasing.log
2026-08-26 10:32:25 | INFO    | cicps.train_policies | policy       : baseline_random_erasing
2026-08-26 10:32:25 | INFO    | cicps.train_policies | description  : Standard recipe plus Experiment 0A's random erasing.
2026-08-26 10:32:25 | INFO    | cicps.train_policies | audit link   : random_erasing
2026-08-26 10:32:25 | INFO    | cicps.train_policies | master seed  : 42 -> resolved policy seed 1505275385
2026-08-26 10:32:25 | INFO    | cicps.train_policies | device       : cuda
2026-08-26 10:32:25 | INFO    | cicps.train_policies | split        : fingerprint 2c3a0390542d2a57 (seed 42)
2026-08-26 10:32:25 | INFO    | cicps.train_policies | train / val  : 5394 / 600 images
2026-08-26 10:32:25 | INFO    | cicps.train_policies | architecture : resnet18 (weights IMAGENET1K_V1, pretrained=True)
2026-08-26 10:32:25 | INFO    | cicps.train_policies | optimizer    : adamw lr=0.0003 weight_decay=0.05
2026-08-26 10:32:25 | INFO    | cicps.train_policies | scheduler    : cosine (warmup 1 epochs, min_lr 1e-06)
2026-08-26 10:32:25 | INFO    | cicps.train_policies | budget       : 20 epochs, batch_size 32, monitor val_top1 (max)
2026-08-26 10:32:25 | INFO    | cicps.train_policies | pipeline     : {"crop": {"kind": "RandomResizedCrop", "repr": "RandomResizedCrop(size=(224, 224), scale=(0.7, 1.0), ratio=(0.75, 1.3333), interpolation=bilinear, antialias=True)", "size": [224, 224], "scale": [0.7, 1.0], "ratio": [0.75, 1.3333]}, "flip": {"kind": "RandomHorizontalFlip", "repr": "RandomHorizontalFlip(p=0.5)", "p": 0.5}, "normalize": {"mean": [0.485, 0.456, 0.406], "std": [0.229, 0.224, 0.225]}, "added_transform": {"name": "random_erasing", "type": "random_erasing", "params": {"scale": [0.05, 0.2], "ratio": [0.3, 3.3], "value": 0.0}, "application_probability": 0.5}}
2026-08-26 10:32:25 | INFO    | cicps.train_policies | Seeding model initialisation from the master seed 42 so every policy starts identically.
2026-08-26 10:32:25 | INFO    | cicps.seeding | Re-seeded RNGs for this run with seed 42.
2026-08-26 10:32:26 | INFO    | cicps.factory | Built resnet18 (pretrained=True, weights=IMAGENET1K_V1, feature_dim=512, num_classes=200, params=11.28M).
2026-08-26 10:32:26 | INFO    | cicps.trainer | Train loader: 5394 images, batch_size=32, workers=4.
2026-08-26 10:32:26 | INFO    | cicps.trainer | Val loader: 600 images, batch_size=64, workers=4.
2026-08-26 10:32:26 | INFO    | cicps.train_policies | Handing the RNG to this policy's own stream (seed 1505275385) for shuffling and augmentation sampling.
2026-08-26 10:32:26 | INFO    | cicps.seeding | Re-seeded RNGs for this run with seed 1505275385.
2026-08-26 10:32:26 | INFO    | cicps.trainer | Training run 'baseline_random_erasing' for 20 epoch(s) on cuda (seed 1505275385).
2026-08-26 10:33:23 | INFO    | cicps.trainer | [baseline_random_erasing] epoch  1/20 | lr 3.00e-04 | train loss 3.9863 top1 0.1880 top5 0.4169 | val loss 2.7900 top1 0.3150 top5 0.6767 | 57.5s
2026-08-26 10:33:23 | INFO    | cicps.checkpoint | Saved checkpoint to D:\Projects\cicps-augmentation\outputs\experiment_0b\checkpoints\baseline_random_erasing\best.pt (epoch 0, train_loss=3.9863, train_top1=0.1880, train_top5=0.4169, val_loss=2.7900, val_top1=0.3150, val_top5=0.6767).
2026-08-26 10:33:24 | INFO    | cicps.checkpoint | Saved checkpoint to D:\Projects\cicps-augmentation\outputs\experiment_0b\checkpoints\baseline_random_erasing\last.pt (epoch 0, train_loss=3.9863, train_top1=0.1880, train_top5=0.4169, val_loss=2.7900, val_top1=0.3150, val_top5=0.6767).
2026-08-26 10:33:39 | INFO    | cicps.trainer | [baseline_random_erasing] epoch  2/20 | lr 3.00e-04 | train loss 2.2593 top1 0.4848 top5 0.8020 | val loss 1.9056 top1 0.5200 top5 0.8467 | 14.9s
2026-08-26 10:33:39 | INFO    | cicps.checkpoint | Saved checkpoint to D:\Projects\cicps-augmentation\outputs\experiment_0b\checkpoints\baseline_random_erasing\best.pt (epoch 1, train_loss=2.2593, train_top1=0.4848, train_top5=0.8020, val_loss=1.9056, val_top1=0.5200, val_top5=0.8467).
2026-08-26 10:33:39 | INFO    | cicps.checkpoint | Saved checkpoint to D:\Projects\cicps-augmentation\outputs\experiment_0b\checkpoints\baseline_random_erasing\last.pt (epoch 1, train_loss=2.2593, train_top1=0.4848, train_top5=0.8020, val_loss=1.9056, val_top1=0.5200, val_top5=0.8467).
2026-08-26 10:33:56 | INFO    | cicps.trainer | [baseline_random_erasing] epoch  3/20 | lr 2.98e-04 | train loss 1.5666 top1 0.6327 top5 0.8910 | val loss 1.6635 top1 0.5600 top5 0.8567 | 16.7s
2026-08-26 10:33:56 | INFO    | cicps.checkpoint | Saved checkpoint to D:\Projects\cicps-augmentation\outputs\experiment_0b\checkpoints\baseline_random_erasing\best.pt (epoch 2, train_loss=1.5666, train_top1=0.6327, train_top5=0.8910, val_loss=1.6635, val_top1=0.5600, val_top5=0.8567).
2026-08-26 10:33:57 | INFO    | cicps.checkpoint | Saved checkpoint to D:\Projects\cicps-augmentation\outputs\experiment_0b\checkpoints\baseline_random_erasing\last.pt (epoch 2, train_loss=1.5666, train_top1=0.6327, train_top5=0.8910, val_loss=1.6635, val_top1=0.5600, val_top5=0.8567).
2026-08-26 10:34:15 | INFO    | cicps.trainer | [baseline_random_erasing] epoch  4/20 | lr 2.92e-04 | train loss 1.1764 top1 0.7176 top5 0.9296 | val loss 1.5170 top1 0.6300 top5 0.8633 | 18.1s
2026-08-26 10:34:15 | INFO    | cicps.checkpoint | Saved checkpoint to D:\Projects\cicps-augmentation\outputs\experiment_0b\checkpoints\baseline_random_erasing\best.pt (epoch 3, train_loss=1.1764, train_top1=0.7176, train_top5=0.9296, val_loss=1.5170, val_top1=0.6300, val_top5=0.8633).
2026-08-26 10:34:15 | INFO    | cicps.checkpoint | Saved checkpoint to D:\Projects\cicps-augmentation\outputs\experiment_0b\checkpoints\baseline_random_erasing\last.pt (epoch 3, train_loss=1.1764, train_top1=0.7176, train_top5=0.9296, val_loss=1.5170, val_top1=0.6300, val_top5=0.8633).
2026-08-26 10:34:34 | INFO    | cicps.trainer | [baseline_random_erasing] epoch  5/20 | lr 2.82e-04 | train loss 0.8902 top1 0.7953 top5 0.9579 | val loss 1.5968 top1 0.5867 top5 0.8550 | 18.8s
2026-08-26 10:34:34 | INFO    | cicps.checkpoint | Saved checkpoint to D:\Projects\cicps-augmentation\outputs\experiment_0b\checkpoints\baseline_random_erasing\last.pt (epoch 4, train_loss=0.8902, train_top1=0.7953, train_top5=0.9579, val_loss=1.5968, val_top1=0.5867, val_top5=0.8550).
2026-08-26 10:34:54 | INFO    | cicps.trainer | [baseline_random_erasing] epoch  6/20 | lr 2.68e-04 | train loss 0.6863 top1 0.8471 top5 0.9705 | val loss 1.3417 top1 0.6233 top5 0.8833 | 19.5s
2026-08-26 10:34:54 | INFO    | cicps.checkpoint | Saved checkpoint to D:\Projects\cicps-augmentation\outputs\experiment_0b\checkpoints\baseline_random_erasing\last.pt (epoch 5, train_loss=0.6863, train_top1=0.8471, train_top5=0.9705, val_loss=1.3417, val_top1=0.6233, val_top5=0.8833).
2026-08-26 10:35:13 | INFO    | cicps.trainer | [baseline_random_erasing] epoch  7/20 | lr 2.52e-04 | train loss 0.5333 top1 0.8836 top5 0.9800 | val loss 1.5351 top1 0.6067 top5 0.8500 | 18.7s
2026-08-26 10:35:13 | INFO    | cicps.checkpoint | Saved checkpoint to D:\Projects\cicps-augmentation\outputs\experiment_0b\checkpoints\baseline_random_erasing\last.pt (epoch 6, train_loss=0.5333, train_top1=0.8836, train_top5=0.9800, val_loss=1.5351, val_top1=0.6067, val_top5=0.8500).
2026-08-26 10:35:32 | INFO    | cicps.trainer | [baseline_random_erasing] epoch  8/20 | lr 2.32e-04 | train loss 0.4500 top1 0.9069 top5 0.9833 | val loss 1.3141 top1 0.6467 top5 0.9067 | 19.2s
2026-08-26 10:35:32 | INFO    | cicps.checkpoint | Saved checkpoint to D:\Projects\cicps-augmentation\outputs\experiment_0b\checkpoints\baseline_random_erasing\best.pt (epoch 7, train_loss=0.4500, train_top1=0.9069, train_top5=0.9833, val_loss=1.3141, val_top1=0.6467, val_top5=0.9067).
2026-08-26 10:35:32 | INFO    | cicps.checkpoint | Saved checkpoint to D:\Projects\cicps-augmentation\outputs\experiment_0b\checkpoints\baseline_random_erasing\last.pt (epoch 7, train_loss=0.4500, train_top1=0.9069, train_top5=0.9833, val_loss=1.3141, val_top1=0.6467, val_top5=0.9067).
2026-08-26 10:35:52 | INFO    | cicps.trainer | [baseline_random_erasing] epoch  9/20 | lr 2.11e-04 | train loss 0.3436 top1 0.9299 top5 0.9876 | val loss 1.2385 top1 0.6700 top5 0.8883 | 19.1s
2026-08-26 10:35:52 | INFO    | cicps.checkpoint | Saved checkpoint to D:\Projects\cicps-augmentation\outputs\experiment_0b\checkpoints\baseline_random_erasing\best.pt (epoch 8, train_loss=0.3436, train_top1=0.9299, train_top5=0.9876, val_loss=1.2385, val_top1=0.6700, val_top5=0.8883).
2026-08-26 10:35:52 | INFO    | cicps.checkpoint | Saved checkpoint to D:\Projects\cicps-augmentation\outputs\experiment_0b\checkpoints\baseline_random_erasing\last.pt (epoch 8, train_loss=0.3436, train_top1=0.9299, train_top5=0.9876, val_loss=1.2385, val_top1=0.6700, val_top5=0.8883).
2026-08-26 10:36:11 | INFO    | cicps.trainer | [baseline_random_erasing] epoch 10/20 | lr 1.87e-04 | train loss 0.2611 top1 0.9503 top5 0.9913 | val loss 1.1545 top1 0.6933 top5 0.9267 | 19.0s
2026-08-26 10:36:12 | INFO    | cicps.checkpoint | Saved checkpoint to D:\Projects\cicps-augmentation\outputs\experiment_0b\checkpoints\baseline_random_erasing\best.pt (epoch 9, train_loss=0.2611, train_top1=0.9503, train_top5=0.9913, val_loss=1.1545, val_top1=0.6933, val_top5=0.9267).
2026-08-26 10:36:12 | INFO    | cicps.checkpoint | Saved checkpoint to D:\Projects\cicps-augmentation\outputs\experiment_0b\checkpoints\baseline_random_erasing\last.pt (epoch 9, train_loss=0.2611, train_top1=0.9503, train_top5=0.9913, val_loss=1.1545, val_top1=0.6933, val_top5=0.9267).
2026-08-26 10:36:31 | INFO    | cicps.trainer | [baseline_random_erasing] epoch 11/20 | lr 1.63e-04 | train loss 0.2133 top1 0.9601 top5 0.9924 | val loss 1.1169 top1 0.7167 top5 0.9117 | 19.1s
2026-08-26 10:36:31 | INFO    | cicps.checkpoint | Saved checkpoint to D:\Projects\cicps-augmentation\outputs\experiment_0b\checkpoints\baseline_random_erasing\best.pt (epoch 10, train_loss=0.2133, train_top1=0.9601, train_top5=0.9924, val_loss=1.1169, val_top1=0.7167, val_top5=0.9117).
2026-08-26 10:36:31 | INFO    | cicps.checkpoint | Saved checkpoint to D:\Projects\cicps-augmentation\outputs\experiment_0b\checkpoints\baseline_random_erasing\last.pt (epoch 10, train_loss=0.2133, train_top1=0.9601, train_top5=0.9924, val_loss=1.1169, val_top1=0.7167, val_top5=0.9117).
2026-08-26 10:36:51 | INFO    | cicps.trainer | [baseline_random_erasing] epoch 12/20 | lr 1.38e-04 | train loss 0.1908 top1 0.9646 top5 0.9954 | val loss 1.0905 top1 0.7117 top5 0.9217 | 19.3s
2026-08-26 10:36:51 | INFO    | cicps.checkpoint | Saved checkpoint to D:\Projects\cicps-augmentation\outputs\experiment_0b\checkpoints\baseline_random_erasing\last.pt (epoch 11, train_loss=0.1908, train_top1=0.9646, train_top5=0.9954, val_loss=1.0905, val_top1=0.7117, val_top5=0.9217).
2026-08-26 10:37:10 | INFO    | cicps.trainer | [baseline_random_erasing] epoch 13/20 | lr 1.14e-04 | train loss 0.1553 top1 0.9729 top5 0.9946 | val loss 1.0268 top1 0.7283 top5 0.9267 | 19.4s
2026-08-26 10:37:11 | INFO    | cicps.checkpoint | Saved checkpoint to D:\Projects\cicps-augmentation\outputs\experiment_0b\checkpoints\baseline_random_erasing\best.pt (epoch 12, train_loss=0.1553, train_top1=0.9729, train_top5=0.9946, val_loss=1.0268, val_top1=0.7283, val_top5=0.9267).
2026-08-26 10:37:11 | INFO    | cicps.checkpoint | Saved checkpoint to D:\Projects\cicps-augmentation\outputs\experiment_0b\checkpoints\baseline_random_erasing\last.pt (epoch 12, train_loss=0.1553, train_top1=0.9729, train_top5=0.9946, val_loss=1.0268, val_top1=0.7283, val_top5=0.9267).
2026-08-26 10:37:30 | INFO    | cicps.trainer | [baseline_random_erasing] epoch 14/20 | lr 9.04e-05 | train loss 0.1378 top1 0.9739 top5 0.9959 | val loss 1.0249 top1 0.7300 top5 0.9200 | 19.3s
2026-08-26 10:37:30 | INFO    | cicps.checkpoint | Saved checkpoint to D:\Projects\cicps-augmentation\outputs\experiment_0b\checkpoints\baseline_random_erasing\best.pt (epoch 13, train_loss=0.1378, train_top1=0.9739, train_top5=0.9959, val_loss=1.0249, val_top1=0.7300, val_top5=0.9200).
2026-08-26 10:37:31 | INFO    | cicps.checkpoint | Saved checkpoint to D:\Projects\cicps-augmentation\outputs\experiment_0b\checkpoints\baseline_random_erasing\last.pt (epoch 13, train_loss=0.1378, train_top1=0.9739, train_top5=0.9959, val_loss=1.0249, val_top1=0.7300, val_top5=0.9200).
2026-08-26 10:37:50 | INFO    | cicps.trainer | [baseline_random_erasing] epoch 15/20 | lr 6.87e-05 | train loss 0.1173 top1 0.9802 top5 0.9965 | val loss 1.0140 top1 0.7400 top5 0.9317 | 19.5s
2026-08-26 10:37:50 | INFO    | cicps.checkpoint | Saved checkpoint to D:\Projects\cicps-augmentation\outputs\experiment_0b\checkpoints\baseline_random_erasing\best.pt (epoch 14, train_loss=0.1173, train_top1=0.9802, train_top5=0.9965, val_loss=1.0140, val_top1=0.7400, val_top5=0.9317).
2026-08-26 10:37:51 | INFO    | cicps.checkpoint | Saved checkpoint to D:\Projects\cicps-augmentation\outputs\experiment_0b\checkpoints\baseline_random_erasing\last.pt (epoch 14, train_loss=0.1173, train_top1=0.9802, train_top5=0.9965, val_loss=1.0140, val_top1=0.7400, val_top5=0.9317).
2026-08-26 10:38:10 | INFO    | cicps.trainer | [baseline_random_erasing] epoch 16/20 | lr 4.92e-05 | train loss 0.1006 top1 0.9820 top5 0.9965 | val loss 1.0170 top1 0.7200 top5 0.9250 | 19.4s
2026-08-26 10:38:10 | INFO    | cicps.checkpoint | Saved checkpoint to D:\Projects\cicps-augmentation\outputs\experiment_0b\checkpoints\baseline_random_erasing\last.pt (epoch 15, train_loss=0.1006, train_top1=0.9820, train_top5=0.9965, val_loss=1.0170, val_top1=0.7200, val_top5=0.9250).
2026-08-26 10:38:30 | INFO    | cicps.trainer | [baseline_random_erasing] epoch 17/20 | lr 3.25e-05 | train loss 0.0985 top1 0.9846 top5 0.9965 | val loss 0.9825 top1 0.7333 top5 0.9250 | 19.5s
2026-08-26 10:38:30 | INFO    | cicps.checkpoint | Saved checkpoint to D:\Projects\cicps-augmentation\outputs\experiment_0b\checkpoints\baseline_random_erasing\last.pt (epoch 16, train_loss=0.0985, train_top1=0.9846, train_top5=0.9965, val_loss=0.9825, val_top1=0.7333, val_top5=0.9250).
2026-08-26 10:38:50 | INFO    | cicps.trainer | [baseline_random_erasing] epoch 18/20 | lr 1.90e-05 | train loss 0.0900 top1 0.9861 top5 0.9968 | val loss 0.9856 top1 0.7483 top5 0.9317 | 19.6s
2026-08-26 10:38:50 | INFO    | cicps.checkpoint | Saved checkpoint to D:\Projects\cicps-augmentation\outputs\experiment_0b\checkpoints\baseline_random_erasing\best.pt (epoch 17, train_loss=0.0900, train_top1=0.9861, train_top5=0.9968, val_loss=0.9856, val_top1=0.7483, val_top5=0.9317).
2026-08-26 10:38:50 | INFO    | cicps.checkpoint | Saved checkpoint to D:\Projects\cicps-augmentation\outputs\experiment_0b\checkpoints\baseline_random_erasing\last.pt (epoch 17, train_loss=0.0900, train_top1=0.9861, train_top5=0.9968, val_loss=0.9856, val_top1=0.7483, val_top5=0.9317).
2026-08-26 10:39:10 | INFO    | cicps.trainer | [baseline_random_erasing] epoch 19/20 | lr 9.10e-06 | train loss 0.0821 top1 0.9865 top5 0.9983 | val loss 0.9803 top1 0.7583 top5 0.9267 | 19.6s
2026-08-26 10:39:10 | INFO    | cicps.checkpoint | Saved checkpoint to D:\Projects\cicps-augmentation\outputs\experiment_0b\checkpoints\baseline_random_erasing\best.pt (epoch 18, train_loss=0.0821, train_top1=0.9865, train_top5=0.9983, val_loss=0.9803, val_top1=0.7583, val_top5=0.9267).
2026-08-26 10:39:10 | INFO    | cicps.checkpoint | Saved checkpoint to D:\Projects\cicps-augmentation\outputs\experiment_0b\checkpoints\baseline_random_erasing\last.pt (epoch 18, train_loss=0.0821, train_top1=0.9865, train_top5=0.9983, val_loss=0.9803, val_top1=0.7583, val_top5=0.9267).
2026-08-26 10:39:30 | INFO    | cicps.trainer | [baseline_random_erasing] epoch 20/20 | lr 3.04e-06 | train loss 0.0774 top1 0.9892 top5 0.9980 | val loss 0.9792 top1 0.7567 top5 0.9283 | 19.6s
2026-08-26 10:39:30 | INFO    | cicps.checkpoint | Saved checkpoint to D:\Projects\cicps-augmentation\outputs\experiment_0b\checkpoints\baseline_random_erasing\last.pt (epoch 19, train_loss=0.0774, train_top1=0.9892, train_top5=0.9980, val_loss=0.9792, val_top1=0.7567, val_top5=0.9283).
2026-08-26 10:39:30 | INFO    | cicps.trainer | Wrote training history to D:\Projects\cicps-augmentation\outputs\experiment_0b\logs\history\baseline_random_erasing.csv
2026-08-26 10:39:30 | INFO    | cicps.trainer | [baseline_random_erasing] best val_top1 = 0.7583 at epoch 19; best checkpoint: D:\Projects\cicps-augmentation\outputs\experiment_0b\checkpoints\baseline_random_erasing\best.pt
2026-08-26 10:39:32 | INFO    | cicps.train_policies | Wrote 6 policy run row(s) to D:\Projects\cicps-augmentation\outputs\experiment_0b\logs\train_runs.csv
2026-08-26 10:39:32 | INFO    | cicps.train_policies | Wrote resolved configuration manifest to D:\Projects\cicps-augmentation\outputs\experiment_0b\manifests\resolved_config.json
2026-08-26 10:39:32 | INFO    | cicps.train_policies | Policy sweep complete (6 run(s)):
2026-08-26 10:39:32 | INFO    | cicps.train_policies |   baseline                     seed 1880975077   best epoch 14 | val top1 0.7817 top5 0.9300 loss 0.9187
2026-08-26 10:39:32 | INFO    | cicps.train_policies |   baseline_color_jitter        seed 503065231    best epoch 16 | val top1 0.7383 top5 0.9183 loss 1.0069
2026-08-26 10:39:32 | INFO    | cicps.train_policies |   baseline_rotation            seed 69590260     best epoch 15 | val top1 0.7600 top5 0.9383 loss 0.9710
2026-08-26 10:39:32 | INFO    | cicps.train_policies |   baseline_crop                seed 1179721965   best epoch 19 | val top1 0.7867 top5 0.9417 loss 0.8733
2026-08-26 10:39:32 | INFO    | cicps.train_policies |   baseline_gaussian_blur       seed 1659421884   best epoch 19 | val top1 0.7700 top5 0.9367 loss 0.9638
2026-08-26 10:39:32 | INFO    | cicps.train_policies |   baseline_random_erasing      seed 1505275385   best epoch 19 | val top1 0.7583 top5 0.9267 loss 0.9803
